day,month,year,date,FWI,target_ge_35,temperature,rh,ws,precip,cloud_cover_mean,shortwave_radiation_sum,et0_fao_evapotranspiration,soil_moisture_0_to_7cm_mean,dayofyear,doy_sin,doy_cos,month_sin,month_cos,es,vpd,fuel_drying_rate,hdw,wind_squared,dew_point,precip_sum_3d,precip_sum_7d,precip_sum_30d,t_mean_3d,t_mean_7d,rh_min_3d,rh_min_7d,rh_mean_3d,rh_mean_7d,ws_mean_3d,ws_mean_7d,ws_max_3d,ws_max_7d,ewma_t,ewma_rh,ewma_precip,consecutive_dry_days,days_since_last_rain
1,5,2012,5/1/2012,13.124349,0,25.3,35,5.1,0,2,27.1,5.13,0.306,122,0.866025404,-0.5,0.5,-0.866025404,3.224827591,2.096137934,16.445,10.69030346,26.01,12.3,,,,,,,,,,,,,,,,,1,1
2,5,2012,5/2/2012,14.190755,0,25.9,37,6.1,0,36,26.86,5.28,0.297,123,0.857314628,-0.514792802,0.5,-0.866025404,3.341620215,2.105220736,16.317,12.84184649,37.21,13.3,0,0,0,25.3,25.3,35,35,35,35,5.1,5.1,5.1,5.1,25.3,35,0,2,2
3,5,2012,5/3/2012,14.9557295,0,25.4,34,9.4,0,82,24.78,4.86,0.287,124,0.848351198,-0.529433891,0.5,-0.866025404,3.244042238,2.141067877,16.764,20.12603805,88.36,12.2,0,0,0,25.6,25.6,35,35,36,36,5.6,5.6,6.1,6.1,25.48,36,0,3,3
4,5,2012,5/4/2012,12.55013,0,23.9,53,4.8,0,71,25.39,4.68,0.28,125,0.839137755,-0.543918954,0.5,-0.866025404,2.966054202,1.394045475,11.233,6.691418279,23.04,14.5,0,0,0,25.53333333,25.53333333,34,34,35.33333333,35.33333333,6.866666667,6.866666667,9.4,9.4,25.456,35,0,4,4
5,5,2012,5/5/2012,14.922526,0,23.5,52,9.8,0,79,22,4.03,0.276,126,0.829677014,-0.558243722,0.5,-0.866025404,2.895530773,1.389854771,11.28,13.62057676,96.04,13.9,0,0,0,25.06666667,25.125,34,34,41.33333333,39.75,6.766666667,6.35,9.4,9.4,24.9892,44,0,5,5
6,5,2012,5/6/2012,10.433594,0,22,56,8.7,1,79,20.51,3.63,0.28,127,0.819971763,-0.572403973,0.5,-0.866025404,2.643931192,1.163329725,9.68,10.1209686,75.69,13.2,0,0,0,24.26666667,24.8,34,34,46.33333333,42.2,8,7.04,9.8,9.8,24.54244,48,0,6,6
7,5,2012,5/7/2012,7.0566406,0,22.3,61,9.2,1.9,60,23.45,4.23,0.282,128,0.810024863,-0.586395533,0.5,-0.866025404,2.692664553,1.050139176,8.697,9.661280416,84.64,14.5,1,1,1,23.13333333,24.33333333,52,34,53.66666667,44.5,7.766666667,7.316666667,9.8,9.8,23.779708,52,0.7,0,0
8,5,2012,5/8/2012,9.3880205,0,23.7,48,4.3,0,17,26.26,4.83,0.274,129,0.799839245,-0.600214281,0.5,-0.866025404,2.930607375,1.523915835,12.324,6.55283809,18.49,13.3,2.9,2.9,2.9,22.6,24.04285714,52,34,56.33333333,46.85714286,9.233333333,7.585714286,9.8,9.8,23.3357956,56.5,1.54,0,0
9,5,2012,5/9/2012,11.842448,0,24.6,50,4.7,0,29,25.16,4.74,0.264,130,0.78941791,-0.613856142,0.5,-0.866025404,3.09308133,1.546540665,12.3,7.268741124,22.09,14.6,2.9,2.9,2.9,22.66666667,23.81428571,48,34,55,48.71428571,7.4,7.471428571,9.2,9.8,23.44505692,52.25,0.462,1,1
10,5,2012,5/10/2012,12.19987,0,23.6,60,6.3,0,88,21.39,3.99,0.259,131,0.778763931,-0.627317097,0.5,-0.866025404,2.913023,1.1652092,9.44,7.340817961,39.69,15.6,1.9,2.9,2.9,23.53333333,23.62857143,48,34,53,50.57142857,6.066666667,7.271428571,9.2,9.8,23.79153984,51.125,0.1386,2,2
11,5,2012,5/11/2012,7.578776,0,21.6,62,4.9,0.9,93,14.61,2.76,0.275,132,0.767880446,-0.640593179,0.5,-0.866025404,2.580152726,0.980458036,8.208,4.804244376,24.01,14,0,2.9,2.9,23.96666667,23.37142857,48,48,52.66666667,54.28571429,5.1,6.828571429,6.3,9.8,23.73407789,55.5625,0.04158,3,3
12,5,2012,5/12/2012,5.219401,0,23.3,58,3.9,5.8,82,18.86,3.44,0.322,133,0.756770663,-0.653680475,0.5,-0.866025404,2.86082113,1.201544874,9.786,4.68602501,15.21,14.9,0.9,3.8,3.8,23.26666667,23.04285714,50,48,57.33333333,55.57142857,5.3,6.842857143,6.3,9.8,23.09385452,58.78125,0.642474,0,0
13,5,2012,5/13/2012,1.625651,0,20.7,75,5.9,4,93,15.99,2.83,0.336,134,0.745437857,-0.666575128,0.5,-0.866025404,2.441543871,0.610385968,5.175,3.60127721,34.81,15.7,6.7,9.6,9.6,22.83333333,23.01428571,58,48,60,56.42857143,5.033333333,6,6.3,9.2,23.15569817,58.390625,4.2527422,0,0
14,5,2012,5/14/2012,0.8463542,0,18,81,8.5,5.1,95,11.54,1.99,0.356,135,0.733885366,-0.679273339,0.5,-0.866025404,2.063989203,0.392157949,3.42,3.333342562,72.25,14.2,10.7,12.6,13.6,21.86666667,22.82857143,58,48,65,59.14285714,4.9,5.6,5.9,9.2,22.41898872,66.6953125,4.07582266,0,0
15,5,2012,5/15/2012,1.9414062,0,23.4,50,5.9,3.1,67,22.82,4.24,0.346,136,0.722116597,-0.691771365,0.5,-0.866025404,2.878130285,1.439065142,11.7,8.49048434,34.81,13.4,14.9,15.8,18.7,20.66666667,22.21428571,58,48,71.33333333,62,6.1,5.5,8.5,8.5,21.0932921,73.84765625,4.792746798,0,0
16,5,2012,5/16/2012,2.8723958,0,22.3,49,10.9,0.2,72,18.83,3.59,0.34,137,0.710135016,-0.704065522,0.5,-0.866025404,2.692664553,1.373258922,11.373,14.96852225,118.81,12.1,12.2,18.9,21.8,20.7,22.17142857,50,50,68.66666667,62.28571429,6.766666667,5.728571429,8.5,8.5,21.78530447,61.92382813,3.607824039,0,0
17,5,2012,5/17/2012,1.7128906,0,22.5,50,5.9,2,46,23.12,4.26,0.345,138,0.697944155,-0.716152188,0.5,-0.866025404,2.725587607,1.362793803,11.25,8.040483439,34.81,12.5,8.4,19.1,22,21.23333333,21.84285714,49,49,60,62.14285714,8.433333333,6.614285714,10.9,10.9,21.93971313,55.46191406,1.222347212,0,0
18,5,2012,5/18/2012,7.689453,0,26,35,11,0,17,26.91,5.28,0.32,139,0.685547606,-0.728027801,0.5,-0.866025404,3.361439829,2.184935889,16.9,24.03429477,121,13,5.3,21.1,24,22.73333333,21.68571429,49,49,49.66666667,60.71428571,7.566666667,6.557142857,10.9,10.9,22.10779919,52.73095703,1.766704164,0,0
19,5,2012,5/19/2012,6.8763022,0,23.3,55,4,0,71,21.87,3.98,0.321,140,0.672949024,-0.739688861,0.5,-0.866025404,2.86082113,1.287369508,10.485,5.149478033,16,14.3,2.2,20.2,24,23.6,22.31428571,35,35,44.66666667,56.85714286,9.266666667,7.428571429,11,11,23.27545943,43.86547852,0.530011249,1,1
20,5,2012,5/20/2012,2.201823,0,20,82,5.1,1.8,84,18.55,3.11,0.356,141,0.660152121,-0.751131931,0.5,-0.866025404,2.338281271,0.420890629,3.6,2.146542207,26.01,16.4,2,14.4,24,23.93333333,22.31428571,35,35,46.66666667,56.42857143,6.966666667,7.442857143,11,11,23.2828216,49.43273926,0.159003375,2,2
21,5,2012,5/21/2012,1.4518229,0,18.5,68,6.9,6.8,56,19.57,3.35,0.356,142,0.647160667,-0.762353639,0.5,-0.866025404,2.129777303,0.681528737,5.92,4.702548286,47.61,12.1,1.8,12.2,25.8,23.1,22.21428571,35,35,57.33333333,57.42857143,6.7,7.328571429,11,11,22.29797512,65.71636963,1.307701012,0,0
22,5,2012,5/22/2012,3.0234375,0,23.8,50,2.6,0.6,9,28.37,5.35,0.332,143,0.633978493,-0.773350678,0.5,-0.866025404,2.948284305,1.474142153,11.9,3.832769597,6.76,13.8,8.6,13.9,32.6,20.6,22.28571429,55,35,68.33333333,55.57142857,5.333333333,7.1,6.9,11,21.15858259,66.85818481,5.152310304,0,0
23,5,2012,5/23/2012,1.7115885,0,21.1,58,10,2.7,52,23.48,4.17,0.337,144,0.620609482,-0.784119807,0.5,-0.866025404,2.502322755,1.050975557,8.862,10.50975557,100,12.7,9.2,11.4,33.2,20.76666667,22.34285714,50,35,66.66666667,55.57142857,4.866666667,6.628571429,6.9,11,21.95100781,58.42909241,1.965693091,0,0
24,5,2012,5/24/2012,3.6464844,0,20.5,54,8,0.2,37,21.69,3.74,0.331,145,0.607057574,-0.794657852,0.5,-0.866025404,2.41164128,1.109354989,9.43,8.874839912,64,11.3,10.1,13.9,35.9,21.13333333,22.17142857,50,35,58.66666667,56.85714286,6.5,6.5,10,11,21.69570547,58.2145462,2.479707927,0,0
25,5,2012,5/25/2012,3.5957031,0,19.4,72,7.7,7.5,80,19.05,3.26,0.376,146,0.593326764,-0.804961708,0.5,-0.866025404,2.252831002,0.630792681,5.432,4.857103641,59.29,13.8,3.5,12.1,36.1,21.8,21.88571429,50,35,54,57.42857143,6.866666667,6.8,10,11,21.33699383,56.1072731,0.883912378,0,0
26,5,2012,5/26/2012,0.20377605,0,15.1,87,7.5,4.6,97,3.85,0.92,0.377,147,0.579421098,-0.815028338,0.5,-0.866025404,1.716356408,0.223126333,1.963,1.673447498,56.25,12.5,10.4,19.6,43.6,20.33333333,20.94285714,54,50,61.33333333,62.71428571,8.566666667,6.328571429,10,10,20.75589568,64.05363655,5.515173713,0,0
27,5,2012,5/27/2012,0.8203125,0,21.6,69,6.1,0.4,69,22.94,4.02,0.358,148,0.565344674,-0.824854775,0.5,-0.866025404,2.580152726,0.799847345,6.696,4.879068805,37.21,15.4,12.3,24.2,48.2,18.33333333,19.77142857,54,50,71,67.28571429,7.733333333,6.828571429,8,10,19.05912698,75.52681828,4.874552114,0,0
28,5,2012,5/28/2012,1.0852865,0,22.6,63,1.5,1.8,83,18.98,3.41,0.375,149,0.55110164,-0.834438124,0.5,-0.866025404,2.742180549,1.014606803,8.362,1.521910205,2.25,15.2,12.5,22.8,48.6,18.7,20,69,50,76,65.42857143,7.1,6.971428571,7.7,10,19.82138888,72.26340914,1.742365634,0,0
29,5,2012,5/29/2012,0.62890625,0,19.6,65,9.7,11.5,53,21.72,3.66,0.388,150,0.536696194,-0.84377556,0.5,-0.866025404,2.281005773,0.798352021,6.86,7.744014599,94.09,12.6,6.8,17.8,50.4,19.76666667,20.58571429,63,50,73,64.71428571,5.033333333,6.2,7.5,10,20.65497222,67.63170457,1.78270969,0,0
30,5,2012,5/30/2012,1.500651,0,19.6,64,7.2,1.8,46,20.95,3.56,0.373,151,0.522132581,-0.852864331,0.5,-0.866025404,2.281005773,0.821162078,7.056,5.912366964,51.84,12.4,13.7,28.7,61.9,21.26666667,19.98571429,63,54,65.66666667,66.85714286,5.766666667,7.214285714,9.7,10,20.33848055,66.31585228,8.584812907,0,0
31,5,2012,5/31/2012,2.8541667,0,19.9,56,7.2,0.2,71,20.88,3.63,0.359,152,0.507415093,-0.86170176,0.5,-0.866025404,2.323845764,1.022492136,8.756,7.36194338,51.84,11.1,15.1,27.8,63.7,20.6,19.77142857,63,54,64,67.71428571,6.133333333,6.814285714,9.7,9.7,20.11693639,65.15792614,3.835443872,0,0
1,6,2012,6/1/2012,5.1595054,0,21,51,6,0.1,24,25.83,4.48,0.345,153,0.492548068,-0.870285241,1.22E-16,-1,2.487005397,1.218632645,10.29,7.311795868,36,11.2,13.5,27.8,63.9,19.7,19.68571429,56,56,61.66666667,68,8.033333333,6.7,9.7,9.7,20.05185547,60.57896307,1.290633162,0,0
2,6,2012,6/2/2012,11.0390625,0,24.1,49,11.9,0,25,26.27,4.86,0.331,154,0.477535886,-0.878612245,1.22E-16,-1,3.001874544,1.530956018,12.291,18.21837661,141.61,13.9,2.1,20.4,64,20.16666667,19.91428571,51,51,57,65,6.8,6.457142857,7.2,9.7,20.33629883,55.78948154,0.457189948,0,0
3,6,2012,6/3/2012,9.75,0,26.7,43,3.1,0,50,25.6,5.01,0.318,155,0.462382973,-0.886680318,1.22E-16,-1,3.503068485,1.996749036,15.219,6.189922013,9.61,15.3,0.3,15.8,64,21.66666667,21.2,49,49,52,59.57142857,8.366666667,7.085714286,11.9,11.9,21.46540918,52.39474077,0.137156985,1,1
4,6,2012,6/4/2012,10.936849,0,27.7,45,3.6,0,38,25.38,4.95,0.308,156,0.447093793,-0.894487082,1.22E-16,-1,3.714403381,2.04292186,15.235,7.354518694,12.96,16.7,0.1,15.4,64,23.93333333,21.92857143,43,43,47.66666667,55.85714286,7,6.657142857,11.9,11.9,23.03578643,47.69737038,0.041147095,2,2
5,6,2012,6/5/2012,10.375,0,27.3,47,6.3,1,35,27.29,5.26,0.302,157,0.431672852,-0.902030237,1.22E-16,-1,3.628573846,1.923144138,14.469,12.11580807,39.69,16.7,0,13.6,64,26.16666667,22.65714286,43,43,45.66666667,53.28571429,6.2,6.957142857,11.9,11.9,24.4350505,46.34868519,0.012344129,3,3
6,6,2012,6/6/2012,4.0852866,0,26.3,57,4.6,1.2,50,19.83,3.72,0.342,158,0.416124696,-0.909307559,1.22E-16,-1,3.421514668,1.471251307,11.309,6.767756013,21.16,17.7,1,3.1,64,27.23333333,23.75714286,43,43,45,50.71428571,4.333333333,6.471428571,6.3,11.9,25.29453535,46.6743426,0.703703239,0,0
7,6,2012,6/7/2012,0.046875,0,16.1,87,7.2,22.7,79,9.36,1.69,0.402,159,0.400453906,-0.916316904,1.22E-16,-1,1.829933244,0.237891322,2.093,1.712817517,51.84,13.5,2.2,2.5,63.3,27.1,24.71428571,45,43,49.66666667,49.71428571,4.833333333,6.1,6.3,11.9,25.59617474,51.8371713,1.051110972,0,0
8,6,2012,6/8/2012,0.31184897,0,20,65,2.9,5.3,67,18.31,3.34,0.385,160,0.3846651,-0.923056207,1.22E-16,-1,2.338281271,0.818398445,7,2.37335549,8.41,13,24.9,25,86,23.23333333,24.17142857,47,43,63.66666667,54.14285714,6.033333333,6.1,7.2,11.9,22.74732232,69.41858565,16.20533329,0,0
9,6,2012,6/9/2012,1.8255209,0,25.1,52,1.4,0,0,29.34,5.52,0.364,161,0.368762931,-0.92952348,1.22E-16,-1,3.186695762,1.529613966,12.048,2.141459552,1.96,15.5,29.2,30.2,91.3,20.8,24.02857143,57,43,69.66666667,56.14285714,4.9,5.657142857,7.2,11.9,21.92312562,67.20929282,8.571599987,0,0
10,6,2012,6/10/2012,4.9179688,0,28.4,52,1.9,0,2,28.3,5.61,0.345,162,0.352752087,-0.935716819,1.22E-16,-1,3.868863717,1.857054584,13.632,3.528403709,3.61,18.8,28,30.2,91.3,20.4,24.17142857,52,43,68,56.57142857,3.833333333,4.157142857,7.2,7.2,22.87618794,59.60464641,2.571479996,1,1
11,6,2012,6/11/2012,7.876953,0,30.4,51,5.4,0,36,25.84,5.34,0.328,163,0.336637284,-0.941634398,1.22E-16,-1,4.341390638,2.127281412,14.896,11.48731963,29.16,20.6,5.3,30.2,90.4,24.5,24.41428571,52,45,56.33333333,57.85714286,2.066666667,3.985714286,2.9,7.2,24.53333156,55.80232321,0.771443999,2,2
12,6,2012,6/12/2012,12.198567,0,30.4,38,5.2,0,34,29.08,5.98,0.313,164,0.320423273,-0.947274472,1.22E-16,-1,4.341390638,2.691662195,18.848,13.99664342,27.04,18,0,30.2,84.6,27.96666667,24.8,51,47,51.66666667,58.71428571,2.9,4.242857143,5.4,7.2,26.29333209,53.4011616,0.2314332,3,3
13,6,2012,6/13/2012,14.822266,0,32.2,33,2.3,0,7,29.92,6.22,0.296,165,0.304114832,-0.952635381,1.22E-16,-1,4.808777365,3.221880835,21.574,7.41032592,5.29,18.8,0,29.2,80.6,29.73333333,25.24285714,38,38,47,57.42857143,4.166666667,4.085714286,5.4,7.2,27.52533246,45.7005808,0.06942996,4,4
14,6,2012,6/14/2012,16.71875,0,31.9,42,7.1,0,20,27.93,5.95,0.281,166,0.287716767,-0.957715543,1.22E-16,-1,4.7279725,2.74222405,18.502,19.46979076,50.41,20.3,0,28,75.5,31,26.08571429,33,33,40.66666667,54,4.3,3.757142857,5.4,7.2,28.92773272,39.3502904,0.020828988,5,5
15,6,2012,6/15/2012,14.034505,0,27,60,8.4,0,42,27.27,5.31,0.27,167,0.271233911,-0.962513463,1.22E-16,-1,3.565340176,1.42613607,10.8,11.97954299,70.56,19,0,5.3,72.4,31.5,28.34285714,33,33,37.66666667,47.57142857,4.866666667,3.742857143,7.1,7.1,29.81941291,40.6751452,0.006248696,6,6
16,6,2012,6/16/2012,19.453775,0,26.6,50,10.4,0,36,28.32,5.63,0.259,168,0.25467112,-0.967027725,1.22E-16,-1,3.482522891,1.741261446,13.3,18.10911904,108.16,16.6,0,0,72.2,30.36666667,29.34285714,33,33,45,46.85714286,5.933333333,4.528571429,8.4,8.4,28.97358903,50.3375726,0.001874609,7,7
17,6,2012,6/17/2012,19.902994,0,26.5,39,7.3,0,0,30.49,6.01,0.246,169,0.238033277,-0.971256999,1.22E-16,-1,3.462082359,2.111870239,16.165,15.41665274,53.29,14.3,0,0,70.2,28.5,29.55714286,42,33,50.66666667,46.57142857,8.633333333,5.814285714,10.4,10.4,28.26151232,50.1687863,0.000562383,8,8
18,6,2012,6/18/2012,20.60612,0,28.3,38,7.8,0,0,30.09,6.2,0.233,170,0.221325284,-0.97520004,1.22E-16,-1,3.846461372,2.384806051,17.546,18.6014872,60.84,15.9,0,0,70.2,26.7,29.28571429,39,33,49.66666667,44.71428571,8.7,6.585714286,10.4,10.4,27.73305863,44.58439315,0.000168715,9,9
19,6,2012,6/19/2012,27.901693,0,29.7,37,13.8,0,0,29.97,6.84,0.22,171,0.204552066,-0.978855685,1.22E-16,-1,4.170597197,2.627476234,18.711,36.25917203,190.44,17.1,0,0,70.2,27.13333333,28.98571429,38,33,42.33333333,42.85714286,8.5,6.928571429,10.4,10.4,27.90314104,41.29219658,5.06E-05,10,10
20,6,2012,6/20/2012,25.480469,0,29.3,42,8.9,0,0,29.87,6.5,0.207,172,0.187718565,-0.982222857,1.22E-16,-1,4.075649206,2.363876539,16.994,21.0385012,79.21,17.7,0,0,68.4,28.16666667,28.88571429,37,33,38,42.71428571,9.633333333,8.157142857,13.8,13.8,28.44219873,39.14609829,1.52E-05,11,11
21,6,2012,6/21/2012,27.09961,0,29.1,36,11.2,0,0,30.08,6.54,0.196,173,0.170829743,-0.985300563,1.22E-16,-1,4.028884423,2.578486031,18.624,28.87904355,125.44,16.3,0,0,61.6,29.1,28.47142857,37,37,39,44,10.16666667,9.1,13.8,13.8,28.69953911,40.57304914,4.56E-06,12,12
22,6,2012,6/22/2012,27.8431,0,29.9,36,9.6,0,0,29.66,6.48,0.185,174,0.153890577,-0.988087896,1.22E-16,-1,4.218788397,2.700024574,19.136,25.92023591,92.16,17.1,0,0,61,29.36666667,28.07142857,36,36,38.33333333,43.14285714,11.3,9.685714286,13.8,13.8,28.81967738,38.28652457,1.37E-06,13,13
23,6,2012,6/23/2012,26.638672,0,29.6,43,7.3,0,6,28.93,6.02,0.177,175,0.136906058,-0.990584035,1.22E-16,-1,4.14668165,2.363608541,16.872,17.25434235,53.29,18.2,0,0,58.3,29.43333333,28.48571429,36,36,38,39.71428571,9.9,9.857142857,11.2,13.8,29.14377416,37.14326229,4.10E-07,14,14
24,6,2012,6/24/2012,29.19401,0,29.6,44,9.4,0,29,28.55,6.05,0.169,176,0.119881192,-0.992788245,1.22E-16,-1,4.14668165,2.322141724,16.576,21.82813221,88.36,18.4,0,0,58.1,29.53333333,28.91428571,36,36,38.33333333,38.71428571,9.366666667,9.414285714,11.2,13.8,29.28064191,40.07163114,1.23E-07,15,15
25,6,2012,6/25/2012,24.451172,0,28.9,48,8.4,0,28,25.16,5.01,0.174,177,0.102820997,-0.994699876,1.22E-16,-1,3.982587166,2.070945326,15.028,17.39594074,70.56,18.5,0,0,50.6,29.7,29.35714286,36,36,41,39.42857143,8.766666667,9.714285714,9.6,13.8,29.37644934,42.03581557,3.69E-08,16,16
26,6,2012,6/26/2012,11.809245,0,30.2,46,7.4,3.8,14,27.71,5.79,0.183,178,0.0857305,-0.996318363,1.22E-16,-1,4.291983042,2.317670843,16.308,17.15076424,54.76,19.4,0,0,46,29.36666667,29.44285714,43,36,45,40.85714286,8.366666667,9.8,9.4,13.8,29.23351454,45.01790779,1.11E-08,17,17
27,6,2012,6/27/2012,3.9342449,0,24.3,73,8.4,0.6,83,14.94,2.89,0.191,179,0.068614738,-0.997643232,1.22E-16,-1,3.038071715,0.820279363,6.561,6.89034665,70.56,18.9,3.8,3.8,49.4,29.56666667,29.51428571,44,36,46,42.14285714,8.4,8.885714286,9.4,11.2,29.52346018,45.50895389,2.660000003,0,0
28,6,2012,6/28/2012,5.591146,0,23.2,49,8.4,2.8,46,24.74,4.73,0.214,180,0.051478755,-0.99867409,1.22E-16,-1,2.843602903,1.45023748,11.832,12.18199484,70.56,13,4.4,4.4,48.2,27.8,28.8,46,36,55.66666667,46.57142857,8.066666667,8.814285714,8.4,11.2,27.95642212,59.25447695,1.218000001,0,0
29,6,2012,6/29/2012,14.873047,0,24.8,41,6,0,6,29.62,5.67,0.202,181,0.034327601,-0.999410634,1.22E-16,-1,3.130235219,1.846838779,14.632,11.08103268,36,13,7.2,7.2,39.5,25.9,27.95714286,46,36,56,48.42857143,8.066666667,8.414285714,8.4,9.6,26.52949549,54.12723847,2.3254,0,0
30,6,2012,6/30/2012,19.608725,0,24.5,47,8.9,0,25,24.64,4.74,0.19,182,0.01716633,-0.999852648,1.22E-16,-1,3.074649051,1.629563997,12.985,14.50311957,79.21,13.9,3.4,7.2,37.7,24.1,27.22857143,41,41,54.33333333,49.14285714,7.6,7.9,8.4,9.4,26.01064684,47.56361924,0.69762,1,1
1,7,2012,7/1/2012,22.838541,0,25,42,7.6,0,41,27.93,5.49,0.18,183,1.22E-16,-1,-0.5,-0.866025404,3.167777718,1.837311076,14.5,13.96356418,57.76,13.4,2.8,7.2,37.5,24.16666667,26.5,41,41,45.66666667,49.71428571,7.766666667,8.128571429,8.9,9.4,25.55745279,47.28180962,0.209286,2,2
2,7,2012,7/2/2012,26.455078,0,22.8,48,14.5,0,40,19.97,4.09,0.172,184,-0.01716633,-0.999852648,-0.5,-0.866025404,2.775631234,1.443328241,11.856,20.9282595,210.25,12.4,0,7.2,37.4,24.76666667,25.84285714,41,41,43.33333333,49.42857143,7.5,7.871428571,8.9,8.9,25.39021695,44.64090481,0.0627858,3,3
3,7,2012,7/3/2012,22.691406,0,24.5,59,13,0.4,41,22.9,4.59,0.169,185,-0.034327601,-0.999410634,-0.5,-0.866025404,3.074649051,1.260606111,10.045,16.38787944,169,16.3,0,7.2,37.4,24.1,24.97142857,42,41,45.66666667,49.42857143,10.33333333,8.742857143,14.5,14.5,24.61315187,46.3204524,0.01883574,4,4
4,7,2012,7/4/2012,23.825521,0,25.1,44,8.6,0.5,36,22.89,4.81,0.166,186,-0.051478755,-0.99867409,-0.5,-0.866025404,3.186695762,1.784549627,14.056,15.34712679,73.96,13.9,0.4,3.8,37.8,24.1,24.15714286,42,41,49.66666667,51.28571429,11.7,9.542857143,14.5,14.5,24.57920631,52.6602262,0.285650722,0,0
5,7,2012,7/5/2012,24.18815,0,27.7,50,11.5,0.3,21,25.88,5.28,0.164,187,-0.068614738,-0.997643232,-0.5,-0.866025404,3.714403381,1.85720169,13.85,21.35781944,132.25,17.7,0.9,3.7,38.3,24.13333333,24.27142857,44,41,50.33333333,47.14285714,12.03333333,9.571428571,14.5,14.5,24.73544441,48.3301131,0.435695217,0,0
6,7,2012,7/6/2012,12.166667,0,25.5,59,7.9,1,26,22.44,4.51,0.165,188,-0.0857305,-0.996318363,-0.5,-0.866025404,3.263356619,1.337976214,10.455,10.57001209,62.41,17.3,1.2,1.2,37.6,25.76666667,24.91428571,44,41,51,47.28571429,11.03333333,10.01428571,13,14.5,25.62481109,49.16505655,0.340708565,0,0
7,7,2012,7/7/2012,19.729818,0,27.4,49,12.5,0.1,38,24.77,5.15,0.165,189,-0.102820997,-0.994699876,-0.5,-0.866025404,3.64986766,1.861432507,13.974,23.26790633,156.25,17.2,1.8,2.2,37.4,26.1,25.01428571,44,42,51,49.85714286,9.333333333,10.28571429,11.5,14.5,25.58736776,54.08252828,0.802212569,0,0
8,7,2012,7/8/2012,0.79036456,0,22,83,7.8,7.5,83,10.27,2.04,0.243,190,-0.119881192,-0.992788245,-0.5,-0.866025404,2.643931192,0.449468303,3.74,3.505852761,60.84,18.6,1.4,2.3,14.8,26.86666667,25.42857143,49,42,52.66666667,50.14285714,10.63333333,10.8,12.5,14.5,26.13115743,51.54126414,0.310663771,0,0
9,7,2012,7/9/2012,0.55403644,0,24.1,85,6.7,7.6,77,15.57,3.02,0.332,191,-0.136906058,-0.990584035,-0.5,-0.866025404,3.001874544,0.450281182,3.615,3.016883917,44.89,21.1,8.6,9.8,17,24.96666667,25,49,44,63.66666667,56,9.4,10.82857143,12.5,14.5,24.8918102,67.27063207,5.343199131,0,0
10,7,2012,7/10/2012,3.2213542,0,27.3,49,6.9,1.8,48,27.64,5.56,0.308,192,-0.153890577,-0.988087896,-0.5,-0.866025404,3.628573846,1.850572661,13.923,12.76895136,47.61,17.1,15.2,17.4,24.6,24.5,25.18571429,49,44,72.33333333,61.28571429,9,9.714285714,12.5,13,24.65426714,76.13531603,6.922959739,0,0
11,7,2012,7/11/2012,9.352864,0,29.2,43,4,0,10,28.64,5.89,0.269,193,-0.170829743,-0.985300563,-0.5,-0.866025404,4.052208127,2.309758633,16.644,9.23903453,16,17.8,16.9,18.8,26.4,24.46666667,25.58571429,49,44,72.33333333,59.85714286,7.133333333,8.842857143,7.8,12.5,25.447987,62.56765802,3.336887922,0,0
12,7,2012,7/12/2012,12.609375,0,29.2,43,5.1,0,29,27.5,5.64,0.244,194,-0.187718565,-0.982222857,-0.5,-0.866025404,4.052208127,2.309758633,16.644,11.77976903,26.01,17.8,9.4,18.3,26.4,26.86666667,26.17142857,43,43,59,59.71428571,5.866666667,8.185714286,6.9,12.5,26.5735909,52.78382901,1.001066377,1,1
13,7,2012,7/13/2012,16.184896,0,30.7,41,6.8,0,24,27.99,5.91,0.225,195,-0.204552066,-0.978855685,-0.5,-0.866025404,4.416429033,2.60569313,18.113,17.71871328,46.24,18.9,1.8,18,26.4,28.56666667,26.38571429,43,43,45,58.71428571,5.333333333,7.271428571,6.9,12.5,27.36151363,47.8919145,0.300319913,2,2
14,7,2012,7/14/2012,16.93099,0,30.2,44,6.2,0,4,28.31,5.93,0.207,196,-0.221325284,-0.97520004,-0.5,-0.866025404,4.291983042,2.403510504,16.912,14.90176512,38.44,19,0,17,26.4,29.7,27.12857143,41,41,42.33333333,56.14285714,5.3,7.114285714,6.8,12.5,28.36305954,44.44595725,0.090095974,3,3
15,7,2012,7/15/2012,19.970053,0,31.6,33,3.6,0,0,29.03,6.19,0.191,197,-0.238033277,-0.971256999,-0.5,-0.866025404,4.64834968,3.114394285,21.172,11.21181943,12.96,18.2,0,16.9,26.4,30.03333333,27.52857143,41,41,42.66666667,55.42857143,6.033333333,6.214285714,6.8,7.8,28.91414168,44.22297863,0.027028792,4,4
16,7,2012,7/16/2012,21.44401,0,33.3,38,6.6,0,0,29.07,6.38,0.177,198,-0.25467112,-0.967027725,-0.5,-0.866025404,5.115413295,3.171556243,20.646,20.9322712,43.56,20.9,0,9.4,26.4,30.83333333,28.9,33,33,39.33333333,48.28571429,5.533333333,5.614285714,6.8,6.9,29.71989918,38.61148931,0.008108638,5,5
17,7,2012,7/17/2012,24.511068,0,28.7,50,10.6,0,42,24.2,5.16,0.166,199,-0.271233911,-0.962513463,-0.5,-0.866025404,3.936753503,1.968376751,14.35,20.86479357,112.36,18.7,0,1.8,26.4,31.7,30.21428571,33,33,38.33333333,41.57142857,5.466666667,5.6,6.6,6.9,30.79392942,38.30574466,0.002432591,6,6
18,7,2012,7/18/2012,22.521484,0,27.1,49,10.3,0,45,24.41,4.99,0.16,200,-0.287716767,-0.957715543,-0.5,-0.866025404,3.586310566,1.829018389,13.821,18.83888941,106.09,16.9,0,0,26.4,31.2,30.41428571,33,33,40.33333333,41.71428571,6.933333333,6.128571429,10.6,10.6,30.1657506,44.15287233,0.000729777,7,7
19,7,2012,7/19/2012,22.932291,0,28.9,41,6.4,0,17,27.97,5.87,0.153,201,-0.304114832,-0.952635381,-0.5,-0.866025404,3.982587166,2.349726428,17.051,15.03824914,40.96,17.1,0,0,26.4,29.7,30.11428571,38,33,45.66666667,42.57142857,9.166666667,7.028571429,10.6,10.6,29.24602542,46.57643616,0.000218933,8,8
20,7,2012,7/20/2012,23.839844,0,32.4,41,7.4,0,0,28.39,6.24,0.147,202,-0.320423273,-0.947274472,-0.5,-0.866025404,4.863311198,2.869353607,19.116,21.23321669,54.76,20.6,0,0,26.4,28.23333333,30.07142857,41,33,46.66666667,42.28571429,9.1,7.214285714,10.6,10.6,29.14221779,43.78821808,6.57E-05,9,9
21,7,2012,7/21/2012,24.64388,0,31.9,40,5.1,0,24,28.67,6.23,0.141,203,-0.336637284,-0.941634398,-0.5,-0.866025404,4.7279725,2.8367835,19.14,14.46759585,26.01,19.9,0,0,26.4,29.46666667,30.31428571,41,33,43.66666667,42.28571429,8.033333333,7.3,10.3,10.6,30.11955245,42.39410904,1.97E-05,10,10
22,7,2012,7/22/2012,26.177084,0,31.7,37,5.2,0,22,28.48,6.17,0.136,204,-0.352752087,-0.935716819,-0.5,-0.866025404,4.67476018,2.945098914,19.971,15.31451435,27.04,19.1,0,0,26.4,31.06666667,30.55714286,40,33,40.66666667,41.71428571,6.3,7.142857143,7.4,10.6,30.65368672,41.19705452,5.91E-06,11,11
23,7,2012,7/23/2012,25.098959,0,30.8,53,8.7,0,41,23.5,5.12,0.133,205,-0.368762931,-0.92952348,-0.5,-0.866025404,4.441691099,2.087594817,14.476,18.1620749,75.69,21.4,0,0,26.4,32,30.57142857,37,37,39.33333333,42.28571429,5.9,7.371428571,7.4,10.6,30.9675807,39.09852726,1.77E-06,12,12
24,7,2012,7/24/2012,25.384115,0,32.6,49,7.6,0,36,25.47,5.7,0.131,206,-0.3846651,-0.923056207,-0.5,-0.866025404,4.918381272,2.508374449,16.626,19.06364581,57.76,22.4,0,0,26.4,31.46666667,30.21428571,37,37,43.33333333,44.42857143,6.333333333,7.671428571,8.7,10.6,30.91730649,46.04926363,5.32E-07,13,13
25,7,2012,7/25/2012,32.371746,0,36.4,28,7.2,0,17,28.46,6.65,0.129,207,-0.400453906,-0.916316904,-0.5,-0.866025404,6.07262999,4.372293593,26.208,31.48051387,51.84,22,0,0,26.4,31.7,30.77142857,37,37,46.33333333,44.28571429,7.166666667,7.242857143,8.7,10.3,31.42211454,47.52463182,1.60E-07,14,14
26,7,2012,7/26/2012,33.610676,0,36.1,32,8,0,0,28.43,6.54,0.126,208,-0.416124696,-0.909307559,-0.5,-0.866025404,5.973671742,4.062096785,24.548,32.49677428,64,22.5,0,0,26.4,33.26666667,32.1,28,28,43.33333333,41.28571429,7.833333333,6.8,8.7,8.7,32.91548018,37.76231591,4.79E-08,15,15
27,7,2012,7/27/2012,29.832682,0,33.4,41,6.9,0,12,24.71,5.64,0.125,209,-0.431672852,-0.902030237,-0.5,-0.866025404,5.144112522,3.035026388,19.706,20.94168208,47.61,21.6,0,0,22.6,35.03333333,33.12857143,28,28,36.33333333,40,7.6,7.028571429,8,8.7,33.87083613,34.88115795,1.44E-08,16,16
28,7,2012,7/28/2012,28.115885,0,32.3,47,8.2,0,45,23.66,5.32,0.125,210,-0.447093793,-0.894487082,-0.5,-0.866025404,4.835977526,2.563068089,17.119,21.01715833,67.24,21.7,0,0,22,35.3,33.27142857,28,28,33.66666667,40,7.366666667,6.957142857,8,8.7,33.72958529,37.94057898,4.31E-09,17,17
29,7,2012,7/29/2012,25.140625,0,30.3,52,6.9,0,40,22.04,4.84,0.126,211,-0.462382973,-0.886680318,-0.5,-0.866025404,4.316625383,2.071980184,14.544,14.29666327,47.61,20.7,0,0,19.2,33.93333333,33.32857143,32,28,40,41,7.7,7.4,8.2,8.7,33.3007097,42.47028949,1.29E-09,18,18
30,7,2012,7/30/2012,23.669922,0,30.6,47,6.3,0.7,41,23.1,5.02,0.13,212,-0.477535886,-0.878612245,-0.5,-0.866025404,4.391291947,2.327384732,16.218,14.66252381,39.69,20,0,0,19.2,32,33.12857143,41,28,46.66666667,43.14285714,7.333333333,7.642857143,8.2,8.7,32.40049679,47.23514474,3.88E-10,19,19
31,7,2012,7/31/2012,19.317057,0,28.7,51,9.2,1.1,45,23.45,5.08,0.137,213,-0.492548068,-0.870285241,-0.5,-0.866025404,3.936753503,1.929009216,14.063,17.74688479,84.64,18.9,0.7,0.7,19.9,31.06666667,33.1,47,28,48.66666667,42.28571429,7.133333333,7.3,8.2,8.2,31.86034775,47.11757237,0.49,0,0
1,8,2012,8/1/2012,18.482422,0,26.3,51,8.7,0,40,20.58,4.32,0.139,214,-0.507415093,-0.86170176,-0.866025404,-0.5,3.421514668,1.676542187,12.887,14.58591703,75.69,16.5,1.8,1.8,21,29.86666667,32.54285714,47,28,50,42.57142857,7.466666667,7.528571429,9.2,9.2,30.91224343,49.05878619,0.917,0,0
2,8,2012,8/2/2012,21.734375,0,29.2,46,6.6,0,20,23.62,5.01,0.138,215,-0.522132581,-0.852864331,-0.866025404,-0.5,4.052208127,2.188192389,15.768,14.44206977,43.56,18.4,1.8,1.8,21,28.53333333,31.1,47,32,49.66666667,45.85714286,8.066666667,7.742857143,9.2,9.2,29.5285704,50.02939309,0.2751,1,1
3,8,2012,8/3/2012,23.757812,0,29.6,49,7.1,0.3,43,19.49,4.14,0.14,216,-0.536696194,-0.84377556,-0.866025404,-0.5,4.14668165,2.114807642,15.096,15.01513426,50.41,19.4,1.1,1.8,20.6,28.06666667,30.11428571,46,41,49.33333333,47.85714286,8.166666667,7.542857143,9.2,9.2,29.42999928,48.01469655,0.08253,2,2
4,8,2012,8/4/2012,5.330729,0,27.4,70,4.8,4,69,17.87,3.6,0.186,217,-0.55110164,-0.834438124,-0.866025404,-0.5,3.64986766,1.094960298,8.22,5.25580943,23.04,21.4,0.3,2.1,20.4,28.36666667,29.57142857,46,46,48.66666667,49,7.466666667,7.571428571,8.7,9.2,29.4809995,48.50734827,0.234759,0,0
5,8,2012,8/5/2012,6.216797,0,27.8,56,8.4,7.2,46,23.91,4.82,0.228,218,-0.565344674,-0.824854775,-0.866025404,-0.5,3.736134941,1.643899374,12.232,13.80875474,70.56,19,4.3,6.1,24.1,28.73333333,28.87142857,46,46,55,52.28571429,6.166666667,7.085714286,7.1,9.2,28.85669965,59.25367414,2.8704277,0,0
6,8,2012,8/6/2012,10.5651045,0,28.7,58,10.8,2.4,30,22.69,4.63,0.218,219,-0.579421098,-0.815028338,-0.866025404,-0.5,3.936753503,1.653436471,12.054,17.85711389,116.64,20.3,11.5,13.3,30.3,28.26666667,28.51428571,49,46,58.33333333,52.85714286,6.766666667,7.3,8.4,9.2,28.53968975,57.62683707,5.90112831,0,0
7,8,2012,8/7/2012,8.927083,0,27.7,66,7.9,2.7,46,20.47,4.09,0.23,220,-0.593326764,-0.804961708,-0.866025404,-0.5,3.714403381,1.26289715,9.418,9.976887481,62.41,20.9,13.6,15,32.6,27.96666667,28.24285714,56,46,61.33333333,54.42857143,8,7.942857143,10.8,10.8,28.58778283,57.81341853,3.450338493,0,0
8,8,2012,8/8/2012,8.561198,0,27.3,56,8.5,3.6,50,20.65,4.22,0.248,221,-0.607057574,-0.794657852,-0.866025404,-0.5,3.628573846,1.596572492,12.012,13.57086618,72.25,18.5,12.3,16.6,27.8,28.06666667,28.1,56,46,60,56.57142857,9.033333333,7.757142857,10.8,10.8,28.32144798,61.90670927,2.925101548,0,0
9,8,2012,8/9/2012,5.5527344,0,28.1,63,8.9,1.1,51,19.01,3.77,0.264,222,-0.620609482,-0.784119807,-0.866025404,-0.5,3.801995174,1.406738215,10.397,12.51997011,79.21,20.7,8.7,20.2,23.8,27.9,28.24285714,56,46,60,57.28571429,9.066666667,7.728571429,10.8,10.8,28.01501359,58.95335463,3.397530464,0,0
10,8,2012,8/10/2012,3.9440105,0,27.3,56,7.1,5.1,47,23.31,4.74,0.283,223,-0.633978493,-0.773350678,-0.866025404,-0.5,3.628573846,1.596572492,12.012,11.33566469,50.41,18.5,7.4,21.3,23.1,27.7,28.08571429,56,49,61.66666667,59.71428571,8.433333333,8.057142857,8.9,10.8,28.04050951,60.97667732,1.789259139,0,0
11,8,2012,8/11/2012,12.008464,0,29.7,44,2.5,0.1,31,22.78,4.78,0.25,224,-0.647160667,-0.762353639,-0.866025404,-0.5,4.170597197,2.33553443,16.632,5.838836075,6.25,18.5,9.8,26.1,28.2,27.56666667,27.75714286,56,56,58.33333333,60.71428571,8.166666667,8.057142857,8.9,10.8,27.81835666,58.48833866,4.106777742,0,0
12,8,2012,8/12/2012,11.287761,0,30,47,3,0.4,47,19.36,4.06,0.253,225,-0.660152121,-0.751131931,-0.866025404,-0.5,4.243065059,2.248824481,15.9,6.746473443,9,19.4,6.3,22.2,28.3,28.36666667,28.08571429,44,44,54.33333333,57,6.166666667,7.728571429,8.9,10.8,28.38284966,51.24416933,1.302033323,0,0
13,8,2012,8/13/2012,0.2513021,0,22.8,82,7.4,21.9,63,17.08,3.15,0.351,226,-0.672949024,-0.739688861,-0.866025404,-0.5,2.775631234,0.499613622,4.104,3.697140803,54.76,19.2,5.6,15.4,28.7,29,28.4,44,44,49,55.71428571,4.2,6.957142857,7.1,10.8,28.86799476,49.12208466,0.670609997,0,0
14,8,2012,8/14/2012,4.1334634,0,25.3,36,7,0.3,18,25.99,5.01,0.296,227,-0.685547606,-0.728027801,-0.866025404,-0.5,3.224827591,2.063889658,16.192,14.44722761,49,12.5,22.4,34.9,50.6,27.5,27.55714286,44,44,57.66666667,59.14285714,4.3,6.471428571,7.4,8.9,27.04759633,65.56104233,15.531183,0,0
15,8,2012,8/15/2012,12.332031,0,25.7,34,7.9,0,2,26.03,5.14,0.262,228,-0.697944155,-0.716152188,-0.866025404,-0.5,3.302286327,2.179508976,16.962,17.21812091,62.41,12.5,22.6,32.5,50.9,26.03333333,27.21428571,36,36,55,54.85714286,5.8,6.342857143,7.4,8.9,26.52331743,50.78052117,4.8693549,0,0
16,8,2012,8/16/2012,15.6901045,0,26,40,8.9,0,1,25.66,5.06,0.238,229,-0.710135016,-0.704065522,-0.866025404,-0.5,3.361439829,2.016863897,15.6,17.95008868,79.21,14,22.2,28.9,50.9,24.6,26.98571429,34,34,50.66666667,51.71428571,7.433333333,6.257142857,7.9,8.9,26.2763222,42.39026058,1.46080647,1,1
17,8,2012,8/17/2012,16.610678,0,25.4,44,7.1,0,15,24.29,4.77,0.22,230,-0.722116597,-0.691771365,-0.866025404,-0.5,3.244042238,1.816663653,14.224,12.89831194,50.41,14.2,0.3,27.8,50.9,25.66666667,26.68571429,34,34,36.66666667,48.42857143,7.933333333,6.257142857,8.9,8.9,26.19342554,41.19513029,0.438241941,2,2
18,8,2012,8/18/2012,17.007812,0,24.7,49,6.5,0,44,21.26,4.15,0.206,231,-0.733885366,-0.679273339,-0.866025404,-0.5,3.111609911,1.586921055,12.597,10.31498686,42.25,14.5,0,22.7,50.9,25.7,26.41428571,34,34,39.33333333,46.71428571,7.966666667,6.257142857,8.9,8.9,25.95539788,42.59756515,0.131472582,3,3
19,8,2012,8/19/2012,6.1132812,0,22.8,61,9.8,2,62,18.22,3.42,0.211,232,-0.745437857,-0.666575128,-0.866025404,-0.5,2.775631234,1.082496181,8.892,10.60846257,96.04,15,0,22.6,50.9,25.36666667,25.7,40,34,44.33333333,47.42857143,7.5,6.828571429,8.9,8.9,25.57877852,45.79878257,0.039441775,4,4
20,8,2012,8/20/2012,7.111328,0,23.3,54,8.3,1.3,41,16.97,3.34,0.219,233,-0.756770663,-0.653680475,-0.866025404,-0.5,2.86082113,1.31597772,10.718,10.92261507,68.89,14.1,2,24.2,52.9,24.3,24.67142857,44,34,51.33333333,49.42857143,7.8,7.8,9.8,9.8,24.74514496,53.39939129,1.411832532,0,0
21,8,2012,8/21/2012,11.391276,0,25.6,45,4.8,0,21,24.36,4.72,0.208,234,-0.767880446,-0.640593179,-0.866025404,-0.5,3.28277117,1.805524143,14.08,8.666515888,23.04,14.6,3.3,3.6,54.2,23.6,24.74285714,49,34,54.66666667,45.42857143,8.2,7.928571429,9.8,9.8,24.31160147,53.69969564,1.33354976,0,0
22,8,2012,8/22/2012,17.110678,0,28.2,47,9.1,0,3,22.98,4.69,0.196,235,-0.778763931,-0.627317097,-0.866025404,-0.5,3.824172018,2.02681117,14.946,18.44398164,82.81,17.6,3.3,3.3,54.2,23.9,24.78571429,45,34,53.33333333,46.71428571,7.633333333,7.614285714,9.8,9.8,24.69812103,49.34984782,0.400064928,1,1
23,8,2012,8/23/2012,23.777344,0,29.5,29,6.2,0.1,0,24.7,5.24,0.184,236,-0.78941791,-0.613856142,-0.866025404,-0.5,4.122885469,2.927248683,20.945,18.14894184,38.44,15.3,1.3,3.3,54.2,25.7,25.14285714,45,40,48.66666667,48.57142857,7.4,7.785714286,9.1,9.8,25.74868472,48.17492391,0.120019478,2,2
24,8,2012,8/24/2012,28.326822,0,30,20,3.6,0,0,25.34,5.42,0.172,237,-0.799839245,-0.600214281,-0.866025404,-0.5,4.243065059,3.394452047,24,12.22002737,12.96,14,0.1,3.4,54.3,27.76666667,25.64285714,29,29,40.33333333,47,6.7,7.4,9.1,9.8,26.87407931,38.58746196,0.106005844,0,0
25,8,2012,8/25/2012,27.940756,0,31.8,25,3.8,0,0,24.71,5.39,0.162,238,-0.810024863,-0.586395533,-0.866025404,-0.5,4.701300942,3.525975706,23.85,13.39870768,14.44,16.8,0.1,3.4,54.3,29.23333333,26.3,20,20,32,43.57142857,6.3,6.9,9.1,9.8,27.81185551,29.29373098,0.031801753,1,1
26,8,2012,8/26/2012,28.179037,0,33.6,23,0.5,0,0,24.49,5.49,0.154,239,-0.819971763,-0.572403973,-0.866025404,-0.5,5.201930456,4.005486451,25.872,2.002743226,0.25,18.2,0.1,3.4,54.3,30.43333333,27.31428571,20,20,24.66666667,40.14285714,4.533333333,6.514285714,6.2,9.8,29.00829886,27.14686549,0.009540526,2,2
27,8,2012,8/27/2012,31.011068,0,33.6,28,6.4,0,4,23.09,5.18,0.147,240,-0.829677014,-0.558243722,-0.866025404,-0.5,5.201930456,3.745389928,24.192,23.97049554,40.96,19.2,0,1.4,54.3,31.8,28.85714286,20,20,22.66666667,34.71428571,2.633333333,5.185714286,3.8,9.1,30.3858092,25.07343274,0.002862158,3,3
28,8,2012,8/28/2012,0.9876302,0,21.5,83,6.5,3.8,87,10.18,1.92,0.241,241,-0.839137755,-0.543918954,-0.866025404,-0.5,2.564419721,0.435951353,3.655,2.833683791,42.25,18.1,0,0.1,54.3,33,30.32857143,23,20,25.33333333,31,3.566666667,4.914285714,6.4,9.1,31.35006644,26.53671637,0.000858647,4,4
29,8,2012,8/29/2012,0.8170573,0,20.4,52,15.3,19.6,44,20.45,3.66,0.341,242,-0.848351198,-0.529433891,-0.866025404,-0.5,2.39681041,1.150468997,9.792,17.60217565,234.09,10.8,3.8,3.9,58.1,29.56666667,29.74285714,23,20,44.66666667,36.42857143,4.466666667,5.157142857,6.5,9.1,28.39504651,54.76835819,2.660257594,0,0
30,8,2012,8/30/2012,3.1471355,0,22.6,46,4.8,0,1,23.64,4.26,0.292,243,-0.857314628,-0.514792802,-0.866025404,-0.5,2.742180549,1.480777497,12.204,7.107731984,23.04,11.8,23.4,23.5,77,25.16666667,28.62857143,28,20,54.33333333,37.14285714,9.4,6.042857143,15.3,15.3,25.99653256,53.38417909,14.51807728,0,0
31,8,2012,8/31/2012,8.067058,0,23.9,49,6.2,0,5,22.53,4.2,0.266,244,-0.866025404,-0.5,-0.866025404,-0.5,2.966054202,1.512687643,12.189,9.378663386,38.44,13.7,23.4,23.4,75.9,21.5,27.64285714,46,20,60.33333333,39.57142857,8.866666667,5.842857143,15.3,15.3,24.97757279,49.69208955,4.355423183,1,1
1,9,2012,9/1/2012,10.8307295,0,24.3,51,6.3,0,36,21.96,4.22,0.247,245,-0.874480958,-0.485059846,-1,-1.84E-16,3.038071715,1.48865514,11.907,9.378527385,39.69,14.5,19.6,23.4,75.9,22.3,26.77142857,46,23,49,43.71428571,8.766666667,6.214285714,15.3,15.3,24.65430095,49.34604477,1.306626955,2,2
2,9,2012,9/2/2012,11.772136,0,25.9,46,5.6,0,18,22.99,4.47,0.231,246,-0.882678798,-0.469976743,-1,-1.84E-16,3.341620215,1.804474916,13.986,10.10505953,31.36,15.1,0,23.4,75.9,23.6,25.7,46,23,48.66666667,47.42857143,5.766666667,6.571428571,6.3,15.3,24.54801067,50.17302239,0.391988087,3,3
3,9,2012,9/3/2012,14.167969,0,26.7,39,4.5,0,25,23.06,4.58,0.217,247,-0.890616509,-0.454755136,-1,-1.84E-16,3.503068485,2.136871776,16.287,9.615922991,20.25,14.5,0,23.4,75.6,24.7,24.6,46,28,48.66666667,50.71428571,6.033333333,7.3,6.3,15.3,24.95360747,48.08651119,0.117596426,4,4
4,9,2012,9/4/2012,14.889974,0,28.7,41,4.5,0,27,22.85,4.61,0.204,248,-0.898291752,-0.43939951,-1,-1.84E-16,3.936753503,2.322684567,16.933,10.45208055,20.25,16.9,0,23.4,71.6,25.63333333,23.61428571,39,39,45.33333333,52.28571429,5.466666667,7.028571429,6.3,15.3,25.47752523,43.5432556,0.035278928,5,5
5,9,2012,9/5/2012,16.014322,0,28.7,52,5,0,38,22.3,4.58,0.192,249,-0.905702263,-0.423914391,-1,-1.84E-16,3.936753503,1.889641681,13.776,9.448208407,25,19.1,0,19.6,64.4,27.1,24.64285714,39,39,42,46.28571429,4.866666667,6.742857143,5.6,15.3,26.44426766,42.2716278,0.010583678,6,6
6,9,2012,9/6/2012,17.586588,0,30.9,38,6,0,23,22.52,4.76,0.182,250,-0.91284586,-0.408304342,-1,-1.84E-16,4.467078664,2.769588772,19.158,16.61753263,36,18.5,0,0,62,28.03333333,25.82857143,39,39,44,46.28571429,4.666666667,5.271428571,5,6.3,27.12098736,47.1358139,0.003175104,7,7
7,9,2012,9/7/2012,17.853516,0,26,55,8.6,0.1,49,16.6,3.45,0.176,251,-0.919720437,-0.392573965,-1,-1.84E-16,3.361439829,1.512647923,11.7,13.00877214,73.96,17,0,0,59.3,29.43333333,27.01428571,38,38,43.66666667,45.14285714,5.166666667,5.442857143,6,6.3,28.25469115,42.56790695,0.000952531,8,8
8,9,2012,9/8/2012,15.459636,0,23,55,7.6,0,57,19.07,3.65,0.174,252,-0.926323968,-0.376727894,-1,-1.84E-16,2.809437622,1.26424693,10.35,9.608276669,57.76,14,0.1,0.1,55.8,28.53333333,27.31428571,38,38,48.33333333,46,6.533333333,5.785714286,8.6,8.6,27.57828381,48.78395347,0.070285759,0,0
9,9,2012,9/9/2012,17.567709,0,24,49,8.7,0,19,19.3,3.78,0.17,253,-0.932654508,-0.360770799,-1,-1.84E-16,2.983917477,1.521797913,12.24,13.23964185,75.69,13.8,0.1,0.1,54.7,26.63333333,27.12857143,38,38,49.33333333,46.57142857,7.4,5.971428571,8.6,8.6,26.20479866,51.89197674,0.021085728,1,1
10,9,2012,9/10/2012,19.270834,0,23.5,40,10,0,16,19.36,3.79,0.165,254,-0.938710189,-0.344707384,-1,-1.84E-16,2.895530773,1.737318464,14.1,17.37318464,100,11.5,0.1,0.1,49.6,24.33333333,26.85714286,49,38,53,47,8.3,6.414285714,8.7,8.7,25.54335907,50.44598837,0.006325718,2,2
11,9,2012,9/11/2012,24.266275,0,24,29,7.8,0,1,21.83,4.31,0.159,255,-0.944489229,-0.328542382,-1,-1.84E-16,2.983917477,2.118581409,17.04,16.52493499,60.84,9.8,0,0.1,49.5,23.5,26.4,40,38,48,47.14285714,8.766666667,7.2,10,10,24.93035135,45.22299418,0.001897716,3,3
12,9,2012,9/12/2012,22.929688,0,26.3,26,2.5,0,28,21.6,4.35,0.154,256,-0.949989923,-0.312280557,-1,-1.84E-16,3.421514668,2.531920854,19.462,6.329802136,6.25,11.5,0,0.1,49.1,23.83333333,25.72857143,29,29,39.33333333,45.42857143,8.833333333,7.671428571,10,10,24.65124594,37.11149709,0.000569315,4,4
13,9,2012,9/13/2012,22.014975,0,26.5,40,3.3,0,40,17.34,3.54,0.15,257,-0.955210651,-0.295926701,-1,-1.84E-16,3.462082359,2.077249415,15.9,6.85492307,10.89,14.5,0,0.1,27.2,24.6,25.38571429,26,26,31.66666667,41.71428571,6.766666667,7.314285714,10,10,25.14587216,31.55574855,0.000170794,5,5
14,9,2012,9/14/2012,22.615885,0,27,42,6.3,0,28,20.16,4.06,0.146,258,-0.960149874,-0.279485635,-1,-1.84E-16,3.565340176,2.067897302,15.66,13.027753,39.69,15.4,0,0.1,26.9,25.6,24.75714286,26,26,31.66666667,42,4.533333333,6.928571429,7.8,10,25.55211051,35.77787427,5.12E-05,6,6
15,9,2012,9/15/2012,25.515625,0,30.3,29,5.4,0,1,19.91,4.26,0.143,259,-0.964806136,-0.262962203,-1,-1.84E-16,4.316625383,3.064804022,21.513,16.54994172,29.16,16.1,0,0,26.9,26.6,24.9,26,26,36,40.14285714,4.033333333,6.6,6.3,10,25.98647736,38.88893714,1.54E-05,7,7
16,9,2012,9/16/2012,31.130209,0,32.1,26,6.9,0,5,19.81,4.63,0.139,260,-0.969178065,-0.246361274,-1,-1.84E-16,4.78171017,3.538465526,23.754,24.41541213,47.61,17.3,0,0,26.9,27.93333333,25.94285714,29,26,37,36.42857143,5,6.285714286,6.3,10,27.28053415,33.94446857,4.61E-06,8,8
17,9,2012,9/17/2012,25.753256,0,30,31,5.4,0,4,19.17,4.37,0.136,261,-0.973264374,-0.229687742,-1,-1.84E-16,4.243065059,2.927714891,20.7,15.80966041,29.16,16.2,0,0,26.9,29.8,27.1,26,26,32.33333333,33.14285714,6.2,6.028571429,6.9,10,28.72637391,29.97223428,1.38E-06,9,9
18,9,2012,9/18/2012,21.902344,0,27.6,54,4.8,0,53,16.96,3.61,0.136,262,-0.977063856,-0.21294652,-1,-1.84E-16,3.69278196,1.698679702,12.696,8.153662568,23.04,18.4,0,0,26.9,30.8,28.02857143,26,26,28.66666667,31.85714286,5.9,5.371428571,6.9,7.8,29.10846173,30.48611714,4.15E-07,10,10
19,9,2012,9/19/2012,16.966146,0,26,61,4.1,1,93,12.37,2.69,0.141,263,-0.980575394,-0.196142541,-1,-1.84E-16,3.361439829,1.310961533,10.14,5.374942286,16.81,18.2,0,0,24.9,29.9,28.54285714,26,26,37,35.42857143,5.7,4.942857143,6.9,6.9,28.65592321,42.24305857,1.25E-07,11,11
20,9,2012,9/20/2012,7.546224,0,23.7,68,5.4,0.7,69,12.97,2.47,0.154,264,-0.983797952,-0.179280759,-1,-1.84E-16,2.930607375,0.93779436,7.584,5.064089543,29.16,17.3,1,1,24.6,27.86666667,28.5,31,26,48.66666667,40.42857143,4.766666667,5.171428571,5.4,6.9,27.85914625,51.62152929,0.700000037,0,0
21,9,2012,9/21/2012,10.192058,0,25.9,46,5.2,1.9,67,15.76,3.13,0.178,265,-0.986730579,-0.162366141,-1,-1.84E-16,3.341620215,1.804474916,13.986,9.383269564,27.04,15.1,1.7,1.7,25.3,25.76666667,28.1,54,26,61,44.42857143,4.766666667,5.471428571,5.4,6.9,26.61140237,59.81076464,0.700000011,0,0
22,9,2012,9/22/2012,0.7890625,0,17.5,60,11.2,10.2,82,9.12,1.83,0.298,266,-0.989372413,-0.145403674,-1,-1.84E-16,1.999986975,0.79999479,7,8.959941648,125.44,9.5,3.6,3.6,27.2,25.2,27.94285714,46,26,58.33333333,45,4.9,5.314285714,5.4,6.9,26.39798166,52.90538232,1.540000003,0,0
23,9,2012,9/23/2012,1.7923177,0,20.4,60,1.8,0,46,14.27,2.66,0.27,267,-0.991722674,-0.128398355,-1,-1.84E-16,2.39681041,0.958724164,8.16,1.725703496,3.24,12.4,12.8,13.8,37.3,22.36666667,26.11428571,46,26,58,49.42857143,7.266666667,6.142857143,11.2,11.2,23.72858716,56.45269116,7.602000001,0,0
24,9,2012,9/24/2012,8.182292,0,25.6,41,2.2,0,4,18.68,3.58,0.248,268,-0.99378067,-0.111355197,-1,-1.84E-16,3.28277117,1.93683499,15.104,4.261036978,4.84,13.8,12.1,13.8,37.3,21.26666667,24.44285714,46,31,55.33333333,54.28571429,6.066666667,5.414285714,11.2,11.2,22.73001101,58.22634558,2.2806,1,1
25,9,2012,9/25/2012,16.611979,0,27.5,33,4.5,0,2,18.51,3.71,0.23,269,-0.995545794,-0.094279222,-1,-1.84E-16,3.671270209,2.45975104,18.425,11.06887968,20.25,14.1,10.2,13.8,37.3,21.16666667,23.81428571,41,41,53.66666667,55.71428571,5.066666667,4.957142857,11.2,11.2,23.59100771,49.61317279,0.68418,2,2
26,9,2012,9/26/2012,20.348307,0,28.5,26,0.7,0,6,18.46,3.77,0.214,270,-0.997017526,-0.077175462,-1,-1.84E-16,3.891379531,2.879620853,21.09,2.015734597,0.49,13.7,0,13.8,37.3,24.5,23.8,33,33,44.66666667,52.71428571,2.833333333,4.914285714,4.5,11.2,24.7637054,41.3065864,0.205254,3,3
27,9,2012,9/27/2012,22.37435,0,29.7,29,0.8,0,2,18.03,3.82,0.201,271,-0.998195433,-0.060048959,-1,-1.84E-16,4.170597197,2.96112401,21.087,2.368899208,0.64,15.5,0,12.8,37.3,27.2,24.15714286,26,26,33.33333333,47.71428571,2.466666667,4.428571429,4.5,11.2,25.88459378,33.6532932,0.0615762,4,4
28,9,2012,9/28/2012,22.582031,0,30.1,29,1.4,0,23,18.11,3.77,0.19,272,-0.999079167,-0.042904758,-1,-1.84E-16,4.267463105,3.029898804,21.371,4.241858326,1.96,15.9,0,12.1,33.5,28.56666667,25.01428571,26,26,29.33333333,42.14285714,2,3.771428571,4.5,11.2,27.02921564,31.3266466,0.01847286,5,5
29,9,2012,9/29/2012,22.980469,0,29,33,3.3,0,16,17.97,3.71,0.18,273,-0.999668468,-0.025747914,-1,-1.84E-16,4.0056776,2.683803992,19.43,8.856553174,10.89,15.6,0,10.2,13.9,29.43333333,25.61428571,26,26,28,39.71428571,0.966666667,3.228571429,1.4,11.2,27.95045095,30.1633233,0.005541858,6,6
30,9,2012,9/30/2012,23.888672,0,29.8,26,2.1,0,0,18.04,3.82,0.172,274,-0.999963161,-0.008583481,-1,-1.84E-16,4.194632611,3.104028132,22.052,6.518459077,4.41,15,0,0,13.9,29.6,27.25714286,29,26,30.33333333,35.85714286,1.833333333,2.1,3.3,4.5,28.26531567,31.58166165,0.001662557,7,7
1,10,2012,10/1/2012,26.121744,0,31.9,22,1.9,0,13,17.64,3.84,0.164,275,-0.999963161,0.008583481,-0.866025404,0.5,4.7279725,3.68781855,24.882,7.006855246,3.61,16.3,0,0,13.9,29.63333333,28.6,26,26,29.33333333,31,2.266666667,2.142857143,3.3,4.5,28.72572097,28.79083082,0.000498767,8,8
2,10,2012,10/2/2012,27.6875,0,29.4,25,5.5,0,63,15.5,3.55,0.157,276,-0.999668468,0.025747914,-0.866025404,0.5,4.099208154,3.074406116,22.05,16.90923364,30.25,14.4,0,0,13.9,30.23333333,29.5,22,22,27,28.28571429,2.433333333,2.1,3.3,4.5,29.67800468,25.39541541,0.00014963,9,9
3,10,2012,10/3/2012,25.095053,0,28.4,36,3.8,0,61,13.28,2.73,0.159,277,-0.999079167,0.042904758,-0.866025404,0.5,3.868863717,2.476072779,18.176,9.409076559,14.44,15.6,0,0,13.9,30.36666667,29.77142857,22,22,24.33333333,27.14285714,3.166666667,2.242857143,5.5,5.5,29.59460327,25.19770771,4.49E-05,10,10
4,10,2012,10/4/2012,6.7356772,0,23.2,68,8.9,2.6,66,11.58,2.18,0.184,278,-0.998195433,0.060048959,-0.866025404,0.5,2.843602903,0.909952929,7.424,8.098581068,79.21,16.8,0,0,13.9,29.9,29.75714286,22,22,27.66666667,28.57142857,3.733333333,2.685714286,5.5,5.5,29.23622229,30.59885385,1.35E-05,11,11
5,10,2012,10/5/2012,5.078125,0,23,58,6.4,3.1,66,13.54,2.54,0.205,279,-0.997017526,0.077175462,-0.866025404,0.5,2.809437622,1.179963801,9.66,7.551768329,40.96,14.6,2.6,2.6,16.5,27,28.82857143,25,22,43,34.14285714,6.066666667,3.842857143,8.9,8.9,27.4253556,49.29942693,1.82000404,0,0
6,10,2012,10/6/2012,7.6321616,0,23.4,51,3.1,0.8,38,15.65,2.98,0.201,280,-0.995545794,0.094279222,-0.866025404,0.5,2.878130285,1.41028384,11.466,4.371879903,9.61,13.6,5.7,5.7,19.6,24.86666667,27.81428571,36,22,54,38.28571429,6.366666667,4.557142857,8.9,8.9,26.09774892,53.64971346,2.716001212,0,0
7,10,2012,10/7/2012,14.317708,0,25.5,38,3.7,0,12,16.24,3.15,0.192,281,-0.99378067,0.111355197,-0.866025404,0.5,3.263356619,2.023281104,15.81,7.486140085,13.69,13.1,6.5,6.5,20.4,23.2,27.01428571,51,22,59,40.85714286,6.133333333,4.528571429,8.9,8.9,25.28842425,52.32485673,1.374800364,0,0
8,10,2012,10/8/2012,17.634766,0,25.1,39,9,0,57,12.39,2.47,0.192,282,-0.991722674,0.128398355,-0.866025404,0.5,3.186695762,1.943884415,15.311,17.49495973,81,12.9,3.9,6.5,20.3,23.96666667,26.4,38,22,49,42.57142857,4.4,4.757142857,6.4,8.9,25.35189697,45.16242837,0.412440109,1,1
9,10,2012,10/9/2012,0.27799478,0,15.8,62,5.3,9.4,75,9.25,1.64,0.283,283,-0.989372413,0.145403674,-0.866025404,0.5,1.795188282,0.682171547,6.004,3.615509199,28.09,8.2,0.8,6.5,20.3,24.66666667,25.42857143,38,25,42.66666667,45,5.266666667,5.771428571,9,9,25.27632788,42.08121418,0.123732033,2,2
10,10,2012,10/10/2012,2.4186199,0,20.5,51,1.5,0,51,13.54,2.4,0.264,284,-0.986730579,0.162366141,-0.866025404,0.5,2.41164128,1.181704227,10.045,1.772556341,2.25,10.7,9.4,15.9,29.7,22.13333333,23.48571429,38,36,46.33333333,50.28571429,6,5.742857143,9,9,22.43342952,52.04060709,6.61711961,0,0
11,10,2012,10/11/2012,4.6263022,0,18.4,71,5.7,0,100,6.07,1.19,0.259,285,-0.983797952,0.179280759,-0.866025404,0.5,2.116474806,0.613777694,5.336,3.498532855,32.49,12.6,9.4,15.9,29.7,20.46666667,22.35714286,39,38,50.66666667,52.42857143,5.266666667,5.414285714,9,9,21.85340066,51.52030355,1.985135883,1,1
12,10,2012,10/12/2012,1.0266927,0,19.2,58,2.9,3.9,45,13.17,2.3,0.269,286,-0.980575394,0.196142541,-0.866025404,0.5,2.224961118,0.93448367,8.064,2.710002642,8.41,10.8,9.4,13.3,29.7,18.23333333,21.67142857,51,38,61.33333333,52.85714286,4.166666667,4.957142857,5.7,9,20.81738046,61.26015177,0.595540765,2,2
13,10,2012,10/13/2012,4.9309897,0,23.7,37,4.2,0,6,14.97,2.82,0.25,287,-0.977063856,0.21294652,-0.866025404,0.5,2.930607375,1.846282646,14.931,7.754387113,17.64,11.1,3.9,14.1,33.6,19.36666667,21.12857143,51,38,60,52.85714286,3.366666667,4.457142857,5.7,9,20.33216632,59.63007589,2.908662229,0,0
14,10,2012,10/14/2012,10.429036,0,24.9,37,3.6,0,0,14.72,2.85,0.234,288,-0.973264374,0.229687742,-0.866025404,0.5,3.148957679,1.983843338,15.687,7.141836017,12.96,12.3,3.9,13.3,33.6,20.43333333,21.17142857,37,37,55.33333333,50.85714286,4.266666667,4.614285714,5.7,9,21.34251643,48.31503794,0.872598669,1,1
15,10,2012,10/15/2012,14.248698,0,26.2,35,4.2,0,9,14.39,2.92,0.222,289,-0.969178065,0.246361274,-0.866025404,0.5,3.40138661,2.210901296,17.03,9.285785444,17.64,13.2,3.9,13.3,33.6,22.6,21.08571429,37,37,44,50.71428571,3.566666667,4.6,4.2,9,22.4097615,42.65751897,0.261779601,2,2
16,10,2012,10/16/2012,15.365886,0,27.5,34,2.9,0,4,13.96,2.78,0.211,290,-0.964806136,0.262962203,-0.866025404,0.5,3.671270209,2.423038338,18.15,7.026811181,8.41,14.3,0,13.3,33.6,24.93333333,21.24285714,35,35,36.33333333,50.14285714,4,3.914285714,4.2,5.7,23.54683305,38.82875949,0.07853388,3,3
17,10,2012,10/17/2012,19.21289,0,27.9,33,2.9,0,5,14.12,2.91,0.201,291,-0.960149874,0.279485635,-0.866025404,0.5,3.757977111,2.517844664,18.693,7.301749526,8.41,14.5,0,3.9,33.6,26.2,22.91428571,34,34,35.33333333,46.14285714,3.566666667,3.571428571,4.2,5.7,24.73278313,36.41437974,0.023560164,4,4
18,10,2012,10/18/2012,15.287761,0,23,59,5.6,0,40,13.12,2.41,0.194,292,-0.955210651,0.295926701,-0.866025404,0.5,2.809437622,1.151869425,9.43,6.450468781,31.36,14.8,0,3.9,33.6,27.2,23.97142857,33,33,34,43.57142857,3.333333333,3.771428571,4.2,5.7,25.68294819,34.70718987,0.007068049,5,5
19,10,2012,10/19/2012,14.011067,0,20.4,49,3.4,0,38,13.95,2.44,0.189,293,-0.949989923,0.312280557,-0.866025404,0.5,2.39681041,1.222373309,10.404,4.156069252,11.56,10.2,0,3.9,33.6,26.13333333,24.62857143,33,33,42,41.85714286,3.8,3.757142857,5.6,5.6,24.87806374,46.85359494,0.002120415,6,6
20,10,2012,10/20/2012,12.587239,0,18.2,60,5.4,0,57,11.45,1.97,0.185,294,-0.944489229,0.328542382,-0.866025404,0.5,2.090087801,0.83603512,7.28,4.51458965,29.16,10.2,0,0,32.6,23.76666667,24.8,33,33,47,40.57142857,3.966666667,3.828571429,5.6,5.6,23.53464462,47.92679747,0.000636124,7,7
21,10,2012,10/21/2012,12.266276,0,23.1,45,7.1,0,38,13,2.52,0.183,295,-0.938710189,0.344707384,-0.866025404,0.5,2.826475201,1.554561361,12.705,11.03738566,50.41,12.1,0,0,31.9,20.53333333,24.01428571,49,33,56,43.85714286,4.8,4,5.6,5.6,21.93425123,53.96339873,0.000190837,8,8
22,10,2012,10/22/2012,16.516928,0,24.4,35,4.3,0,36,13.2,2.58,0.178,296,-0.932654508,0.360770799,-0.866025404,0.5,3.056312653,1.986603224,15.86,8.542393865,18.49,11.4,0,0,30,20.56666667,23.75714286,45,33,51.33333333,45,5.3,4.5,7.1,7.1,22.28397586,49.48169937,5.73E-05,9,9
23,10,2012,10/23/2012,3.2526042,0,17.1,83,1.1,2.2,79,6.36,1.17,0.19,297,-0.926323968,0.376727894,-0.866025404,0.5,1.950043263,0.331507355,2.907,0.36465809,1.21,13.7,0,0,19.8,21.9,23.5,35,33,46.66666667,45,5.6,4.514285714,7.1,7.1,22.9187831,42.24084968,1.72E-05,10,10
24,10,2012,10/24/2012,2.3808594,0,18.3,74,3.9,0.5,85,7.04,1.24,0.212,298,-0.919720437,0.392573965,-0.866025404,0.5,2.103245085,0.546843722,4.758,2.132690516,15.21,13.1,2.2,2.2,22,21.53333333,22.01428571,35,33,54.33333333,52,4.166666667,4.257142857,7.1,7.1,21.17314817,62.62042484,1.540005153,0,0
25,10,2012,10/25/2012,1.9108073,0,17,74,3.6,1.2,66,7.85,1.38,0.23,299,-0.91284586,0.408304342,-0.866025404,0.5,1.937729352,0.503809631,4.42,1.813714673,12.96,11.8,2.7,2.7,22.5,19.93333333,20.64285714,35,35,64,57.85714286,3.1,4.4,4.3,7.1,20.31120372,68.31021242,0.812001546,0,0
26,10,2012,10/26/2012,4.6178384,0,18.8,58,2.1,0,39,11.97,1.99,0.225,300,-0.905702263,0.423914391,-0.866025404,0.5,2.170124842,0.911452433,7.896,1.91405011,4.41,10.4,3.9,3.9,23.7,17.46666667,19.78571429,74,35,77,60,2.866666667,4.114285714,3.9,7.1,19.3178426,71.15510621,1.083600464,0,0
27,10,2012,10/27/2012,8.770183,0,21.1,47,5.2,0,6,12.87,2.3,0.216,301,-0.898291752,0.43939951,-0.866025404,0.5,2.502322755,1.32623106,11.183,6.896401514,27.04,10.5,1.7,3.9,23.7,18.03333333,19.55714286,58,35,68.66666667,61.28571429,3.2,3.928571429,3.9,7.1,19.16248982,64.57755311,0.325080139,1,1
28,10,2012,10/28/2012,19.82487,0,23.5,39,10.6,0,84,11.76,2.69,0.208,302,-0.890616509,0.454755136,-0.866025404,0.5,2.895530773,1.766273771,14.335,18.72250198,112.36,11.3,1.2,3.9,23.7,18.96666667,19.97142857,47,35,59.66666667,59.42857143,3.633333333,3.9,5.2,7.1,19.74374288,55.78877655,0.097524042,2,2
29,10,2012,10/29/2012,20.67513,0,26.1,37,10.2,0,84,11.19,2.61,0.2,303,-0.882678798,0.469976743,-0.866025404,0.5,3.381361812,2.130257941,16.443,21.728631,104.04,13.5,0,3.9,23.7,21.13333333,20.02857143,39,35,48,58.57142857,5.966666667,4.4,10.6,10.6,20.87062001,47.39438828,0.029257213,3,3
30,10,2012,10/30/2012,22.196615,0,21.5,46,13.3,0,84,8.24,1.87,0.201,304,-0.874480958,0.485059846,-0.866025404,0.5,2.564419721,1.384786649,11.61,18.41766243,176.89,10.7,0,3.9,23.7,23.56666667,20.27142857,37,37,41,58.85714286,8.666666667,5.242857143,10.6,10.6,22.43943401,42.19719414,0.008777164,4,4
31,10,2012,10/31/2012,1.3046875,0,17.8,69,2.3,2,93,8.94,1.56,0.228,305,-0.866025404,0.5,-0.866025404,0.5,2.038176335,0.631834664,5.518,1.453219727,5.29,11.6,0,1.7,23.7,23.7,20.9,37,37,40.66666667,53.57142857,11.36666667,6.985714286,13.3,13.3,22.15760381,44.09859707,0.002633149,5,5
1,5,2013,5/1/2013,11.57487,0,26.3,34,1.9,0,0,26.84,5.16,0.305,121,0.874480958,-0.485059846,0.5,-0.866025404,3.421514668,2.258199681,17.358,4.290579393,3.61,13.1,2,3.2,25.7,21.8,20.82857143,37,37,50.66666667,52.85714286,8.6,6.757142857,13.3,13.3,20.85032266,56.54929853,1.400789945,0,0
2,5,2013,5/2/2013,10.909505,0,26.2,50,5.2,0,24,26.46,5.08,0.296,122,0.866025404,-0.5,0.5,-0.866025404,3.40138661,1.700693305,13.1,8.843605185,27.04,16.2,2,2,25.7,21.86666667,22.15714286,34,34,49.66666667,47.14285714,5.833333333,6.514285714,13.3,13.3,22.48522587,45.27464927,0.420236983,1,1
3,5,2013,5/3/2013,11.746094,0,27.2,38,1.1,0,16,26.62,5.12,0.288,123,0.857314628,-0.514792802,0.5,-0.866025404,3.607388303,2.236580748,16.864,2.460238822,1.21,14.8,2,2,25.7,23.43333333,23.21428571,34,34,51,46,3.133333333,6.957142857,5.2,13.3,23.59965811,47.63732463,0.126071095,2,2
4,5,2013,5/4/2013,12.014323,0,26.3,53,6.4,0,1,26.08,4.98,0.28,124,0.848351198,-0.529433891,0.5,-0.866025404,3.421514668,1.608111894,12.361,10.29191612,40.96,16.9,0,2,23.1,26.56666667,24.08571429,34,34,40.66666667,44.71428571,2.733333333,6.371428571,5.2,13.3,24.67976067,42.81866232,0.037821329,3,3
5,5,2013,5/5/2013,12.701172,0,24.1,46,8.3,0,30,26.85,4.96,0.273,125,0.839137755,-0.543918954,0.5,-0.866025404,3.001874544,1.621012254,13.014,13.45440171,68.89,13.3,0,2,20,26.56666667,24.48571429,38,34,47,46.71428571,4.233333333,5.771428571,6.4,13.3,25.16583247,47.90933116,0.011346399,4,4
6,5,2013,5/6/2013,13.248698,0,23.1,45,4.5,0,3,27.29,4.89,0.265,126,0.829677014,-0.558243722,0.5,-0.866025404,2.826475201,1.554561361,12.705,6.995526123,20.25,12.1,0,2,19.2,25.86666667,24.2,38,34,45.66666667,48,5.266666667,5.5,8.3,13.3,24.84608273,46.95466558,0.00340392,5,5
7,5,2013,5/7/2013,12.677734,0,25.5,44,3.7,0,33,26.53,5.07,0.258,127,0.819971763,-0.572403973,0.5,-0.866025404,3.263356619,1.827479707,14.28,6.761674915,13.69,14.3,0,2,19.2,24.5,24.42857143,45,34,48,47.85714286,6.4,4.242857143,8.3,8.3,24.32225791,45.97733279,0.001021176,6,6
8,5,2013,5/8/2013,14.3567705,0,26.2,38,1.1,0,10,27.68,5.33,0.25,128,0.810024863,-0.586395533,0.5,-0.866025404,3.40138661,2.108859698,16.244,2.319745668,1.21,13.8,0,0,19.2,24.23333333,25.52857143,44,34,45,44.28571429,5.5,4.442857143,8.3,8.3,24.67558054,44.98866639,0.000306353,7,7
9,5,2013,5/9/2013,14.938802,0,26.1,44,4.6,0,52,27.13,5.15,0.242,129,0.799839245,-0.600214281,0.5,-0.866025404,3.381361812,1.893562615,14.616,8.710388027,21.16,14.9,0,0,9.8,24.93333333,25.51428571,38,38,42.33333333,44.85714286,3.1,4.328571429,4.5,8.3,25.13290638,41.4943332,9.19E-05,8,8
10,5,2013,5/10/2013,12.852864,0,23.5,58,5.1,0.2,93,18.84,3.56,0.241,130,0.78941791,-0.613856142,0.5,-0.866025404,2.895530773,1.216122925,9.87,6.202226916,26.01,15.1,0,0,9.8,25.93333333,25.5,38,38,42,44,3.133333333,4.242857143,4.6,8.3,25.42303446,42.7471666,2.76E-05,9,9
11,5,2013,5/11/2013,4.2597656,0,20.2,78,4.3,1.9,96,11.21,2.07,0.29,131,0.778763931,-0.627317097,0.5,-0.866025404,2.367387698,0.520825293,4.444,2.239548762,18.49,15.8,0.2,0.2,10,25.26666667,24.97142857,38,38,46.66666667,46.85714286,3.6,4.814285714,5.1,8.3,24.84612412,50.3735833,0.140008272,0,0
12,5,2013,5/12/2013,2.608073,0,20.2,66,7.4,5.5,85,16.93,2.96,0.326,132,0.767880446,-0.640593179,0.5,-0.866025404,2.367387698,0.804911817,6.868,5.956347447,54.76,13.4,2.1,2.1,8,23.26666667,24.1,44,38,60,50.42857143,4.666666667,4.514285714,5.1,8.3,23.45228689,64.18679165,1.372002481,0,0
13,5,2013,5/13/2013,3.7779949,0,19.5,67,5.4,0.1,68,15.3,2.71,0.321,133,0.756770663,-0.653680475,0.5,-0.866025404,2.266880101,0.748070433,6.435,4.03958034,29.16,12.9,7.6,7.6,13.5,21.3,23.54285714,58,38,67.33333333,53.28571429,5.6,4.385714286,7.4,7.4,22.47660082,65.09339582,4.261600744,0,0
14,5,2013,5/14/2013,3.1959636,0,19,80,7.3,3.3,78,14.81,2.48,0.342,134,0.745437857,-0.666575128,0.5,-0.866025404,2.197393324,0.439478665,3.8,3.208194253,53.29,15,7.5,7.7,13.6,19.96666667,23.02857143,66,38,70.33333333,56.42857143,5.7,4.514285714,7.4,7.4,21.58362057,66.04669791,1.348480223,0,0
15,5,2013,5/15/2013,2.3470051,0,18.3,68,4.4,5.4,88,17.55,2.95,0.358,135,0.733885366,-0.679273339,0.5,-0.866025404,2.103245085,0.673038427,5.856,2.961369079,19.36,11.9,8.9,11,16.9,19.56666667,22.1,66,38,71,61.57142857,6.7,5.028571429,7.4,7.4,20.8085344,73.02334896,2.714544067,0,0
16,5,2013,5/16/2013,1.0117188,0,21.6,55,3.7,4.5,54,23.81,4.25,0.349,136,0.722116597,-0.691771365,0.5,-0.866025404,2.580152726,1.161068727,9.72,4.295954289,13.69,12.6,8.8,16.4,22.3,18.93333333,20.97142857,67,44,71.66666667,65.85714286,5.7,5.5,7.3,7.4,20.05597408,70.51167448,4.59436322,0,0
17,5,2013,5/17/2013,3.0221355,0,22,56,2.9,0.6,71,14.8,2.81,0.331,137,0.710135016,-0.704065522,0.5,-0.866025404,2.643931192,1.163329725,9.68,3.373656201,8.41,13.2,13.2,20.9,26.8,19.63333333,20.32857143,55,55,67.66666667,67.42857143,5.133333333,5.371428571,7.3,7.4,20.51918186,62.75583724,4.528308966,0,0
18,5,2013,5/18/2013,8.420573,0,25.2,52,16.9,3,6,26.7,4.94,0.333,138,0.697944155,-0.716152188,0.5,-0.866025404,3.205712243,1.538741877,12.096,26.00473771,285.61,15.6,10.5,21.3,27.4,20.63333333,20.11428571,55,55,59.66666667,67.14285714,3.666666667,5.057142857,4.4,7.4,20.9634273,59.37791862,1.77849269,0,0
19,5,2013,5/19/2013,6.673828,0,23.3,54,7.4,1.7,14,24.55,4.55,0.322,139,0.685547606,-0.728027801,0.5,-0.866025404,2.86082113,1.31597772,10.718,9.738235125,54.76,14.1,8.1,22.4,30.4,22.93333333,20.82857143,52,52,54.33333333,63.42857143,7.833333333,6.857142857,16.9,16.9,22.23439911,55.68895931,2.633547807,0,0
20,5,2013,5/20/2013,9.269531,0,23.3,53,4.7,0,19,26.96,4.99,0.305,140,0.672949024,-0.739688861,0.5,-0.866025404,2.86082113,1.344585931,10.951,6.319553875,22.09,13.9,5.3,18.6,32.1,23.5,21.27142857,52,52,54,61.71428571,9.066666667,6.857142857,16.9,16.9,22.55407938,54.84447965,1.980064342,0,0
21,5,2013,5/21/2013,10.766927,0,25,54,4.8,0,11,27.17,5.1,0.291,141,0.660152121,-0.751131931,0.5,-0.866025404,3.167777718,1.45717775,11.5,6.9944532,23.04,15.8,4.7,18.5,32.1,23.93333333,21.81428571,52,52,53,59.71428571,9.666666667,6.757142857,16.9,16.9,22.77785556,53.92223983,0.594019303,1,1
22,5,2013,5/22/2013,12.756511,0,26.8,38,3.7,0.2,38,27.94,5.55,0.28,142,0.647160667,-0.762353639,0.5,-0.866025404,3.523719593,2.184706148,16.616,8.083412746,13.69,14.4,1.7,15.2,32.1,23.86666667,22.67142857,53,52,53.66666667,56,5.633333333,6.4,7.4,16.9,23.44449889,53.96111991,0.178205791,2,2
23,5,2013,5/23/2013,25.617838,0,30.2,34,13,0,63,24.16,5.76,0.266,143,0.633978493,-0.773350678,0.5,-0.866025404,4.291983042,2.832708808,19.932,36.8252145,169,17,0.2,10,30.1,25.03333333,23.88571429,38,38,48.33333333,51.71428571,4.4,6.3,4.8,16.9,24.45114923,45.98055996,0.193461737,0,0
24,5,2013,5/24/2013,18.714844,0,29,30,12,0.6,51,24.4,5.2,0.26,144,0.620609482,-0.784119807,0.5,-0.866025404,4.0056776,2.80397432,20.3,33.64769184,144,15,0.2,5.5,29.6,27.33333333,25.11428571,34,34,42,48.71428571,7.166666667,7.628571429,13,16.9,26.17580446,39.99027998,0.058038521,1,1
25,5,2013,5/25/2013,10.103516,0,23.7,44,5.1,1.6,21,24.54,4.62,0.264,145,0.607057574,-0.794657852,0.5,-0.866025404,2.930607375,1.64114013,13.272,8.369814662,26.01,12.5,0.8,5.5,29,28.66666667,26.11428571,30,30,34,45,9.566666667,8.928571429,13,16.9,27.02306312,34.99513999,0.437411556,0,0
26,5,2013,5/26/2013,13.3046875,0,24.7,47,6.1,0,14,24.53,4.66,0.253,146,0.593326764,-0.804961708,0.5,-0.866025404,3.111609911,1.649153253,13.091,10.05983484,37.21,14.1,2.2,4.1,30.6,27.63333333,25.9,30,30,36,43.85714286,10.03333333,7.242857143,13,13,26.02614418,39.49756999,1.251223467,0,0
27,5,2013,5/27/2013,13.378906,0,24,43,8.6,0.1,28,22.39,4.22,0.247,147,0.579421098,-0.815028338,0.5,-0.866025404,2.983917477,1.700832962,13.68,14.62716347,73.96,12.6,2.2,2.4,30.6,25.8,26.1,30,30,40.33333333,42.85714286,7.733333333,7.057142857,12,13,25.62830093,43.248785,0.37536704,1,1
28,5,2013,5/28/2013,12.264323,0,22.3,36,6.3,0.4,28,29.19,5.26,0.241,148,0.565344674,-0.824854775,0.5,-0.866025404,2.692664553,1.723305314,14.272,10.85682348,39.69,9.5,1.7,2.5,30.7,24.13333333,26.2,43,30,44.66666667,41.42857143,6.6,7.614285714,8.6,13,25.13981065,43.1243925,0.182610112,0,0
29,5,2013,5/29/2013,16.527994,0,26.8,33,3.8,0,68,24.31,5.08,0.229,149,0.55110164,-0.834438124,0.5,-0.866025404,3.523719593,2.360892127,17.956,8.971390083,14.44,13.4,0.5,2.9,31.1,23.66666667,25.81428571,36,30,42,38.85714286,7,7.828571429,8.6,13,24.28786746,39.56219625,0.334783034,0,0
30,5,2013,5/30/2013,24.945312,0,28.3,33,7.8,0,47,22.94,4.73,0.218,150,0.536696194,-0.84377556,0.5,-0.866025404,3.846461372,2.57712912,18.961,20.10160713,60.84,14.9,0.5,2.7,31.1,24.36666667,25.81428571,33,30,37.33333333,38.14285714,6.233333333,7.842857143,8.6,13,25.04150722,36.28109812,0.10043491,1,1
31,5,2013,5/31/2013,25.960287,0,28.9,35,7.2,0,28,26.59,5.65,0.209,151,0.522132581,-0.852864331,0.5,-0.866025404,3.982587166,2.588681658,18.785,18.63850794,51.84,15.9,0.4,2.7,29.1,25.8,25.54285714,33,30,34,38,5.966666667,7.1,7.8,12,26.01905505,34.64054906,0.030130473,2,2
1,6,2013,6/1/2013,8.439453,0,23.1,41,8,1.4,28,26.18,4.9,0.216,152,0.507415093,-0.86170176,1.22E-16,-1,2.826475201,1.667620369,13.629,13.34096295,64,11.3,0,2.1,29.1,28,25.52857143,33,33,33.66666667,38.71428571,6.266666667,6.414285714,7.8,8.6,26.88333854,34.82027453,0.009039142,3,3
2,6,2013,6/2/2013,10.808594,0,22.8,55,8.8,1.1,46,20.25,4.04,0.225,153,0.492548068,-0.870285241,1.22E-16,-1,2.775631234,1.249034055,10.26,10.99149968,77.44,13.8,1.4,1.9,30.5,26.76666667,25.44285714,33,33,36.33333333,38.28571429,7.666666667,6.828571429,8,8.6,25.74833698,37.91013727,0.982711743,0,0
3,6,2013,6/3/2013,0.55859375,0,17.9,75,16.9,9.4,64,16.67,2.73,0.339,154,0.477535886,-0.878612245,1.22E-16,-1,2.051047219,0.512761805,4.475,8.6656745,285.61,12.9,2.5,3,31.6,24.93333333,25.17142857,35,33,43.66666667,39.42857143,8,7.214285714,8.8,8.8,24.86383588,46.45506863,1.064813523,0,0
4,6,2013,6/4/2013,2.2591145,0,22.6,43,4.8,1.7,13,27.13,4.92,0.309,155,0.462382973,-0.886680318,1.22E-16,-1,2.742180549,1.563042913,12.882,7.502605983,23.04,11.2,11.9,12.3,41,21.26666667,24.3,41,33,57,44,11.23333333,8.4,16.9,16.9,22.77468512,60.72753432,6.899444057,0,0
5,6,2013,6/5/2013,7.783854,0,23.8,44,5.9,0.2,30,25.52,4.69,0.283,156,0.447093793,-0.894487082,1.22E-16,-1,2.948284305,1.651039211,13.328,9.741131344,34.81,12.6,12.2,13.6,42.7,21.1,24.34285714,43,33,57.66666667,45,10.16666667,8.185714286,16.9,16.9,22.72227958,51.86376716,3.259833217,0,0
6,6,2013,6/6/2013,8.080078,0,21.9,56,9.3,0.5,38,22.64,4,0.28,157,0.431672852,-0.902030237,1.22E-16,-1,2.627858844,1.156257891,9.636,10.75319839,86.49,13.1,11.3,13.8,42.9,21.43333333,23.91428571,43,33,54,46.57142857,9.2,8.485714286,16.9,16.9,23.04559571,47.93188358,1.117949965,0,0
7,6,2013,6/7/2013,5.109375,0,21.9,50,4.1,4.6,63,25.62,4.58,0.287,158,0.416124696,-0.909307559,1.22E-16,-1,2.627858844,1.313929422,10.95,5.387110631,16.81,11.9,2.4,14.3,43.4,22.76666667,23,43,35,47.66666667,49.85714286,6.666666667,8.7,9.3,16.9,22.701917,51.96594179,0.68538499,0,0
8,6,2013,6/8/2013,6.6035156,0,22.7,53,0.8,0.6,63,21.69,3.96,0.28,159,0.400453906,-0.916316904,1.22E-16,-1,2.758861627,1.296664965,10.669,1.037331972,0.64,13.3,5.3,18.9,48,22.53333333,22,44,41,50,52,6.433333333,8.257142857,9.3,16.9,22.4613419,50.98297089,3.425615497,0,0
9,6,2013,6/9/2013,6.270182,0,22,76,6.5,1.4,58,20.83,3.69,0.296,160,0.3846651,-0.923056207,1.22E-16,-1,2.643931192,0.634543486,5.28,4.12453266,42.25,17.2,5.7,18.1,48.6,22.16666667,21.94285714,50,43,53,53.71428571,4.733333333,7.228571429,9.3,16.9,22.53293933,51.99148545,1.447684649,0,0
10,6,2013,6/10/2013,4.8378906,0,22.3,53,4.7,3.8,46,23.73,4.33,0.293,161,0.368762931,-0.92952348,1.22E-16,-1,2.692664553,1.26555234,10.481,5.948095998,22.09,12.9,6.6,18.4,49.8,22.2,21.82857143,50,43,59.66666667,56.71428571,3.8,6.9,6.5,16.9,22.37305753,63.99574272,1.414305395,0,0
11,6,2013,6/11/2013,9.671224,0,25.7,44,2.9,0,7,28.55,5.45,0.27,162,0.352752087,-0.935716819,1.22E-16,-1,3.302286327,1.849280343,14.392,5.362912994,8.41,14.5,5.8,12.8,51.7,22.33333333,22.45714286,53,43,60.66666667,53.57142857,4,5.157142857,6.5,9.3,22.35114027,58.49787136,3.084291618,0,0
12,6,2013,6/12/2013,9.992839,0,25.8,54,6.6,0,70,20.71,4.13,0.254,163,0.336637284,-0.941634398,1.22E-16,-1,3.321902528,1.528075163,11.868,10.08529608,43.56,16.6,5.2,11.1,46.2,23.33333333,22.9,44,44,57.66666667,53.71428571,4.7,4.885714286,6.5,9.3,23.35579819,51.24893568,0.925287486,1,1
13,6,2013,6/13/2013,4.7669272,0,24.7,66,3.3,1.8,87,18.68,3.6,0.265,164,0.320423273,-0.947274472,1.22E-16,-1,3.111609911,1.05794737,8.398,3.49122632,10.89,17.9,3.8,10.9,46.1,24.6,23.18571429,44,44,50.33333333,55.14285714,4.733333333,4.985714286,6.6,9.3,24.08905873,52.62446784,0.277586246,2,2
14,6,2013,6/14/2013,2.595052,0,23.9,64,4.1,1.7,75,18.89,3.55,0.289,165,0.304114832,-0.952635381,1.22E-16,-1,2.966054202,1.067779513,8.604,4.377896002,16.81,16.7,1.8,12.2,44.6,25.4,23.58571429,44,44,54.66666667,56.57142857,4.266666667,4.128571429,6.6,6.6,24.27234111,59.31223392,1.343275874,0,0
15,6,2013,6/15/2013,4.5039062,0,24.4,59,5.6,1.3,66,20.41,3.73,0.293,166,0.287716767,-0.957715543,1.22E-16,-1,3.056312653,1.253088188,10.004,7.017293851,31.36,16.2,3.5,9.3,40.9,24.8,23.87142857,54,44,61.33333333,58.57142857,4.666666667,4.128571429,6.6,6.6,24.16063878,61.65611696,1.592982762,0,0
16,6,2013,6/16/2013,2.3059895,0,21.8,78,11.5,5.3,79,14.58,2.75,0.328,167,0.271233911,-0.962513463,1.22E-16,-1,2.611871906,0.574611819,4.796,6.608035923,132.25,17.4,4.8,10,37.7,24.33333333,24.11428571,59,44,63,59.42857143,4.333333333,4.814285714,5.6,6.6,24.23244715,60.32805848,1.387894829,0,0
17,6,2013,6/17/2013,0.02213542,0,21.3,93,6.3,23.6,89,11.82,2.16,0.39,168,0.25467112,-0.967027725,1.22E-16,-1,2.533204981,0.177324349,1.491,1.117143397,39.69,19.9,8.3,13.9,42.4,23.36666667,24.08571429,59,44,67,59.71428571,7.066666667,5.528571429,11.5,11.5,23.502713,69.16402924,4.126368449,0,0
18,6,2013,6/18/2013,0.16210938,0,23.5,80,8.5,7.6,70,18.3,3.33,0.383,169,0.238033277,-0.971256999,1.22E-16,-1,2.895530773,0.579106155,4.7,4.922402314,72.25,19.5,30.2,33.7,63,22.5,23.94285714,59,44,76.66666667,65.42857143,7.8,5.757142857,11.5,11.5,22.8418991,81.08201462,17.75791053,0,0
19,6,2013,6/19/2013,0.70703125,0,24.5,62,5.6,3.8,61,24.59,4.65,0.358,170,0.221325284,-0.97520004,1.22E-16,-1,3.074649051,1.168366639,9.31,6.54285318,31.36,16.9,36.5,41.3,68.9,22.2,23.62857143,78,54,83.66666667,70.57142857,8.766666667,6.557142857,11.5,11.5,23.03932937,80.54100731,10.64737316,0,0
20,6,2013,6/20/2013,3.2259114,0,24.5,52,7.9,0,54,24.94,4.7,0.335,171,0.204552066,-0.978855685,1.22E-16,-1,3.074649051,1.475831544,11.76,11.6590692,62.41,14.9,35,45.1,72.7,23.1,23.44285714,62,59,78.33333333,71.71428571,6.8,6.414285714,8.5,11.5,23.47753056,71.27050366,5.854211948,0,0
21,6,2013,6/21/2013,7.9407554,0,23.9,45,5.1,0,30,29.39,5.5,0.316,172,0.187718565,-0.982222857,1.22E-16,-1,2.966054202,1.631329811,13.145,8.319782036,26.01,12.9,11.4,43.3,72.7,24.16666667,23.41428571,52,52,64.66666667,69.71428571,7.333333333,7.071428571,8.5,11.5,23.78427139,61.63525183,1.756263584,1,1
22,6,2013,6/22/2013,9.251302,0,25.9,48,3.3,0,0,29.81,5.72,0.298,173,0.170829743,-0.985300563,1.22E-16,-1,3.341620215,1.737642512,13.468,5.734220289,10.89,15.5,3.8,41.6,72.5,24.3,23.41428571,45,45,53,67,6.2,7.214285714,7.9,11.5,23.81898997,53.31762591,0.526879075,2,2
23,6,2013,6/23/2013,11.59375,0,29.3,40,4.2,0,1,29.64,5.96,0.281,174,0.153890577,-0.988087896,1.22E-16,-1,4.075649206,2.445389523,17.58,10.270636,17.64,17.3,0,40.3,72.5,24.76666667,23.62857143,45,45,48.33333333,65.42857143,5.433333333,6.885714286,7.9,11.5,24.44329298,50.65881296,0.158063723,3,3
24,6,2013,6/24/2013,13.904948,0,30,39,4.8,0,1,28.62,5.84,0.266,175,0.136906058,-0.990584035,1.22E-16,-1,4.243065059,2.588269686,18.3,12.42369449,23.04,17.8,0,35,71.9,26.36666667,24.7,40,40,44.33333333,60,4.2,5.842857143,5.1,8.5,25.90030509,45.32940648,0.047419117,4,4
25,6,2013,6/25/2013,15.177734,0,29.7,45,5.9,0.2,2,28.74,5.91,0.254,176,0.119881192,-0.992788245,1.22E-16,-1,4.170597197,2.293828458,16.335,13.5335879,34.81,18.7,0,11.4,70.3,28.4,25.94285714,39,39,42.33333333,52.28571429,4.1,5.628571429,4.8,8.5,27.13021356,42.16470324,0.014225735,5,5
26,6,2013,6/26/2013,14.386067,0,29.3,51,6.1,0.7,3,29.55,6.05,0.242,177,0.102820997,-0.994699876,1.22E-16,-1,4.075649206,1.997068111,14.357,12.18211548,37.21,19.5,0.2,4,70.5,29.66666667,26.82857143,39,39,41.33333333,47.28571429,4.966666667,5.257142857,5.9,7.9,27.90114949,43.58235162,0.144267721,0,0
27,6,2013,6/27/2013,13.996094,0,29.7,49,3.4,0,1,29.74,6.05,0.228,178,0.0857305,-0.996318363,1.22E-16,-1,4.170597197,2.12700457,15.147,7.231815539,11.56,19.5,0.9,0.9,71.1,29.66666667,27.51428571,39,39,45,45.71428571,5.6,5.328571429,6.1,7.9,28.32080464,47.29117581,0.533280316,0,0
28,6,2013,6/28/2013,15.8125,0,30.2,51,5.9,0,6,28.43,5.91,0.216,179,0.068614738,-0.997643232,1.22E-16,-1,4.291983042,2.103071691,14.798,12.40812298,34.81,20.4,0.9,0.9,70.7,29.56666667,28.25714286,45,39,48.33333333,45.28571429,5.133333333,4.685714286,6.1,6.1,28.73456325,48.1455879,0.159984095,1,1
29,6,2013,6/29/2013,15.919922,0,27.7,56,6.1,0,52,25.58,5.24,0.206,180,0.051478755,-0.99867409,1.22E-16,-1,3.714403381,1.634337488,12.188,9.969458674,37.21,18.9,0.7,0.9,70.7,29.73333333,29.15714286,49,39,50.33333333,46.14285714,5.133333333,4.8,6.1,6.1,29.17419428,49.57279395,0.047995228,2,2
30,6,2013,6/30/2013,10.695964,0,28,59,10.6,0.2,47,20.58,4.15,0.202,181,0.034327601,-0.999410634,1.22E-16,-1,3.779930364,1.549771449,11.48,16.42757736,112.36,19.8,0,0.9,70.7,29.2,29.41428571,49,39,52,47.28571429,5.133333333,5.2,6.1,6.1,28.73193599,52.78639698,0.014398569,3,3
1,7,2013,7/1/2013,9.360677,0,23.5,62,13,1.2,67,19.56,3.69,0.219,182,0.01716633,-0.999852648,-0.5,-0.866025404,2.895530773,1.100301694,8.93,14.30392202,169,15.9,0.2,1.1,70.9,28.63333333,29.22857143,51,39,55.33333333,50,7.533333333,6.114285714,10.6,10.6,28.5123552,55.89319849,0.144319571,0,0
2,7,2013,7/2/2013,0.08528646,0,19.6,86,10.4,22.4,94,11.64,2.07,0.369,183,1.22E-16,-1,-0.5,-0.866025404,2.281005773,0.319340808,2.744,3.321144405,108.16,16.8,1.4,2.3,70.7,26.4,28.3,56,45,59,53.28571429,9.9,7.285714286,13,13,27.00864864,58.94659924,0.883295871,0,0
3,7,2013,7/3/2013,0.25976562,0,20.3,68,7.6,3.8,80,16.62,3.07,0.345,184,-0.01716633,-0.999852648,-0.5,-0.866025404,2.382059337,0.762258988,6.496,5.793168308,57.76,13.9,23.8,24.5,92,23.7,26.85714286,59,49,69,59.14285714,11.33333333,7.928571429,13,13,24.78605405,72.47329962,15.94498876,0,0
4,7,2013,7/4/2013,1.6178385,0,23.4,53,5.6,0.7,48,26.08,4.83,0.316,185,-0.034327601,-0.999410634,-0.5,-0.866025404,2.878130285,1.352721234,10.998,7.575238909,31.36,14,27.4,27.6,86.4,21.13333333,25.57142857,62,49,72,61.57142857,10.33333333,8.142857143,13,13,23.44023783,70.23664981,7.443496628,0,0
5,7,2013,7/5/2013,5.0240884,0,25.5,58,5,0,77,23.31,4.56,0.293,186,-0.051478755,-0.99867409,-0.5,-0.866025404,3.263356619,1.37060978,10.71,6.853048901,25,17.1,26.9,28.3,85.4,21.1,24.67142857,53,51,69,62.14285714,7.866666667,8.457142857,10.4,13,23.42816648,61.61832491,2.723048989,0,0
6,7,2013,7/6/2013,8.802083,0,27.1,55,6.7,0,52,25.14,5.05,0.278,187,-0.068614738,-0.997643232,-0.5,-0.866025404,3.586310566,1.613839755,12.195,10.81272636,44.89,18.1,4.5,28.3,85.2,23.06666667,24,53,53,59.66666667,63.14285714,6.066666667,8.328571429,7.6,13,24.04971654,59.80916245,0.816914697,1,1
7,7,2013,7/7/2013,9.3671875,0,27.5,52,6.8,0,34,23.97,4.9,0.263,188,-0.0857305,-0.996318363,-0.5,-0.866025404,3.671270209,1.7622097,13.2,11.98302596,46.24,17.9,0.7,28.3,84.7,25.33333333,23.91428571,53,53,55.33333333,63,5.766666667,8.414285714,6.7,13,24.96480158,57.40458123,0.245074409,2,2
8,7,2013,7/8/2013,12.5078125,0,29.7,47,6.8,0,32,27.89,5.74,0.25,189,-0.102820997,-0.994699876,-0.5,-0.866025404,4.170597197,2.210416514,15.741,15.0308323,46.24,19.1,0,28.1,80.1,26.7,23.84285714,52,52,55,62,6.166666667,7.871428571,6.8,13,25.7253611,54.70229061,0.073522323,3,3
9,7,2013,7/9/2013,14.0598955,0,30,43,8.7,0.5,26,27.82,5.82,0.238,190,-0.119881192,-0.992788245,-0.5,-0.866025404,4.243065059,2.418547083,17.1,21.04135963,75.69,18.6,0,26.9,79.5,28.1,24.72857143,47,47,51.33333333,59.85714286,6.766666667,6.985714286,6.8,10.4,26.91775277,50.85114531,0.022056697,4,4
10,7,2013,7/10/2013,17.189453,0,30,36,6.1,0,9,28.27,6,0.223,191,-0.136906058,-0.990584035,-0.5,-0.866025404,4.243065059,2.715561638,19.2,16.56492599,37.21,17.2,0.5,5,78.6,29.06666667,26.21428571,43,43,47.33333333,53.71428571,7.433333333,6.742857143,8.7,8.7,27.84242694,46.92557265,0.356617009,0,0
11,7,2013,7/11/2013,17.217447,0,28.8,49,5.7,0,29,26.04,5.4,0.211,192,-0.153890577,-0.988087896,-0.5,-0.866025404,3.95961263,2.019402441,14.688,11.51059391,32.49,18.6,0.5,1.2,74.8,29.9,27.6,36,36,42,49.14285714,7.2,6.528571429,8.7,8.7,28.48969886,41.46278633,0.106985103,1,1
12,7,2013,7/12/2013,18.326172,0,28.5,41,6.4,0.3,12,29.01,5.87,0.203,193,-0.170829743,-0.985300563,-0.5,-0.866025404,3.891379531,2.295913923,16.815,14.69384911,40.96,16.7,0.5,0.5,74.8,29.6,28.37142857,36,36,42.66666667,48.57142857,6.833333333,6.542857143,8.7,8.7,28.5827892,45.23139316,0.032095531,2,2
13,7,2013,7/13/2013,16.746094,0,27.4,55,6.1,0,58,23.43,4.78,0.194,194,-0.187718565,-0.982222857,-0.5,-0.866025404,3.64986766,1.642440447,12.33,10.01888673,37.21,18.4,0.3,0.8,75.1,29.1,28.8,36,36,42,46.14285714,6.066666667,6.742857143,6.4,8.7,28.55795244,43.11569658,0.219628659,0,0
14,7,2013,7/14/2013,12.728516,0,27.6,51,6.4,0.5,64,22.37,4.55,0.195,195,-0.204552066,-0.978855685,-0.5,-0.866025404,3.69278196,1.809463161,13.524,11.58056423,40.96,17.8,0.3,0.8,73.3,28.23333333,28.84285714,41,36,48.33333333,46.14285714,6.066666667,6.657142857,6.4,8.7,28.21056671,49.05784829,0.065888598,1,1
15,7,2013,7/15/2013,7.779297,0,26.1,61,6.3,1.5,77,20.16,4.15,0.201,196,-0.221325284,-0.97520004,-0.5,-0.866025404,3.381361812,1.318731107,10.179,8.308005972,39.69,18.3,0.8,1.3,72.1,27.83333333,28.85714286,41,36,49,46,6.3,6.6,6.4,8.7,28.0273967,50.02892415,0.369766579,0,0
16,7,2013,7/16/2013,7.1171875,0,23.6,80,6.4,0.6,75,14.91,2.97,0.211,197,-0.238033277,-0.971256999,-0.5,-0.866025404,2.913023,0.5826046,4.72,3.72866944,40.96,19.6,2,2.8,72.3,27.03333333,28.34285714,51,36,55.66666667,48,6.266666667,6.528571429,6.4,8.7,27.44917769,55.51446207,1.160929974,0,0
17,7,2013,7/17/2013,9.712239,0,24.9,55,8.3,1.1,55,18.38,3.79,0.218,198,-0.25467112,-0.967027725,-0.5,-0.866025404,3.148957679,1.417030956,11.205,11.76135693,68.89,15.9,2.6,2.9,67.6,25.76666667,27.42857143,51,36,64,53.28571429,6.366666667,6.2,6.4,6.4,26.29442438,67.75723104,0.768278992,0,0
18,7,2013,7/18/2013,12.666016,0,25.2,51,9.4,0,79,18.2,3.71,0.213,199,-0.271233911,-0.962513463,-0.5,-0.866025404,3.205712243,1.570798999,12.348,14.76551059,88.36,15.4,3.2,4,45.1,24.86666667,26.7,55,41,65.33333333,56,7,6.514285714,8.3,8.3,25.87609707,61.37861552,1.000483698,0,0
19,7,2013,7/19/2013,10.776692,0,25.4,52,9.4,0,49,22.97,4.56,0.212,200,-0.287716767,-0.957715543,-0.5,-0.866025404,3.244042238,1.557140274,12.192,14.63711858,88.36,15.8,1.7,4,37.5,24.56666667,26.18571429,51,41,62,56.28571429,8.033333333,7.042857143,9.4,9.4,25.67326795,56.18930776,0.300145109,1,1
20,7,2013,7/20/2013,14.884766,0,27.6,38,4.7,0,19,28.63,5.74,0.206,201,-0.304114832,-0.952635381,-0.5,-0.866025404,3.69278196,2.289524815,17.112,10.76076663,22.09,15.2,1.1,3.7,33.7,25.16666667,25.74285714,51,51,52.66666667,57.85714286,9.033333333,7.471428571,9.4,9.4,25.59128756,54.09465388,0.090043533,2,2
21,7,2013,7/21/2013,20.203775,0,26.6,43,10.2,0,31,26.52,5.3,0.192,202,-0.320423273,-0.947274472,-0.5,-0.866025404,3.482522891,1.985038048,15.162,20.24738809,104.04,15.2,0,3.7,33.7,26.06666667,25.77142857,38,38,47,55.42857143,7.833333333,7.271428571,9.4,9.4,26.19390129,46.04732694,0.02701306,3,3
22,7,2013,7/22/2013,18.472006,0,23.6,49,8.4,0.1,66,22.32,4.38,0.185,203,-0.336637284,-0.941634398,-0.5,-0.866025404,2.913023,1.48564173,12.036,12.47939053,70.56,13.4,0,3.2,33.7,26.53333333,25.62857143,38,38,44.33333333,54.28571429,8.1,7.814285714,10.2,10.2,26.31573091,44.52366347,0.008103918,4,4
23,7,2013,7/23/2013,20.341146,0,25,43,8.6,0,9,28.52,5.54,0.177,204,-0.352752087,-0.935716819,-0.5,-0.866025404,3.167777718,1.805633299,14.25,15.52844637,73.96,13.6,0.1,1.8,33.8,25.93333333,25.27142857,38,38,43.33333333,52.57142857,7.766666667,8.114285714,10.2,10.2,25.50101163,46.76183173,0.072431175,0,0
24,7,2013,7/24/2013,23.934896,0,27.9,31,5.7,0,0,28.59,5.78,0.166,205,-0.368762931,-0.92952348,-0.5,-0.866025404,3.757977111,2.593004207,19.251,14.78012398,32.49,14.1,0.1,1.2,33.8,25.06666667,25.47142857,43,38,45,47.28571429,9.066666667,8.428571429,10.2,10.2,25.35070814,44.88091587,0.021729353,1,1
25,7,2013,7/25/2013,26.830729,0,27.2,35,8.7,0,0,28.38,5.75,0.158,206,-0.3846651,-0.923056207,-0.5,-0.866025404,3.607388303,2.344802397,17.68,20.39978085,75.69,14.2,0.1,0.1,33.8,25.5,25.9,31,31,41,43.85714286,7.566666667,8.057142857,8.6,10.2,26.1154957,37.94045793,0.006518806,2,2
26,7,2013,7/26/2013,23.001953,0,25.5,48,12.3,0,16,22.58,4.58,0.152,207,-0.400453906,-0.916316904,-0.5,-0.866025404,3.263356619,1.696945442,13.26,20.87242894,151.29,15.1,0,0.1,33.6,26.7,26.18571429,31,31,36.33333333,41.57142857,7.666666667,7.957142857,8.7,10.2,26.44084699,36.47022897,0.001955642,3,3
27,7,2013,7/27/2013,7.344401,0,22.4,74,8.9,1.5,65,16.42,3.08,0.16,208,-0.416124696,-0.909307559,-0.5,-0.866025404,2.709082405,0.704361425,5.824,6.268816686,79.21,17.2,0,0.1,32.9,26.86666667,26.2,31,31,38,41,8.9,8.371428571,12.3,12.3,26.15859289,42.23511448,0.000586693,4,4
28,7,2013,7/28/2013,4.078776,0,23.3,60,9.2,2.6,47,18.5,3.67,0.176,209,-0.431672852,-0.902030237,-0.5,-0.866025404,2.86082113,1.144328452,9.32,10.52782176,84.64,15.3,1.5,1.6,34.4,25.03333333,25.45714286,35,31,52.33333333,46.14285714,9.966666667,8.971428571,12.3,12.3,25.03101503,58.11755724,1.050176008,0,0
29,7,2013,7/29/2013,11.979167,0,26.5,40,5.9,0,23,27.8,5.47,0.172,210,-0.447093793,-0.894487082,-0.5,-0.866025404,3.462082359,2.077249415,15.9,12.25577155,34.81,14.5,4.1,4.2,37,23.73333333,24.98571429,48,31,60.66666667,48.57142857,10.13333333,8.828571429,12.3,12.3,24.51171052,59.05877862,2.135052802,0,0
30,7,2013,7/30/2013,20.838541,0,28.6,35,5.9,0,4,27.57,5.69,0.162,211,-0.462382973,-0.886680318,-0.5,-0.866025404,3.914009299,2.544106044,18.59,15.01022566,34.81,15.6,4.1,4.1,37,24.06666667,25.4,40,31,58,47.28571429,8,8.471428571,9.2,12.3,25.10819736,49.52938931,0.640515841,1,1
31,7,2013,7/31/2013,26.130209,0,28.7,37,9.7,0,3,27.14,5.64,0.153,212,-0.477535886,-0.878612245,-0.5,-0.866025404,3.936753503,2.480154707,18.081,24.05750066,94.09,16.1,2.6,4.1,36.8,26.13333333,25.91428571,35,31,45,46.14285714,7,8.085714286,9.2,12.3,26.15573815,42.26469466,0.192154752,2,2
1,8,2013,8/1/2013,15.855469,0,26.6,56,7.9,0.1,66,18.72,3.65,0.159,213,-0.492548068,-0.870285241,-0.866025404,-0.5,3.482522891,1.532310072,11.704,12.10524957,62.41,17.8,0,4.1,35.6,27.93333333,26.02857143,35,35,37.33333333,47,7.166666667,8.657142857,9.7,12.3,26.91901671,39.63234733,0.057646426,3,3
2,8,2013,8/2/2013,10.20638,0,26.4,49,7.4,2.6,54,22.95,4.69,0.172,214,-0.507415093,-0.86170176,-0.866025404,-0.5,3.441746435,1.755290682,13.464,12.98915104,54.76,16.2,0.1,4.2,13.3,27.96666667,25.94285714,35,35,42.66666667,50,7.833333333,8.542857143,9.7,12.3,26.8233117,47.81617366,0.087293928,0,0
3,8,2013,8/3/2013,12.090495,0,24.5,57,8.4,0,40,20.96,4.21,0.165,215,-0.522132581,-0.852864331,-0.866025404,-0.5,3.074649051,1.322099092,10.535,11.10563237,70.56,15.9,2.7,6.8,12.1,27.23333333,26.07142857,37,35,47.33333333,50.14285714,8.333333333,7.842857143,9.7,9.7,26.69631819,48.40808683,1.846188178,0,0
4,8,2013,8/4/2013,18.220053,0,25.6,50,12.6,0,19,19.93,4.09,0.16,216,-0.536696194,-0.84377556,-0.866025404,-0.5,3.28277117,1.641385585,12.8,20.68145837,158.76,15.6,2.7,5.3,11.4,25.83333333,26.37142857,49,35,54,47.71428571,7.9,7.771428571,8.4,9.7,26.03742273,52.70404342,0.553856453,1,1
5,8,2013,8/5/2013,18.725912,0,25.8,43,8.4,0,36,26.57,5.33,0.156,217,-0.55110164,-0.834438124,-0.866025404,-0.5,3.321902528,1.893484441,14.706,15.90526931,70.56,14.4,2.6,2.7,11.4,25.5,26.7,49,35,52,46.28571429,9.466666667,8.257142857,12.6,12.6,25.90619591,51.35202171,0.166156936,2,2
6,8,2013,8/6/2013,22.998047,0,27.1,42,8.3,0,32,26.15,5.38,0.149,218,-0.565344674,-0.824854775,-0.866025404,-0.5,3.586310566,2.080060128,15.718,17.26449907,68.89,15.5,0,2.7,11.4,25.3,26.6,43,35,50,46.71428571,9.8,8.614285714,12.6,12.6,25.87433714,47.17601085,0.049847081,3,3
7,8,2013,8/7/2013,25.226562,0,27.3,41,9.1,0,37,23.39,4.88,0.144,219,-0.579421098,-0.815028338,-0.866025404,-0.5,3.628573846,2.140858569,16.107,19.48181298,82.81,15.5,0,2.7,11.4,26.16666667,26.38571429,42,37,45,47.71428571,9.766666667,8.957142857,12.6,12.6,26.242036,44.58800543,0.014954124,4,4
8,8,2013,8/8/2013,24.095703,0,27.6,46,8,0,47,21.09,4.42,0.141,220,-0.593326764,-0.804961708,-0.866025404,-0.5,3.69278196,1.994102259,14.904,15.95281807,64,16.8,0,2.7,11.4,26.73333333,26.18571429,41,41,42,48.28571429,8.6,8.871428571,9.1,12.6,26.5594252,42.79400271,0.004486237,5,5
9,8,2013,8/9/2013,25.37565,0,29.5,37,8.2,0,19,26.36,5.67,0.138,221,-0.607057574,-0.794657852,-0.866025404,-0.5,4.122885469,2.597417846,18.585,21.29882633,67.24,16.9,0,2.6,10.9,27.33333333,26.32857143,41,41,43,46.85714286,8.466666667,8.885714286,9.1,12.6,26.87159764,44.39700136,0.001345871,6,6
10,8,2013,8/10/2013,30.05664,0,30,27,4.6,0,0,26.75,5.81,0.134,222,-0.620609482,-0.784119807,-0.866025404,-0.5,4.243065059,3.097437493,21.9,14.24821247,21.16,15.4,0,0,10.9,28.13333333,26.77142857,37,37,41.33333333,45.14285714,8.433333333,9,9.1,12.6,27.66011835,40.69850068,0.000403761,7,7
11,8,2013,8/11/2013,27.634115,0,30,45,8.2,0,24,22.78,4.98,0.132,223,-0.633978493,-0.773350678,-0.866025404,-0.5,4.243065059,2.333685782,16.5,19.13622342,67.24,19,0,0,10.9,29.03333333,27.55714286,27,27,36.66666667,40.85714286,6.933333333,8.457142857,8.2,12.6,28.36208284,33.84925034,0.000121128,8,8
12,8,2013,8/12/2013,28.777344,0,28.1,41,8.7,0.2,30,24.47,5.11,0.131,224,-0.647160667,-0.762353639,-0.866025404,-0.5,3.801995174,2.243177153,16.579,19.51564123,75.69,16.3,0,0,10.6,29.83333333,28.18571429,27,27,36.33333333,40.14285714,7,7.828571429,8.2,9.1,28.85345799,39.42462517,3.63E-05,9,9
13,8,2013,8/13/2013,28.571615,0,28.9,35,6.7,0.2,19,26.09,5.42,0.129,225,-0.660152121,-0.751131931,-0.866025404,-0.5,3.982587166,2.588681658,18.785,17.34416711,44.89,15.9,0.2,0.2,10.8,29.36666667,28.51428571,27,27,37.66666667,39.85714286,7.166666667,7.871428571,8.7,9.1,28.62742059,40.21231258,0.140010902,0,0
14,8,2013,8/14/2013,31.072916,0,30.6,36,7.3,0,5,25.81,5.63,0.127,226,-0.672949024,-0.739688861,-0.866025404,-0.5,4.391291947,2.810426846,19.584,20.51611598,53.29,17.8,0.4,0.4,10.5,29,28.77142857,35,27,40.33333333,38.85714286,7.866666667,7.642857143,8.7,9.1,28.70919442,37.60615629,0.18200327,0,0
15,8,2013,8/15/2013,32.927734,0,30.1,33,7.2,0,8,25.92,5.63,0.125,227,-0.685547606,-0.728027801,-0.866025404,-0.5,4.267463105,2.85920028,20.167,20.58624202,51.84,16.7,0.4,0.4,9,29.2,29.24285714,35,27,37.33333333,38.14285714,7.566666667,7.385714286,8.7,8.7,29.27643609,36.80307815,0.054600981,1,1
16,8,2013,8/16/2013,34.44401,0,29.6,40,10.7,0,53,20.32,4.68,0.126,228,-0.697944155,-0.716152188,-0.866025404,-0.5,4.14668165,2.48800899,17.76,26.62169619,114.49,17.6,0.2,0.4,8.4,29.86666667,29.6,33,27,34.66666667,36.28571429,7.066666667,7.271428571,7.3,8.7,29.52350526,34.90153907,0.016380294,2,2
17,8,2013,8/17/2013,32.821613,0,30.2,40,11.3,0,31,21.52,4.78,0.13,229,-0.710135016,-0.704065522,-0.866025404,-0.5,4.291983042,2.575189825,18.12,29.09964503,127.69,18.2,0,0.4,7.3,30.1,29.61428571,33,27,36.33333333,36.71428571,8.4,7.628571429,10.7,10.7,29.54645368,37.45076954,0.004914088,3,3
18,8,2013,8/18/2013,14.121094,0,26.9,58,9.2,1,58,19.31,3.95,0.142,230,-0.722116597,-0.691771365,-0.866025404,-0.5,3.544476671,1.488680202,11.298,13.69585786,84.64,18.5,0,0.4,7.3,29.96666667,29.64285714,33,33,37.66666667,38.57142857,9.733333333,8.585714286,11.3,11.3,29.74251758,38.72538477,0.001474226,4,4
19,8,2013,8/19/2013,18.364584,0,28.4,46,9.9,2.7,17,20.88,4.5,0.15,231,-0.733885366,-0.679273339,-0.866025404,-0.5,3.868863717,2.089186407,15.336,20.68294543,98.01,17.6,1,1.4,8.3,28.9,29.2,40,33,46,40.42857143,10.4,8.728571429,11.3,11.3,28.88976231,48.36269238,0.700442268,0,0
20,8,2013,8/20/2013,29.486979,0,28.9,33,6.8,0,9,25.18,5.38,0.145,232,-0.745437857,-0.666575128,-0.866025404,-0.5,3.982587166,2.668333401,19.363,18.14466713,46.24,15.5,3.7,3.9,11,28.5,29.24285714,40,33,48,41.14285714,10.13333333,8.9,11.3,11.3,28.74283361,47.18134619,2.10013268,0,0
21,8,2013,8/21/2013,34.261066,0,28.4,29,6,0,0,25.38,5.41,0.14,233,-0.756770663,-0.653680475,-0.866025404,-0.5,3.868863717,2.746893239,20.164,16.48135943,36,14.2,3.7,3.7,11,28.06666667,29.24285714,33,33,45.66666667,40.85714286,8.633333333,8.914285714,9.9,11.3,28.78998353,40.0906731,0.630039804,1,1
22,8,2013,8/22/2013,35.09831,1,29.3,32,5,0,3,24.48,5.27,0.135,234,-0.767880446,-0.640593179,-0.866025404,-0.5,4.075649206,2.77144146,19.924,13.8572073,25,15.7,2.7,3.7,10.9,28.56666667,28.92857143,29,29,36,39.85714286,7.566666667,8.728571429,9.9,11.3,28.67298847,34.54533655,0.189011941,2,2
23,8,2013,8/23/2013,31.226562,0,28.4,49,8.1,0,36,20.19,4.21,0.135,235,-0.778763931,-0.627317097,-0.866025404,-0.5,3.868863717,1.973120495,14.484,15.98227601,65.61,18.2,0,3.7,10.9,28.86666667,28.81428571,29,29,31.33333333,39.71428571,5.933333333,8.414285714,6.8,11.3,28.86109193,33.27266827,0.056703582,3,3
24,8,2013,8/24/2013,24.271484,0,26.4,47,4.7,1,52,19.21,4.1,0.137,236,-0.78941791,-0.613856142,-0.866025404,-0.5,3.441746435,1.82412561,13.992,8.573390368,22.09,15.8,0,3.7,10.9,28.7,28.64285714,29,29,36.66666667,41,6.366666667,8.042857143,8.1,11.3,28.72276435,41.13633414,0.017011075,4,4
25,8,2013,8/25/2013,33.39453,0,29.3,28,2.4,0,13,22.95,5.01,0.134,237,-0.799839245,-0.600214281,-0.866025404,-0.5,4.075649206,2.934467428,21.096,7.042721828,5.76,14.9,1,4.7,11.9,28.03333333,28.1,32,29,42.66666667,42,5.933333333,7.1,8.1,9.9,28.02593505,44.06816707,0.705103322,0,0
26,8,2013,8/26/2013,35.95117,1,31.3,29,4.7,0,13,21.51,4.9,0.131,238,-0.810024863,-0.586395533,-0.866025404,-0.5,4.569894388,3.244625016,22.223,15.24973757,22.09,17.1,1,3.7,11.9,28.03333333,28.44285714,28,28,41.33333333,37.71428571,5.066666667,6.128571429,8.1,9.9,28.40815453,36.03408353,0.211530997,1,1
27,8,2013,8/27/2013,34.953777,0,30.6,34,7.8,0,0,23.83,5.19,0.128,239,-0.819971763,-0.572403973,-0.866025404,-0.5,4.391291947,2.898252685,20.196,22.60637094,60.84,17.4,1,1,10.4,29,28.85714286,28,28,34.66666667,35.28571429,3.933333333,5.385714286,4.7,8.1,29.27570817,32.51704177,0.063459299,2,2
28,8,2013,8/28/2013,35.05599,1,32.8,29,4.4,0,1,23.76,5.38,0.126,240,-0.829677014,-0.558243722,-0.866025404,-0.5,4.973991993,3.531534315,23.288,15.53875099,19.36,18.6,0,1,7.8,30.4,29.1,28,28,30.33333333,35.42857143,4.966666667,5.528571429,7.8,8.1,29.67299572,33.25852088,0.01903779,3,3
29,8,2013,8/29/2013,40.30013,1,32.4,23,9.5,0,2,23.28,5.34,0.125,241,-0.839137755,-0.543918954,-0.866025404,-0.5,4.863311198,3.744749623,24.948,35.57512141,90.25,17,0,1,7.8,31.56666667,29.72857143,29,28,30.66666667,35.42857143,5.633333333,5.3,7.8,8.1,30.611097,31.12926044,0.005711337,4,4
30,8,2013,8/30/2013,31.539713,0,27.9,46,6.8,0,66,17.72,3.88,0.124,242,-0.848351198,-0.529433891,-0.866025404,-0.5,3.757977111,2.02930764,15.066,13.79929195,46.24,17.1,0,1,7.8,31.93333333,30.17142857,23,23,28.66666667,34.14285714,7.233333333,5.942857143,9.5,9.5,31.1477679,27.06463022,0.001713401,5,5
31,8,2013,8/31/2013,3.4707031,0,21.3,76,7.6,6.2,80,10.78,2.13,0.171,243,-0.857314628,-0.514792802,-0.866025404,-0.5,2.533204981,0.607969195,5.112,4.620565886,57.76,16.5,0,1,7.8,31.03333333,30.1,23,23,32.66666667,33.71428571,6.9,5.757142857,9.5,9.5,30.17343753,36.53231511,0.00051402,6,6
1,9,2013,9/1/2013,8.703776,0,22.5,48,6.8,1.5,43,16.25,3.26,0.188,244,-0.866025404,-0.5,-1,-1.84E-16,2.725587607,1.417305555,11.7,9.637677777,46.24,12.1,6.2,6.2,13.9,27.2,29.37142857,23,23,48.33333333,37.85714286,7.966666667,6.171428571,9.5,9.5,27.51140627,56.26615756,4.340154206,0,0
2,9,2013,9/2/2013,19.908854,0,25.4,42,6.1,0,12,20.9,4.2,0.179,245,-0.874480958,-0.485059846,-1,-1.84E-16,3.244042238,1.881544498,14.732,11.47742144,37.21,13.8,7.7,7.7,12.8,23.9,28.4,46,23,56.66666667,40.71428571,7.066666667,6.8,7.6,9.5,26.00798439,52.13307878,2.352046262,0,0
3,9,2013,9/3/2013,26.696615,0,24.6,38,9.3,0,6,22.14,4.42,0.169,246,-0.882678798,-0.469976743,-1,-1.84E-16,3.09308133,1.917710424,15.252,17.83470695,86.49,12.2,7.7,7.7,12.8,23.06666667,27.55714286,42,23,55.33333333,42.57142857,6.833333333,7,7.6,9.5,25.82558907,47.06653939,0.705613879,1,1
4,9,2013,9/4/2013,1.2018229,0,17.8,77,11.7,6.6,75,11.74,2.06,0.222,247,-0.890616509,-0.454755136,-1,-1.84E-16,2.038176335,0.468780557,4.094,5.484732518,136.89,13.2,1.5,7.7,12.8,24.16666667,26.7,38,23,42.66666667,43.14285714,7.4,7.214285714,9.3,9.5,25.45791235,42.53326969,0.211684164,2,2
5,9,2013,9/5/2013,0.10872396,0,18,75,9.7,15,74,14.35,2.41,0.339,248,-0.898291752,-0.43939951,-1,-1.84E-16,2.063989203,0.515997301,4.5,5.005173816,94.09,13,6.6,14.3,19.4,22.6,24.55714286,38,23,52.33333333,50,9.033333333,8.257142857,11.7,11.7,23.16053865,59.76663485,4.683505249,0,0
6,9,2013,9/6/2013,1.03125,0,20.4,50,4.4,1.1,21,19.37,3.44,0.292,249,-0.905702263,-0.423914391,-1,-1.84E-16,2.39681041,1.198405205,10.2,5.272982903,19.36,10.4,21.6,29.3,34.4,20.13333333,22.5,38,38,63.33333333,57.42857143,10.23333333,8.285714286,11.7,11.7,21.61237705,67.38331742,11.90505157,0,0
7,9,2013,9/7/2013,6.794922,0,22.6,36,7.7,0,0,22.45,4.13,0.261,250,-0.91284586,-0.408304342,-1,-1.84E-16,2.742180549,1.754995552,14.464,13.51346575,59.29,9.8,22.7,30.4,35.5,18.73333333,21.42857143,50,38,67.33333333,58,8.6,7.942857143,11.7,11.7,21.24866394,58.69165871,4.341515472,0,0
8,9,2013,9/8/2013,9.630859,0,20.6,51,8.1,0,45,16.81,3.02,0.242,251,-0.919720437,-0.392573965,-1,-1.84E-16,2.426552312,1.189010633,10.094,9.630986127,65.61,10.8,16.1,24.2,35.5,20.33333333,21.61428571,36,36,53.66666667,52.28571429,7.266666667,7.957142857,9.7,11.7,21.65406476,47.34582936,1.302454642,1,1
9,9,2013,9/9/2013,2.0696614,0,19.2,58,5.6,1.3,58,14.19,2.63,0.24,252,-0.926323968,-0.376727894,-1,-1.84E-16,2.224961118,0.93448367,8.064,5.23310855,31.36,10.8,1.1,22.7,35.5,21.2,21.34285714,36,36,45.66666667,52.71428571,6.733333333,8.142857143,8.1,11.7,21.33784533,49.17291468,0.390736393,2,2
10,9,2013,9/10/2013,4.4296875,0,21.9,48,8.8,0,34,16.74,3.1,0.231,253,-0.932654508,-0.360770799,-1,-1.84E-16,2.627858844,1.366486599,11.388,12.02508207,77.44,11.5,1.3,24,36.8,20.8,20.45714286,36,36,48.33333333,55,7.133333333,8.071428571,8.1,11.7,20.69649173,53.58645734,1.027220918,0,0
11,9,2013,9/11/2013,10.619792,0,24.7,34,2.6,0,10,21.21,4.06,0.218,254,-0.938710189,-0.344707384,-1,-1.84E-16,3.111609911,2.053662541,16.302,5.339522607,6.76,11.5,1.3,24,36.8,20.56666667,20.07142857,48,36,52.33333333,56.42857143,7.5,8,8.8,11.7,21.05754421,50.79322867,0.308166275,1,1
12,9,2013,9/12/2013,15.652344,0,27.6,33,5.8,0,3,20.61,4.18,0.203,255,-0.944489229,-0.328542382,-1,-1.84E-16,3.69278196,2.474163913,18.492,14.3501507,33.64,14.2,1.3,17.4,36.6,21.93333333,21.05714286,34,34,46.66666667,50.28571429,5.666666667,6.7,8.8,9.7,22.15028095,42.39661433,0.092449883,2,2
13,9,2013,9/13/2013,18.753256,0,31,32,3.9,0,7,19.41,4.26,0.191,256,-0.949989923,-0.312280557,-1,-1.84E-16,4.492592251,3.054962731,21.08,11.91435465,15.21,17.4,0,2.4,36.4,24.73333333,22.42857143,33,33,38.33333333,44.28571429,5.733333333,6.142857143,8.8,8.8,23.78519666,37.69830717,0.027734965,3,3
14,9,2013,9/14/2013,9.477214,0,24.9,60,13.6,0.3,59,11.19,2.19,0.202,257,-0.955210651,-0.295926701,-1,-1.84E-16,3.148957679,1.259583072,9.96,17.13032978,184.96,16.9,0,1.3,36.4,27.76666667,23.94285714,32,32,33,41.71428571,4.1,6.071428571,5.8,8.8,25.94963766,34.84915358,0.008320489,4,4
15,9,2013,9/15/2013,3.9225261,0,21.2,40,12.2,5.3,40,18.1,3.45,0.228,258,-0.960149874,-0.279485635,-1,-1.84E-16,2.517722492,1.510633495,12.72,18.42972864,148.84,9.2,0.3,1.6,36.7,27.83333333,24.27142857,32,32,41.66666667,45.14285714,7.766666667,6.914285714,13.6,13.6,25.63474637,47.42457679,0.212496147,0,0
16,9,2013,9/16/2013,9.159505,0,23.6,35,4.7,0,50,20.35,3.9,0.214,259,-0.964806136,-0.262962203,-1,-1.84E-16,2.913023,1.89346495,15.34,8.899285266,22.09,10.6,5.6,6.9,42,25.7,24.35714286,32,32,44,43.57142857,9.9,7.5,13.6,13.6,24.30432246,43.7122884,3.773748844,0,0
17,9,2013,9/17/2013,12.602214,0,22.7,47,3.4,0,82,13.51,2.88,0.203,260,-0.969178065,-0.246361274,-1,-1.84E-16,2.758861627,1.462196662,12.031,4.971468651,11.56,12.1,5.6,5.6,42,23.23333333,24.98571429,35,32,45,40.28571429,10.16666667,7.371428571,13.6,13.6,24.09302572,39.3561442,1.132124653,1,1
18,9,2013,9/18/2013,14.301433,0,23.9,48,8.3,0.1,80,13.78,2.87,0.2,261,-0.973264374,-0.229687742,-1,-1.84E-16,2.966054202,1.542348185,12.428,12.80148994,68.89,13.5,5.3,5.6,41,22.5,25.1,35,32,40.66666667,40.14285714,6.766666667,6.6,12.2,13.6,23.675118,43.1780721,0.339637396,2,2
19,9,2013,9/19/2013,2.78125,0,23.1,61,10.2,2.2,34,14.35,2.67,0.231,262,-0.977063856,-0.21294652,-1,-1.84E-16,2.826475201,1.102325328,9.009,11.24371835,104.04,15.3,0.1,5.7,38.4,23.4,24.98571429,35,32,43.33333333,42.14285714,5.466666667,7.414285714,8.3,13.6,23.7425826,45.58903605,0.171891219,0,0
20,9,2013,9/20/2013,4.1686196,0,23,57,8.6,0.4,57,12.1,2.34,0.23,263,-0.980575394,-0.196142541,-1,-1.84E-16,2.809437622,1.208058178,9.89,10.38930033,73.96,14.4,2.3,7.9,40.6,23.23333333,24.34285714,47,32,52,46.14285714,7.3,8.042857143,10.2,13.6,23.54980782,53.29451802,1.591567366,0,0
21,9,2013,9/21/2013,0.3346354,0,15.7,88,6,3.1,75,6.7,1.29,0.253,264,-0.983797952,-0.179280759,-1,-1.84E-16,1.783735831,0.2140483,1.884,1.284289798,36,13.3,2.7,8.3,41,23.33333333,23.2,48,35,55.33333333,49.71428571,9.033333333,8.714285714,10.2,13.6,23.38486548,55.14725901,0.75747021,0,0
22,9,2013,9/22/2013,1.1660156,0,17.6,54,8.4,0,53,13.17,2.19,0.253,265,-0.986730579,-0.162366141,-1,-1.84E-16,2.012646543,0.92581741,8.096,7.776866241,70.56,8.4,5.7,11.1,44.1,20.6,21.88571429,57,35,68.66666667,53.71428571,8.266666667,7.628571429,10.2,12.2,21.07940583,71.57362951,2.397241063,0,0
23,9,2013,9/23/2013,0.92317706,0,17.1,60,6.3,2.1,52,11.85,2.05,0.257,266,-0.989372413,-0.145403674,-1,-1.84E-16,1.950043263,0.780017305,6.84,4.914109023,39.69,9.1,3.5,5.8,44.1,18.76666667,21.37142857,54,35,66.33333333,55.71428571,7.666666667,7.085714286,8.6,10.2,20.03558408,62.78681475,0.719172319,1,1
24,9,2013,9/24/2013,3.4680989,0,18.6,57,13,0,79,9.3,1.94,0.25,267,-0.991722674,-0.128398355,-1,-1.84E-16,2.143152914,0.921555753,7.998,11.98022479,169,10,5.2,7.9,45.2,16.8,20.44285714,54,47,67.33333333,59.28571429,6.9,7.314285714,8.4,10.2,19.15490886,61.39340738,1.685751696,0,0
25,9,2013,9/25/2013,2.9381511,0,20.7,54,18.4,5.2,47,12.82,2.63,0.266,268,-0.99378067,-0.111355197,-1,-1.84E-16,2.441543871,1.123110181,9.522,20.66522733,338.56,11.5,2.1,7.9,45.2,17.76666667,19.85714286,54,48,57,60.71428571,9.233333333,8.685714286,13,13,18.9884362,59.19670369,0.505725509,1,1
26,9,2013,9/26/2013,8.266276,0,25.3,33,4.5,0,2,18.65,3.69,0.247,269,-0.995545794,-0.094279222,-1,-1.84E-16,3.224827591,2.160634486,16.951,9.722855186,20.25,11.9,7.3,13,50.4,18.8,19.4,54,54,57,61.57142857,12.56666667,10.12857143,18.4,18.4,19.50190534,56.59835184,3.791717653,0,0
27,9,2013,9/27/2013,12.189453,0,24.2,41,10,0,76,15.31,3.08,0.23,270,-0.997017526,-0.077175462,-1,-1.84E-16,3.019925818,1.781756233,14.278,17.81756233,100,12.4,5.2,10.8,50.4,21.53333333,19.71428571,33,33,48,57.57142857,11.96666667,9.314285714,18.4,18.4,21.24133374,44.79917592,1.137515296,1,1
28,9,2013,9/28/2013,6.404297,0,19.7,57,7.6,0.5,56,15.29,2.7,0.227,271,-0.998195433,-0.060048959,-1,-1.84E-16,2.295208371,0.9869396,8.471,7.500740957,57.76,11.1,5.2,10.4,50.4,23.4,19.88571429,33,33,42.66666667,55.28571429,10.96666667,9.514285714,18.4,18.4,22.12893362,42.89958796,0.341254589,2,2
29,9,2013,9/29/2013,9.025391,0,20.4,54,12.6,0,32,15.56,2.85,0.218,272,-0.999079167,-0.042904758,-1,-1.84E-16,2.39681041,1.102532789,9.384,13.89191314,158.76,11.2,0.5,7.8,50.9,23.06666667,20.45714286,33,33,43.66666667,50.85714286,7.366666667,9.742857143,10,18.4,21.40025353,49.94979398,0.452376377,0,0
30,9,2013,9/30/2013,12.0807295,0,25.7,39,7.6,0,13,16.45,3.29,0.208,273,-0.999668468,-0.025747914,-1,-1.84E-16,3.302286327,2.014394659,15.677,15.30939941,57.76,13.5,0.5,7.8,50.9,21.43333333,20.85714286,41,33,50.66666667,50.85714286,10.06666667,10.34285714,12.6,18.4,21.10017747,51.97489699,0.135712913,1,1
1,10,2013,10/1/2013,14.564453,0,27.4,32,8.4,0,89,10.13,2.28,0.203,274,-0.999963161,-0.008583481,-0.866025404,0.5,3.64986766,2.481910009,18.632,20.84804407,70.56,13.8,0.5,5.7,44.7,21.93333333,22.08571429,39,33,50,47.85714286,9.266666667,10.52857143,12.6,18.4,22.48012423,45.4874485,0.040713874,2,2
2,10,2013,10/2/2013,0.031901043,0,16.5,86,10.5,15.5,100,3.28,0.7,0.32,275,-0.999963161,0.008583481,-0.866025404,0.5,1.877175834,0.262804617,2.31,2.759448476,110.25,13.7,0,5.7,43.2,24.5,23.34285714,32,32,41.66666667,44.28571429,9.533333333,9.871428571,12.6,18.4,23.95608696,38.74372425,0.012214162,3,3
3,10,2013,10/3/2013,1.85E-09,0,9.8,94,8.7,10.2,100,4.22,0.66,0.37,276,-0.999668468,0.025747914,-0.866025404,0.5,1.211602027,0.072696122,0.588,0.632456258,75.69,8.6,15.5,16,58.7,23.2,22.74285714,32,32,52.33333333,48.85714286,8.833333333,8.742857143,10.5,12.6,21.71926087,62.37186212,10.85366425,0,0
4,10,2013,10/4/2013,0.000651044,0,8.8,75,9.5,12.3,98,9.23,1.16,0.384,277,-0.999079167,0.042904758,-0.866025404,0.5,1.132640781,0.283160195,2.2,2.690021855,90.25,3.8,25.7,26.2,68.9,17.9,20.52857143,32,32,70.66666667,57.57142857,9.2,9.342857143,10.5,12.6,18.14348261,78.18593106,10.39609927,0,0
5,10,2013,10/5/2013,0.000651043,0,7.9,75,9.1,6.9,90,10.21,1.27,0.371,278,-0.998195433,0.060048959,-0.866025404,0.5,1.06548433,0.266371082,1.975,2.423976851,82.81,2.9,38,38.5,74.6,11.7,18.32857143,75,32,85,62.42857143,9.566666667,9.271428571,10.5,12.6,15.34043783,76.59296553,11.72882978,0,0
6,10,2013,10/6/2013,0.009114585,0,9.3,65,7.8,3.3,73,9.92,1.4,0.361,279,-0.997017526,0.077175462,-0.866025404,0.5,1.171536339,0.410037719,3.255,3.198294205,60.84,2.3,29.4,44.9,66.5,8.833333333,16.64285714,75,32,81.33333333,65,9.1,9.485714286,9.5,12.6,13.10830648,75.79648277,8.348648935,0,0
7,10,2013,10/7/2013,0.13216145,0,11.4,63,2.6,0.7,49,14.48,2.07,0.343,280,-0.995545794,0.094279222,-0.866025404,0.5,1.348027971,0.498770349,4.218,1.296802908,6.76,4,22.5,48.2,68.7,8.666666667,15.05714286,65,32,71.66666667,66.57142857,8.8,8.8,9.5,10.5,11.96581454,70.39824138,4.81459468,0,0
8,10,2013,10/8/2013,0.44466147,0,16.9,43,0.5,0,14,16.83,2.64,0.327,281,-0.99378067,0.111355197,-0.866025404,0.5,1.925483602,1.097525653,9.633,0.548762827,0.25,5.5,10.9,48.9,69.4,9.533333333,13.01428571,63,32,67.66666667,70,6.5,8.085714286,9.1,10.5,11.79607017,66.69912069,1.934378404,0,0
9,10,2013,10/9/2013,2.1061199,0,20.8,36,2.9,0,0,16.79,2.88,0.315,282,-0.991722674,0.128398355,-0.866025404,0.5,2.456616326,1.572234449,13.312,4.559479901,8.41,8,4,48.9,69.4,12.53333333,11.51428571,43,43,57,71.57142857,3.633333333,6.957142857,7.8,10.5,13.32724912,54.84956035,0.580313521,1,1
10,10,2013,10/10/2013,5.395182,0,22.7,33,2.4,0,18,16.32,2.89,0.303,283,-0.989372413,0.145403674,-0.866025404,0.5,2.758861627,1.84843729,15.209,4.436249496,5.76,9.3,0.7,33.4,68.1,16.36666667,12.12857143,36,36,47.33333333,64.42857143,2,5.871428571,2.9,9.5,15.56907439,45.42478017,0.174094056,2,2
11,10,2013,10/11/2013,7.2415366,0,23.7,37,2.4,0,10,15.65,2.89,0.293,284,-0.986730579,0.162366141,-0.866025404,0.5,2.930607375,1.846282646,14.931,4.431078351,5.76,11.1,0,23.2,68.1,20.13333333,13.97142857,33,33,37.33333333,55.71428571,1.933333333,4.971428571,2.9,9.5,17.70835207,39.21239009,0.052228217,3,3
12,10,2013,10/12/2013,7.8652344,0,21.7,47,4.6,0,5,15.1,2.67,0.284,285,-0.983797952,0.179280759,-0.866025404,0.5,2.595969994,1.375864097,11.501,6.328974846,21.16,11.1,0,10.9,68.1,22.4,16.1,33,33,35.33333333,50.28571429,2.566666667,3.957142857,2.9,9.1,19.50584645,38.10619504,0.015668465,4,4
13,10,2013,10/13/2013,6.856771,0,18.3,65,4.8,0,57,12.82,2.17,0.277,286,-0.980575394,0.196142541,-0.866025404,0.5,2.103245085,0.73613578,6.405,3.533451743,23.04,11.3,0,4,68.1,22.7,18.07142857,33,33,39,46.28571429,3.133333333,3.314285714,4.6,7.8,20.16409251,42.55309752,0.00470054,5,5
14,10,2013,10/14/2013,6.3020835,0,18,60,3.1,0,46,14.19,2.36,0.272,287,-0.977063856,0.21294652,-0.866025404,0.5,2.063989203,0.825595681,7.2,2.559346611,9.61,10,0,0.7,68.1,21.23333333,19.35714286,37,33,49.66666667,46.28571429,3.933333333,2.885714286,4.8,4.8,19.60486476,53.77654876,0.001410162,6,6
15,10,2013,10/15/2013,6.856771,0,20.7,47,1.1,0,16,15.21,2.59,0.266,288,-0.973264374,0.229687742,-0.866025404,0.5,2.441543871,1.294018252,10.971,1.423420077,1.21,10.1,0,0,67.8,19.33333333,20.3,47,33,57.33333333,45.85714286,4.166666667,2.957142857,4.8,4.8,19.12340533,56.88827438,0.000423049,7,7
16,10,2013,10/16/2013,9.718099,0,23.4,36,5.7,0,78,14.27,2.78,0.259,289,-0.969178065,0.246361274,-0.866025404,0.5,2.878130285,1.842003382,14.976,10.49941928,32.49,10.6,0,0,62.5,19,20.84285714,47,33,57.33333333,46.42857143,3,3.042857143,4.8,4.8,19.59638373,51.94413719,0.000126915,8,8
17,10,2013,10/17/2013,6.5833335,0,21.2,51,14.6,1.7,99,5.59,1.42,0.283,290,-0.964806136,0.262962203,-0.866025404,0.5,2.517722492,1.233684021,10.388,18.01178671,213.16,11.4,0,0,62.5,20.7,21.21428571,36,33,47.66666667,46.42857143,3.3,3.442857143,5.7,5.7,20.73746861,43.9720686,3.81E-05,9,9
18,10,2013,10/18/2013,0.059244793,0,17,77,4.5,10.6,88,6.55,1.13,0.386,291,-0.960149874,0.279485635,-0.866025404,0.5,1.937729352,0.445677751,3.91,2.005549879,20.25,12.4,1.7,1.7,64.2,21.76666667,21,36,36,44.66666667,49,7.133333333,5.185714286,14.6,14.6,20.87622803,47.4860343,1.190011422,0,0
19,10,2013,10/19/2013,0.001302085,0,12.8,88,12.3,44.1,91,7.23,1,0.423,292,-0.955210651,0.295926701,-0.866025404,0.5,1.478288125,0.177394575,1.536,2.181953273,151.29,10.4,12.3,12.3,74.7,20.53333333,20.04285714,36,36,54.66666667,54.71428571,8.266666667,5.485714286,14.6,14.6,19.71335962,62.24301715,7.777003427,0,0
20,10,2013,10/20/2013,0.001953127,0,11.6,62,3,7.2,41,12.16,1.73,0.401,293,-0.949989923,0.312280557,-0.866025404,0.5,1.365995846,0.519078421,4.408,1.557235264,9,4,56.4,56.4,116.6,17,18.77142857,51,36,72,60.57142857,10.46666667,6.585714286,14.6,14.6,17.63935173,75.12150857,33.20310103,0,0
21,10,2013,10/21/2013,0.23046875,0,17.4,44,3.6,0,0,14.56,2.27,0.376,294,-0.944489229,0.328542382,-0.866025404,0.5,1.987397189,1.112942426,9.744,4.006592733,12.96,6.2,61.9,63.6,123.4,13.8,17.81428571,62,36,75.66666667,60.14285714,6.6,6.328571429,12.3,14.6,15.82754621,68.56075429,15.00093031,0,0
22,10,2013,10/22/2013,0.7623698,0,19.6,42,1.8,0,0,13.97,2.3,0.361,295,-0.938710189,0.344707384,-0.866025404,0.5,2.281005773,1.322983348,11.368,2.381370027,3.24,8,51.3,63.6,120.3,13.93333333,17.72857143,44,36,64.66666667,57.85714286,6.3,6.4,12.3,14.6,16.29928235,56.28037714,4.500279093,1,1
23,10,2013,10/23/2013,2.5345051,0,17.9,53,3.3,0,23,13.47,2.11,0.349,296,-0.932654508,0.360770799,-0.866025404,0.5,2.051047219,0.963992193,8.413,3.181174237,10.89,8.5,7.2,63.6,120.3,16.2,17.57142857,42,36,49.33333333,57.14285714,2.8,6.5,3.6,14.6,17.28949764,49.14018857,1.350083728,2,2
24,10,2013,10/24/2013,3.0247395,0,16.8,58,2.3,0,43,13.64,2.11,0.34,297,-0.926323968,0.376727894,-0.866025404,0.5,1.913305695,0.803588392,7.056,1.848253301,5.29,8.4,0,63.6,118.2,18.3,16.78571429,42,42,46.33333333,59.57142857,2.9,6.157142857,3.6,14.6,17.47264835,51.07009429,0.405025118,3,3
25,10,2013,10/25/2013,3.7571614,0,17.9,49,1,0,38,13.63,2.14,0.331,298,-0.919720437,0.392573965,-0.866025404,0.5,2.051047219,1.046034082,9.129,1.046034082,1,7.7,0,61.9,118.2,18.1,16.15714286,42,42,51,60.57142857,2.466666667,4.4,3.3,12.3,17.27085385,54.53504714,0.121507535,4,4
26,10,2013,10/26/2013,4.220703,0,16.9,61,1.5,0,47,13.01,2,0.324,299,-0.91284586,0.408304342,-0.866025404,0.5,1.925483602,0.750938605,6.591,1.126407907,2.25,9.1,0,51.3,113,17.53333333,16.28571429,49,42,53.33333333,56.57142857,2.2,3.9,3.3,12.3,17.45959769,51.76752357,0.036452261,5,5
27,10,2013,10/27/2013,4.451172,0,17.8,56,0.7,0,29,13.15,2.07,0.318,300,-0.905702263,0.423914391,-0.866025404,0.5,2.038176335,0.896797587,7.832,0.627758311,0.49,9,0,7.2,113,17.2,16.87142857,49,42,56,52.71428571,1.6,2.357142857,2.3,3.6,17.29171838,56.38376179,0.010935678,6,6
28,10,2013,10/28/2013,6.221354,0,20.2,45,2.2,0,10,13.14,2.15,0.311,301,-0.898291752,0.43939951,-0.866025404,0.5,2.367387698,1.302063234,11.11,2.864539114,4.84,9.2,0,0,113,17.53333333,17.75714286,49,42,55.33333333,51.85714286,1.066666667,2.028571429,1.5,3.6,17.44420287,56.19188089,0.003280703,7,7
29,10,2013,10/29/2013,7.0768228,0,20.6,42,0.8,0,44,12.64,2.13,0.305,302,-0.890616509,0.454755136,-0.866025404,0.5,2.426552312,1.407400341,11.948,1.125920273,0.64,9,0,0,112.5,18.3,18.15714286,45,42,54,52,1.466666667,1.828571429,2.2,3.3,18.27094201,50.59594045,0.000984211,8,8
30,10,2013,10/30/2013,7.9049478,0,21.2,40,1.1,0,2,12.63,2.15,0.299,303,-0.882678798,0.469976743,-0.866025404,0.5,2.517722492,1.510633495,12.72,1.661696845,1.21,9.2,0,0,112.5,19.53333333,18.3,42,42,47.66666667,52,1.233333333,1.685714286,2.2,3.3,18.96965941,46.29797022,0.000295263,9,9
31,10,2013,10/31/2013,7.735026,0,19.4,54,4.4,0,20,12.01,1.94,0.294,304,-0.874480958,0.485059846,-0.866025404,0.5,2.252831002,1.036302261,8.924,4.559729948,19.36,10.2,0,0,112.5,20.66666667,18.77142857,40,40,42.33333333,50.14285714,1.366666667,1.371428571,2.2,2.3,19.63876158,43.14898511,8.86E-05,10,10
1,5,2014,5/1/2014,0.007161459,0,13,75,5.1,26.1,79,14.14,2.3,0.422,121,0.874480958,-0.485059846,0.5,-0.866025404,1.497770903,0.374442726,3.25,1.909657901,26.01,8,0,0,112.5,20.4,19.14285714,40,40,45.33333333,49.57142857,2.1,1.671428571,4.4,4.4,19.56713311,48.57449256,2.66E-05,11,11
2,5,2014,5/2/2014,0.003906252,0,16.1,80,5.5,5.7,81,14.55,2.37,0.419,122,0.866025404,-0.5,0.5,-0.866025404,1.829933244,0.365986649,3.22,2.012926569,30.25,12.1,26.1,26.1,123.1,17.86666667,18.44285714,40,40,56.33333333,53.28571429,3.533333333,2.257142857,5.1,5.1,17.59699318,61.78724628,18.27000797,0,0
3,5,2014,5/3/2014,0.13997395,0,18.9,54,3.8,2.1,63,21.39,3.62,0.404,123,0.857314628,-0.514792802,0.5,-0.866025404,2.183721841,1.004512047,8.694,3.817145779,14.44,9.7,31.8,31.8,118.6,16.16666667,18.32857143,54,40,69.66666667,56,5,2.828571429,5.5,5.5,17.14789522,70.89362314,9.471002392,0,0
4,5,2014,5/4/2014,0.43554688,0,20.8,64,7.4,0.4,95,13.94,2.7,0.395,124,0.848351198,-0.529433891,0.5,-0.866025404,2.456616326,0.884381877,7.488,6.544425893,54.76,13.6,33.9,33.9,108.4,16,18.48571429,54,40,69.66666667,55.71428571,4.8,3.271428571,5.5,5.5,17.67352666,62.44681157,4.311300717,0,0
5,5,2014,5/5/2014,0.044921875,0,16.8,85,6.1,15.4,99,7.5,1.44,0.42,125,0.839137755,-0.543918954,0.5,-0.866025404,1.913305695,0.286995854,2.52,1.75067471,37.21,13.8,8.2,34.3,101.9,18.6,18.57142857,54,40,66,58.42857143,5.566666667,4.014285714,7.4,7.4,18.61146866,63.22340578,1.573390215,0,0
6,5,2014,5/6/2014,0.014322918,0,13.5,92,6.4,21.9,98,7.75,1.29,0.421,126,0.829677014,-0.558243722,0.5,-0.866025404,1.547467243,0.123797379,1.08,0.792303228,40.96,11.9,17.9,49.7,114,18.83333333,18.02857143,54,40,67.66666667,64.57142857,5.766666667,4.771428571,7.4,7.4,18.06802806,74.11170289,11.25201706,0,0
7,5,2014,5/7/2014,0.17708333,0,16.8,64,4.6,1,69,15.88,2.73,0.407,127,0.819971763,-0.572403973,0.5,-0.866025404,1.913305695,0.68879005,6.048,3.16843423,21.16,9.6,37.7,71.6,135.2,17.03333333,16.92857143,64,54,80.33333333,72,6.633333333,5.528571429,7.4,7.4,16.69761964,83.05585145,18.70560512,0,0
8,5,2014,5/8/2014,0.52473956,0,19.8,61,6,0,92,22.48,3.84,0.394,128,0.810024863,-0.586395533,0.5,-0.866025404,2.309488249,0.900700417,7.722,5.404202504,36,12,38.3,72.6,136.2,15.7,16.55714286,64,54,80.33333333,73.42857143,5.7,5.557142857,6.4,7.4,16.72833375,73.52792572,6.311681536,0,0
9,5,2014,5/9/2014,0.31835938,0,22.1,63,7.1,2.7,83,20.53,3.77,0.404,129,0.799839245,-0.600214281,0.5,-0.866025404,2.660089335,0.984233054,8.177,6.988054683,50.41,14.7,22.9,46.5,136.2,16.7,17.52857143,61,54,72.33333333,71.42857143,5.666666667,5.685714286,6.4,7.4,17.64983363,67.26396286,1.893504461,1,1
10,5,2014,5/10/2014,0.42903647,0,19.5,62,10.5,0.9,85,15.91,2.86,0.402,130,0.78941791,-0.613856142,0.5,-0.866025404,2.266880101,0.861414438,7.41,9.044851603,110.25,11.9,3.7,43.5,138.9,19.56666667,18.38571429,61,54,62.66666667,69,5.9,5.914285714,7.1,7.4,18.98488354,65.13198143,2.458051338,0,0
11,5,2014,5/11/2014,0.28320312,0,17.7,73,6,1.4,80,13.06,2.25,0.409,131,0.778763931,-0.627317097,0.5,-0.866025404,2.02537622,0.546851579,4.779,3.281109476,36,12.3,3.6,42.3,139.8,20.46666667,18.47142857,61,61,62,70.14285714,7.866666667,6.871428571,10.5,10.5,19.13941848,63.56599072,1.367415401,0,0
12,5,2014,5/12/2014,0.6979167,0,19.8,58,7,6.3,53,21.24,3.63,0.403,132,0.767880446,-0.640593179,0.5,-0.866025404,2.309488249,0.969985065,8.316,6.789895454,49,11.4,5,43.3,141.2,19.76666667,18.02857143,62,61,66,71.42857143,7.866666667,6.671428571,10.5,10.5,18.70759293,68.28299536,1.39022462,0,0
13,5,2014,5/13/2014,0.86783856,0,21.8,63,4.8,0.4,88,15.57,2.76,0.4,133,0.756770663,-0.653680475,0.5,-0.866025404,2.611871906,0.966392605,8.066,4.638684505,23.04,14.4,8.6,34.2,147.5,19,18.45714286,58,58,64.33333333,67.57142857,7.833333333,6.8,10.5,10.5,19.03531505,63.14149768,4.827067386,0,0
14,5,2014,5/14/2014,1.8834635,0,24.4,53,5.8,2.6,86,24.39,4.6,0.392,134,0.745437857,-0.666575128,0.5,-0.866025404,3.056312653,1.436466947,11.468,8.331508292,33.64,15,8.1,12.7,147.9,19.76666667,19.64285714,58,58,64.66666667,63.42857143,5.933333333,6.571428571,7,10.5,19.86472054,63.07074884,1.728120216,0,0
15,5,2014,5/15/2014,6.6035156,0,28.2,42,16.3,0.3,35,23.25,4.66,0.378,135,0.733885366,-0.679273339,0.5,-0.866025404,3.824172018,2.21801977,16.356,36.15372226,265.69,16.6,9.3,14.3,150.5,22,20.72857143,53,53,58,61.85714286,5.866666667,6.742857143,7,10.5,21.22530438,58.03537442,2.338436065,0,0
16,5,2014,5/16/2014,4.372396,0,24.3,52,4.4,0,28,24.85,4.59,0.368,136,0.722116597,-0.691771365,0.5,-0.866025404,3.038071715,1.458274423,11.664,6.416407463,19.36,14.7,3.3,14.6,150.8,24.8,21.92857143,42,42,52.66666667,59.14285714,8.966666667,8.214285714,16.3,16.3,23.31771306,50.01768721,0.911530819,0,0
17,5,2014,5/17/2014,4.2513022,0,20,67,6.9,0.1,86,15.08,2.68,0.361,137,0.710135016,-0.704065522,0.5,-0.866025404,2.338281271,0.771632819,6.6,5.324266454,47.61,13.4,2.9,11.9,149.1,25.63333333,22.24285714,42,42,49,57.57142857,8.833333333,7.828571429,16.3,16.3,23.61239914,51.0088436,0.273459246,1,1
18,5,2014,5/18/2014,2.3033855,0,18,59,8.4,5.1,53,22.83,3.73,0.379,138,0.697944155,-0.716152188,0.5,-0.866025404,2.063989203,0.846235573,7.38,7.108378814,70.56,9.8,0.4,11.1,138.6,24.16666667,22.31428571,42,42,53.66666667,58.28571429,9.2,7.314285714,16.3,16.3,22.5286794,59.0044218,0.152037774,0,0
19,5,2014,5/19/2014,4.502604,0,19.4,51,8.4,0,20,26.12,4.36,0.36,139,0.685547606,-0.728027801,0.5,-0.866025404,2.252831002,1.103887191,9.506,9.272652405,70.56,9.6,5.2,14.8,99.6,20.76666667,22.35714286,52,42,59.33333333,56.28571429,6.566666667,7.657142857,8.4,16.3,21.17007558,59.0022109,3.615611332,0,0
20,5,2014,5/20/2014,7.0970054,0,21.3,45,2.5,0,2,28.93,5.09,0.346,140,0.672949024,-0.739688861,0.5,-0.866025404,2.533204981,1.39326274,11.715,3.483156849,6.25,10.3,5.2,8.5,92.4,19.13333333,22.3,51,42,59,55.28571429,7.9,7.857142857,8.4,16.3,20.63905291,55.00110545,1.0846834,1,1
21,5,2014,5/21/2014,7.3671875,0,20,65,7.9,0,64,20,3.4,0.339,141,0.660152121,-0.751131931,0.5,-0.866025404,2.338281271,0.818398445,7,6.465347714,62.41,13,5.1,8.1,92.4,19.56666667,22.22857143,45,42,51.66666667,52.71428571,6.433333333,7.528571429,8.4,16.3,20.83733703,50.00055273,0.32540502,2,2
22,5,2014,5/22/2014,2.703125,0,18.5,82,4.5,0.3,95,14.35,2.53,0.363,142,0.647160667,-0.762353639,0.5,-0.866025404,2.129777303,0.383359915,3.33,1.725119616,20.25,14.9,0,5.5,92.4,20.23333333,21.6,45,42,53.66666667,54.42857143,6.266666667,7.828571429,8.4,16.3,20.58613592,57.50027636,0.097621506,3,3
23,5,2014,5/23/2014,0.8541667,0,20.6,60,4.9,8.4,54,21.39,3.82,0.373,143,0.633978493,-0.773350678,0.5,-0.866025404,2.426552312,0.970620925,8.24,4.756042532,24.01,12.6,0.3,5.5,92.7,19.93333333,20.21428571,45,45,64,60.14285714,4.966666667,6.142857143,7.9,8.4,19.96029515,69.75013818,0.239286452,0,0
24,5,2014,5/24/2014,1.5253906,0,19.1,76,3.8,0.1,89,12.54,2.24,0.367,144,0.620609482,-0.784119807,0.5,-0.866025404,2.211139634,0.530673512,4.584,2.016559346,14.44,14.3,8.7,13.9,101.1,19.7,19.68571429,60,45,69,61.28571429,5.766666667,6.214285714,7.9,8.4,20.1522066,64.87506909,5.951785936,0,0
25,5,2014,5/25/2014,1.8072916,0,20.6,65,6.7,4.9,71,21.61,3.78,0.376,145,0.607057574,-0.794657852,0.5,-0.866025404,2.426552312,0.849293309,7.21,5.690265172,44.89,13.6,8.8,13.9,101.2,19.4,19.55714286,60,45,72.66666667,62.57142857,4.4,5.771428571,4.9,8.4,19.83654462,70.43753455,1.855535781,0,0
26,5,2014,5/26/2014,3.7864583,0,23.1,55,6.2,1,50,26.56,4.8,0.358,146,0.593326764,-0.804961708,0.5,-0.866025404,2.826475201,1.271913841,10.395,7.885865811,38.44,14.1,13.4,13.7,106.1,20.1,19.92857143,60,45,67,63.42857143,5.133333333,5.528571429,6.7,8.4,20.06558124,67.71876727,3.986660734,0,0
27,5,2014,5/27/2014,6.8736978,0,24.9,48,4.6,0,8,27.42,5.14,0.343,147,0.579421098,-0.815028338,0.5,-0.866025404,3.148957679,1.637457993,12.948,7.532306769,21.16,14.5,6,14.7,107.1,20.93333333,20.45714286,55,45,65.33333333,64,5.566666667,5.214285714,6.7,7.9,20.97590686,61.35938364,1.89599822,0,0
28,5,2014,5/28/2014,10.597656,0,25.3,45,6.5,0.5,26,25.74,4.87,0.332,148,0.565344674,-0.824854775,0.5,-0.866025404,3.224827591,1.773655175,13.915,11.52875864,42.25,14.3,5.9,14.7,107.1,22.86666667,20.97142857,48,48,56,64.42857143,5.833333333,5.514285714,6.7,7.9,22.15313481,54.67969182,0.568799466,1,1
29,5,2014,5/29/2014,10.297526,0,27.4,42,2.9,0.4,40,24.67,4.81,0.324,149,0.55110164,-0.834438124,0.5,-0.866025404,3.64986766,2.116923243,15.892,6.139077404,8.41,15.8,1.5,15.2,107.6,24.43333333,21.72857143,45,45,49.33333333,61.57142857,5.766666667,5.314285714,6.5,6.7,23.09719436,49.83984591,0.52063984,0,0
30,5,2014,5/30/2014,1.6790365,0,25.6,50,9.7,3.1,60,20.46,3.91,0.367,150,0.536696194,-0.84377556,0.5,-0.866025404,3.28277117,1.641385585,12.8,15.92144017,94.09,15.6,0.9,15.3,108,25.86666667,23,42,42,45,55.85714286,4.666666667,5.085714286,6.5,6.7,24.38803605,45.91992295,0.436191952,0,0
31,5,2014,5/31/2014,0.1640625,0,21.7,70,6.2,8.8,52,19.8,3.39,0.397,151,0.522132581,-0.852864331,0.5,-0.866025404,2.595969994,0.778790998,6.51,4.828504189,38.44,15.7,4,10,111.1,26.1,23.71428571,42,42,45.66666667,54.42857143,6.366666667,5.771428571,9.7,9.7,24.75162524,47.95996148,2.300857586,0,0
1,6,2014,6/1/2014,0.064453125,0,19.1,78,6.1,10.6,89,14.55,2.47,0.401,152,0.507415093,-0.86170176,1.22E-16,-1,2.211139634,0.486450719,4.202,2.967349389,37.21,14.7,12.3,18.7,93.8,24.9,24.08571429,42,42,54,53.57142857,6.266666667,6.114285714,9.7,9.7,23.83613767,58.97998074,6.850257276,0,0
2,6,2014,6/2/2014,0.005859376,0,16.9,90,4.6,9.2,92,12.06,2.07,0.411,153,0.492548068,-0.870285241,1.22E-16,-1,1.925483602,0.19254836,1.69,0.885722457,21.16,14.9,22.5,24.4,98.7,22.13333333,23.87142857,50,42,66,55.42857143,7.333333333,6.028571429,9.7,9.7,22.41529637,68.48999037,9.475077183,0,0
3,6,2014,6/3/2014,0.06640625,0,17.8,88,5.7,9,75,16.15,2.84,0.413,154,0.477535886,-0.878612245,1.22E-16,-1,2.038176335,0.24458116,2.136,1.394112613,32.49,15.4,28.6,32.6,105.8,19.23333333,22.98571429,70,42,79.33333333,60.42857143,5.633333333,5.8,6.2,9.7,20.76070746,79.24499518,9.282523155,0,0
4,6,2014,6/4/2014,0.84309894,0,23.8,58,9.2,0.4,84,20.71,4.23,0.393,155,0.462382973,-0.886680318,1.22E-16,-1,2.948284305,1.238279408,9.996,11.39217055,84.64,15.4,28.8,41.6,114.4,17.93333333,21.97142857,78,42,85.33333333,66.14285714,5.466666667,5.957142857,6.1,9.7,19.87249522,83.62249759,9.084756946,0,0
5,6,2014,6/5/2014,0.91796875,0,23.6,70,9.2,0.3,70,17.15,3.15,0.391,156,0.447093793,-0.894487082,1.22E-16,-1,2.913023,0.8739069,7.08,8.039943481,84.64,17.6,18.6,41.5,99.4,19.5,21.75714286,58,42,78.66666667,68,6.5,6.342857143,9.2,9.7,21.05074665,70.8112488,3.005427084,0,0
6,6,2014,6/6/2014,0.007161459,0,19.8,83,6.6,19.1,97,12.61,2.27,0.427,157,0.431672852,-0.902030237,1.22E-16,-1,2.309488249,0.392613002,3.366,2.591245816,43.56,16.4,9.7,41.4,77.8,21.73333333,21.21428571,58,50,72,72,8.033333333,7.242857143,9.2,9.7,21.81552266,70.4056244,1.111628125,0,0
7,6,2014,6/7/2014,0.002604169,0,21.7,76,3.1,11.6,95,13.08,2.44,0.42,158,0.416124696,-0.909307559,1.22E-16,-1,2.595969994,0.623032799,5.208,1.931401676,9.61,16.9,19.8,57.4,95.9,22.4,20.38571429,58,58,70.33333333,76.71428571,8.333333333,6.8,9.2,9.2,21.21086586,76.7028122,13.70348844,0,0
8,6,2014,6/8/2014,0.028645834,0,22.3,77,6.4,4.8,94,16.32,2.92,0.415,159,0.400453906,-0.916316904,1.22E-16,-1,2.692664553,0.619312847,5.129,3.963602222,40.96,17.7,31,60.2,107.5,21.7,20.38571429,70,58,76.33333333,77.57142857,6.3,6.357142857,9.2,9.2,21.3576061,76.3514061,12.23104653,0,0
9,6,2014,6/9/2014,0.234375,0,24.2,64,6.3,8.1,73,23.25,4.26,0.41,160,0.3846651,-0.923056207,1.22E-16,-1,3.019925818,1.087173295,8.712,6.849191756,39.69,17,35.5,54.4,109.6,21.26666667,20.84285714,76,58,78.66666667,77.42857143,5.366666667,6.4,6.6,9.2,21.64032427,76.67570305,7.029313959,0,0
10,6,2014,6/10/2014,0.5735677,0,25.3,56,6.6,2.5,46,27,5.06,0.397,161,0.368762931,-0.92952348,1.22E-16,-1,3.224827591,1.41892414,11.132,9.364899323,43.56,16.5,24.5,53.3,116.8,22.73333333,21.88571429,64,58,72.33333333,73.71428571,5.266666667,6.642857143,6.4,9.2,22.40822699,70.33785152,7.778794188,0,0
11,6,2014,6/11/2014,2.2903645,0,24.3,59,9.4,0.1,74,22.58,4.14,0.388,162,0.352752087,-0.935716819,1.22E-16,-1,3.038071715,1.245609403,9.963,11.70872839,88.36,16.1,15.4,46.8,117.9,23.93333333,22.95714286,56,56,65.66666667,69.14285714,6.433333333,6.771428571,6.6,9.2,23.27575889,63.16892576,4.083638256,0,0
12,6,2014,6/12/2014,0.1751302,0,20.3,77,8.4,8.2,88,17.35,2.94,0.398,163,0.336637284,-0.941634398,1.22E-16,-1,2.382059337,0.547873648,4.669,4.60213864,70.56,15.7,10.7,46.5,111.7,24.6,23.02857143,56,56,59.66666667,69.28571429,7.433333333,6.8,9.4,9.4,23.58303123,61.08446288,1.295091477,0,0
13,6,2014,6/13/2014,0.28190103,0,21,59,2.7,2.2,59,24.81,4.48,0.387,164,0.320423273,-0.947274472,1.22E-16,-1,2.487005397,1.019672213,8.61,2.753114975,7.29,12.8,10.8,54.4,119.5,23.3,22.55714286,56,56,64,70.28571429,8.133333333,6.685714286,9.4,9.4,22.59812186,69.04223144,6.128527443,0,0
14,6,2014,6/14/2014,1.71875,0,25.5,47,1.8,0,2,28.15,5.33,0.369,165,0.304114832,-0.952635381,1.22E-16,-1,3.263356619,1.729579008,13.515,3.113242215,3.24,14.9,10.5,37.5,119.1,21.86666667,22.72857143,59,56,65,66.85714286,6.833333333,6.128571429,9.4,9.4,22.1186853,64.02111572,3.378558233,0,0
15,6,2014,6/15/2014,4.4121094,0,26.3,55,5.4,0,40,25.66,4.93,0.357,166,0.287716767,-0.957715543,1.22E-16,-1,3.421514668,1.539681601,11.835,8.314280643,29.16,17.3,10.4,25.9,118.8,22.26666667,23.27142857,47,47,61,62.71428571,4.3,5.942857143,8.4,9.4,23.13307971,55.51055786,1.01356747,1,1
16,6,2014,6/16/2014,2.954427,0,24.9,69,4.1,1,81,19.65,3.7,0.362,167,0.271233911,-0.962513463,1.22E-16,-1,3.148957679,0.976176881,7.719,4.00232521,16.81,18.7,2.2,21.1,118.8,24.26666667,23.84285714,47,47,53.66666667,59.57142857,3.3,5.8,5.4,9.4,24.0831558,55.25527893,0.304070241,2,2
17,6,2014,6/17/2014,1.7701823,0,25.4,62,3.4,2.7,65,24.85,4.76,0.363,168,0.25467112,-0.967027725,1.22E-16,-1,3.244042238,1.232736051,9.652,4.191302572,11.56,17.8,1,14,119.7,25.56666667,23.94285714,47,47,57,60.28571429,3.766666667,5.485714286,5.4,9.4,24.32820906,62.12763947,0.791221072,0,0
18,6,2014,6/18/2014,4.3385415,0,25.7,59,10,0.7,25,25.99,5,0.349,169,0.238033277,-0.971256999,1.22E-16,-1,3.302286327,1.353937394,10.537,13.53937394,100,17.5,3.7,14.2,117.3,25.53333333,23.95714286,55,47,62,61.14285714,4.3,5.028571429,5.4,9.4,24.64974634,62.06381973,2.127366322,0,0
19,6,2014,6/19/2014,4.082682,0,26.4,61,6.6,2.1,32,25.9,5.1,0.341,170,0.221325284,-0.97520004,1.22E-16,-1,3.441746435,1.342281109,10.296,8.859055322,43.56,18.6,4.4,14.8,118,25.33333333,24.15714286,59,47,63.33333333,61.14285714,5.833333333,5.114285714,10,10,24.96482244,60.53190987,1.128209897,0,0
20,6,2014,6/20/2014,1.1790365,0,23,71,7.5,1.1,49,21.51,3.85,0.365,171,0.204552066,-0.978855685,1.22E-16,-1,2.809437622,0.81473691,6.67,6.110526829,56.25,17.2,5.5,8.7,120.1,25.83333333,25.02857143,59,47,60.66666667,58.85714286,6.666666667,4.857142857,10,10,25.39537571,60.76595493,1.808462969,0,0
21,6,2014,6/21/2014,0.40104166,0,20,63,9.4,9.6,48,22.76,4.02,0.377,172,0.187718565,-0.982222857,1.22E-16,-1,2.338281271,0.86516407,7.4,8.13254226,88.36,12.6,3.9,7.6,121.2,25.03333333,25.31428571,59,47,63.66666667,60.57142857,8.033333333,5.542857143,10,10,24.67676299,65.88297747,1.312538891,0,0
22,6,2014,6/22/2014,0.28320312,0,20,82,10.2,2,44,20.34,3.43,0.369,173,0.170829743,-0.985300563,1.22E-16,-1,2.338281271,0.420890629,3.6,4.293084413,104.04,16.4,12.8,17.2,130.5,23.13333333,24.52857143,61,55,65,62.85714286,7.833333333,6.628571429,9.4,10,23.2737341,64.44148873,7.113761667,0,0
23,6,2014,6/23/2014,1.2636719,0,21.7,54,6.5,1.2,13,28.05,4.94,0.358,174,0.153890577,-0.988087896,1.22E-16,-1,2.595969994,1.194146197,9.982,7.761950283,42.25,12.5,12.7,19.2,124.1,21,23.62857143,63,59,72,66.71428571,9.033333333,7.314285714,10.2,10.2,22.29161387,73.22074437,3.5341285,0,0
24,6,2014,6/24/2014,3.9583333,0,23.4,52,3.1,0,11,29.92,5.46,0.341,175,0.136906058,-0.990584035,1.22E-16,-1,2.878130285,1.381502537,11.232,4.282657864,9.61,13.8,12.8,19.4,125.2,20.56666667,23.17142857,54,54,66.33333333,64.57142857,8.7,7.657142857,10.2,10.2,22.11412971,63.61037218,1.90023855,0,0
25,6,2014,6/25/2014,10.076823,0,25.7,41,8.7,0,12,29.33,5.59,0.326,176,0.119881192,-0.992788245,1.22E-16,-1,3.302286327,1.948348933,15.163,16.95063571,75.69,13.9,3.2,16.7,120.3,21.7,22.88571429,52,52,62.66666667,63.14285714,6.6,7.614285714,10.2,10.2,22.4998908,57.80518609,0.570071565,1,1
26,6,2014,6/26/2014,11.732422,0,30.1,45,8.4,0,3,28.29,5.98,0.312,177,0.102820997,-0.994699876,1.22E-16,-1,4.267463105,2.347104707,16.555,19.71567954,70.56,19.1,1.2,16,119.3,23.6,22.88571429,41,41,49,60.57142857,6.1,7.428571429,8.7,10.2,23.45992356,49.40259305,0.17102147,2,2
27,6,2014,6/27/2014,12.302083,0,30.9,46,6.1,0,38,25.79,5.56,0.305,178,0.0857305,-0.996318363,1.22E-16,-1,4.467078664,2.412222479,16.686,14.71455712,37.21,20.1,0,13.9,119.3,26.4,23.41428571,41,41,46,58.28571429,6.733333333,7.685714286,8.7,10.2,25.45194649,47.20129652,0.051306441,3,3
28,6,2014,6/28/2014,5.136068,0,24.3,73,6.4,2.1,78,20.54,3.93,0.312,179,0.068614738,-0.997643232,1.22E-16,-1,3.038071715,0.820279363,6.561,5.249787924,40.96,18.9,0,12.8,118.8,28.9,24.54285714,41,41,44,54.71428571,7.733333333,7.485714286,8.7,10.2,27.08636254,46.60064826,0.015391932,4,4
29,6,2014,6/29/2014,6.328776,0,25,61,3.3,0.6,71,24.62,4.8,0.305,180,0.051478755,-0.99867409,1.22E-16,-1,3.167777718,1.23543331,9.75,4.076929922,10.89,17.2,2.1,5.3,120.5,28.43333333,25.15714286,45,41,54.66666667,56.14285714,6.966666667,7.057142857,8.4,10.2,26.25045378,59.80032413,1.47461758,0,0
30,6,2014,6/30/2014,8.589192,0,28,49,1.8,0,19,29.79,5.9,0.291,181,0.034327601,-0.999410634,1.22E-16,-1,3.779930364,1.927764486,14.28,3.469976074,3.24,17.8,2.7,3.9,118,26.73333333,25.87142857,46,41,60,53.14285714,5.266666667,6.071428571,6.4,8.7,25.87531765,60.40016207,0.862385274,0,0
1,7,2014,7/1/2014,10.6119795,0,28.3,62,7.4,0,32,25.08,4.98,0.276,182,0.01716633,-0.999852648,-0.5,-0.866025404,3.846461372,1.461655322,10.754,10.81624938,54.76,20.7,2.7,2.7,109.2,25.76666667,26.77142857,49,41,61,52.42857143,3.833333333,5.4,6.4,8.7,26.51272235,54.70008103,0.258715582,1,1
2,7,2014,7/2/2014,10.7005205,0,25.2,61,6.1,0,62,26.05,4.98,0.267,183,1.22E-16,-1,-0.5,-0.866025404,3.205712243,1.250227775,9.828,7.626389426,37.21,17.4,0.6,2.7,98.6,27.1,27.47142857,49,41,57.33333333,53.85714286,4.166666667,6.014285714,7.4,8.7,27.04890565,58.35004052,0.077614675,2,2
3,7,2014,7/3/2014,9.738281,0,24.9,66,5.4,0,76,23.33,4.52,0.26,184,-0.01716633,-0.999852648,-0.5,-0.866025404,3.148957679,1.070645611,8.466,5.781486299,29.16,18.1,0,2.7,89.4,27.16666667,27.4,49,45,57.33333333,56.71428571,5.1,5.642857143,7.4,8.4,26.49423395,59.67502026,0.023284402,3,3
4,7,2014,7/4/2014,7.3606772,0,22.4,64,7.1,0.4,81,17.48,3.22,0.286,185,-0.034327601,-0.999410634,-0.5,-0.866025404,2.709082405,0.975269666,8.064,6.924414628,50.41,15.2,0,2.7,80.4,26.13333333,26.65714286,61,46,63,59.71428571,6.3,5.214285714,7.4,7.4,26.01596377,62.83751013,0.006985321,4,4
5,7,2014,7/5/2014,0.91796875,0,22.1,71,7,7.6,61,21.09,3.78,0.352,186,-0.051478755,-0.99867409,-0.5,-0.866025404,2.660089335,0.771425907,6.409,5.39998135,49,16.3,0.4,3.1,80.4,24.16666667,25.44285714,61,49,63.66666667,62.28571429,6.2,5.357142857,7.1,7.4,24.93117464,63.41875506,0.282095596,0,0
6,7,2014,7/6/2014,2.2135417,0,24.6,57,6.9,6.1,42,28.3,5.32,0.333,187,-0.068614738,-0.997643232,-0.5,-0.866025404,3.09308133,1.330024972,10.578,9.177172305,47.61,16,8,8.6,87.7,23.13333333,25.12857143,64,49,67,62,6.5,5.442857143,7.1,7.4,24.08182225,67.20937753,5.404628679,0,0
7,7,2014,7/7/2014,7.7382812,0,26.6,52,4.7,0,23,28.94,5.58,0.304,188,-0.0857305,-0.996318363,-0.5,-0.866025404,3.482522891,1.671610988,12.768,7.856571643,22.09,17,14.1,14.1,74.7,23.03333333,25.07142857,57,49,64,61.42857143,7,5.957142857,7.1,7.4,24.23727557,62.10468877,5.891388604,0,0
8,7,2014,7/8/2014,10.6875,0,25.9,55,7.8,0,30,28.5,5.42,0.284,189,-0.102820997,-0.994699876,-0.5,-0.866025404,3.341620215,1.503729097,11.655,11.72908696,60.84,16.9,13.7,14.1,63.1,24.43333333,24.87142857,52,52,60,61.85714286,6.2,6.371428571,7,7.4,24.9460929,57.05234438,1.767416581,1,1
9,7,2014,7/9/2014,11.696614,0,26.7,48,4.7,0,27,28.88,5.63,0.268,190,-0.119881192,-0.992788245,-0.5,-0.866025404,3.503068485,1.821595612,13.884,8.561499377,22.09,16.3,6.1,14.1,58.3,25.7,24.52857143,52,52,54.66666667,60.85714286,6.466666667,6.428571429,7.8,7.8,25.23226503,56.02617219,0.530224974,2,2
10,7,2014,7/10/2014,14.759114,0,30.5,40,5.4,0,3,27.8,5.79,0.252,191,-0.136906058,-0.990584035,-0.5,-0.866025404,4.366279321,2.619767592,18.3,14.146745,29.16,18.5,0,14.1,50.2,26.4,24.74285714,48,48,51.66666667,59,5.733333333,6.228571429,7.8,7.8,25.67258552,52.0130861,0.159067492,3,3
11,7,2014,7/11/2014,19.973959,0,32.6,36,4.7,0,11,28.11,6.36,0.239,192,-0.153890577,-0.988087896,-0.5,-0.866025404,4.918381272,3.147764014,20.864,14.79449087,22.09,19.8,0,14.1,47.7,27.7,25.54285714,40,40,47.66666667,55.28571429,5.966666667,6.228571429,7.8,7.8,27.12080986,46.00654305,0.047720248,4,4
12,7,2014,7/12/2014,19.496094,0,30.3,45,4.8,0,9,27.32,5.67,0.228,193,-0.170829743,-0.985300563,-0.5,-0.866025404,4.316625383,2.374143961,16.665,11.39589101,23.04,19.3,0,13.7,47.6,29.93333333,27,36,36,41.33333333,51.28571429,4.933333333,5.885714286,5.4,7.8,28.76456691,41.00327152,0.014316074,5,5
13,7,2014,7/13/2014,13.188802,0,25.9,64,8.6,0.2,45,20.73,3.93,0.227,194,-0.187718565,-0.982222857,-0.5,-0.866025404,3.341620215,1.202983277,9.324,10.34565619,73.96,18.7,0,6.1,39.4,31.13333333,28.17142857,36,36,40.33333333,47.57142857,4.966666667,5.571428571,5.4,7.8,29.22519683,43.00163576,0.004294822,6,6
14,7,2014,7/14/2014,6.033854,0,26.1,64,4.5,3.2,51,23.34,4.59,0.238,195,-0.204552066,-0.978855685,-0.5,-0.866025404,3.381361812,1.217290252,9.396,5.477806135,20.25,18.9,0.2,0.2,37.4,29.6,28.35714286,36,36,48.33333333,48.57142857,6.033333333,5.814285714,8.6,8.6,28.22763778,53.50081788,0.141288447,0,0
15,7,2014,7/15/2014,9.307292,0,29.3,52,2.2,0,41,25.34,5.25,0.232,196,-0.221325284,-0.97520004,-0.5,-0.866025404,4.075649206,1.956311619,14.064,4.303885561,4.84,19.7,3.4,3.4,40.6,27.43333333,28.28571429,45,36,57.66666667,50.28571429,5.966666667,5.785714286,8.6,8.6,27.58934645,58.75040894,2.282386534,0,0
16,7,2014,7/16/2014,14.984375,0,29.7,49,3.2,0,61,21.77,4.6,0.222,197,-0.238033277,-0.971256999,-0.5,-0.866025404,4.170597197,2.12700457,15.147,6.806414625,10.24,19.5,3.4,3.4,40.6,27.1,28.77142857,52,36,60,49.85714286,5.1,4.985714286,8.6,8.6,28.10254251,55.37520447,0.68471596,1,1
17,7,2014,7/17/2014,14.378906,0,25.9,58,7.2,0,69,18.62,3.79,0.216,198,-0.25467112,-0.967027725,-0.5,-0.866025404,3.341620215,1.40348049,10.878,10.10505953,51.84,17.5,3.2,3.4,39.6,28.36666667,29.2,49,36,55,50,3.3,4.771428571,4.5,8.6,28.58177976,52.18760224,0.205414788,2,2
18,7,2014,7/18/2014,15.537761,0,26.4,56,6.5,0,56,22.93,4.59,0.209,199,-0.271233911,-0.962513463,-0.5,-0.866025404,3.441746435,1.514368431,11.616,9.843394803,42.25,17.6,0,3.4,36.9,28.3,28.54285714,49,36,53,52.57142857,4.2,5.028571429,7.2,8.6,27.77724583,55.09380112,0.061624436,3,3
19,7,2014,7/19/2014,16.5,0,25.6,58,7.3,0,60,21.84,4.33,0.203,200,-0.287716767,-0.957715543,-0.5,-0.866025404,3.28277117,1.378763891,10.752,10.06497641,53.29,17.2,0,3.4,36.2,27.33333333,27.65714286,49,45,54.33333333,55.42857143,5.633333333,5.285714286,7.2,8.6,27.36407208,55.54690056,0.018487331,4,4
20,7,2014,7/20/2014,1.7766927,0,22.9,77,10.2,3.5,85,15.42,2.88,0.224,201,-0.304114832,-0.952635381,-0.5,-0.866025404,2.792489766,0.642272646,5.267,6.551180992,104.04,18.3,0,3.4,34.1,25.96666667,26.98571429,56,49,57.33333333,57.28571429,7,5.642857143,7.3,8.6,26.83485046,56.77345028,0.005546199,5,5
21,7,2014,7/21/2014,0.1875,0,23.2,90,6,6.5,72,14.25,2.75,0.285,202,-0.320423273,-0.947274472,-0.5,-0.866025404,2.843602903,0.28436029,2.32,1.706161742,36,21.2,3.5,6.7,36.5,24.96666667,26.55714286,56,49,63.66666667,59.14285714,8,5.871428571,10.2,10.2,25.65439532,66.88672514,2.45166386,0,0
22,7,2014,7/22/2014,1.6946615,0,28.2,53,0.4,1,32,26.21,5.29,0.275,203,-0.336637284,-0.941634398,-0.5,-0.866025404,3.824172018,1.797360848,13.254,0.718944339,0.16,18.8,10,10,33.4,23.9,26.14285714,58,49,75,62.85714286,7.833333333,6.085714286,10.2,10.2,24.91807672,78.44336257,5.285499158,0,0
23,7,2014,7/23/2014,8.723958,0,32.7,38,3.5,0,15,25.73,5.54,0.251,204,-0.352752087,-0.935716819,-0.5,-0.866025404,4.946118775,3.066593641,20.274,10.73307774,12.25,20.3,11,11,32.4,24.76666667,25.98571429,53,49,73.33333333,63,5.533333333,5.828571429,10.2,10.2,25.90265371,65.72168128,2.285649747,0,0
24,7,2014,7/24/2014,11.035156,0,28.8,62,5.6,0,72,18.39,3.77,0.247,205,-0.368762931,-0.92952348,-0.5,-0.866025404,3.95961263,1.504652799,10.944,8.426055676,31.36,21.2,7.5,11,31.2,28.03333333,26.41428571,38,38,60.33333333,61.42857143,3.3,5.871428571,6,10.2,27.94185759,51.86084064,0.685694924,1,1
25,7,2014,7/25/2014,2.717448,0,25.3,67,3.9,7.6,64,20.7,4.11,0.288,206,-0.3846651,-0.923056207,-0.5,-0.866025404,3.224827591,1.064193105,8.349,4.150353109,15.21,18.7,1,11,31.2,29.9,26.82857143,38,38,51,62,3.166666667,5.642857143,5.6,10.2,28.19930032,56.93042032,0.205708477,2,2
26,7,2014,7/26/2014,5.8092446,0,27.7,57,6.5,0.3,50,23.4,4.64,0.275,207,-0.400453906,-0.916316904,-0.5,-0.866025404,3.714403381,1.597193454,11.911,10.38175745,42.25,19.1,7.6,18.6,38.8,28.93333333,26.67142857,38,38,55.66666667,63.57142857,4.333333333,5.271428571,5.6,10.2,27.32951022,61.96521016,5.381712543,0,0
27,7,2014,7/27/2014,6.8476562,0,27.5,63,7.9,0.5,60,21.81,4.31,0.273,208,-0.416124696,-0.909307559,-0.5,-0.866025404,3.671270209,1.358369977,10.175,10.73112282,62.41,20.1,7.9,18.9,39.1,27.26666667,26.97142857,57,38,62,63.42857143,5.333333333,5.157142857,6.5,10.2,27.44065716,59.48260508,1.824513763,0,0
28,7,2014,7/28/2014,5.1477866,0,29.4,53,4.6,4,47,24.46,5.15,0.271,209,-0.431672852,-0.902030237,-0.5,-0.866025404,4.099208154,1.926627832,13.818,8.862488029,21.16,20,8.4,15.9,39.6,26.83333333,27.62857143,57,38,62.33333333,61.42857143,6.1,4.828571429,7.9,7.9,27.45846001,61.24130254,0.897354129,0,0
29,7,2014,7/29/2014,9.944011,0,30.7,52,6.4,0,21,26.47,5.6,0.249,210,-0.447093793,-0.894487082,-0.5,-0.866025404,4.416429033,2.119885936,14.736,13.56726999,40.96,21.1,4.8,13.4,41.5,28.2,28.51428571,53,38,57.66666667,56.14285714,6.333333333,4.628571429,7.9,7.9,28.04092201,57.12065127,3.069206239,0,0
30,7,2014,7/30/2014,12.246094,0,28.1,57,7.2,0,49,24.4,5.01,0.231,211,-0.462382973,-0.886680318,-0.5,-0.866025404,3.801995174,1.634857925,12.083,11.77097706,51.84,19.5,4.5,12.4,40.9,29.2,28.87142857,52,38,56,56,6.3,5.485714286,7.9,7.9,28.8386454,54.56032564,0.920761872,1,1
31,7,2014,7/31/2014,13.817708,0,28,55,5.4,0,38,26.37,5.35,0.216,212,-0.477535886,-0.878612245,-0.5,-0.866025404,3.779930364,1.700968664,12.6,9.185230785,29.16,19,4,12.4,40.9,29.4,28.21428571,52,52,54,58.71428571,6.066666667,6.014285714,7.2,7.9,28.61705178,55.78016282,0.276228561,2,2
1,8,2014,8/1/2014,20.066406,0,32.7,32,2.3,0,9,26.28,5.77,0.202,213,-0.492548068,-0.870285241,-0.866025404,-0.5,4.946118775,3.363360767,22.236,7.735729765,5.29,19.1,0,12.4,40.9,28.93333333,28.1,52,52,54.66666667,57.71428571,6.333333333,5.985714286,7.2,7.9,28.43193625,55.39008141,0.082868568,3,3
2,8,2014,8/2/2014,17.244791,0,32,52,6.4,0,52,20.59,4.66,0.197,214,-0.507415093,-0.86170176,-0.866025404,-0.5,4.754775396,2.28229219,15.36,14.60667002,40.96,22.4,0,4.8,40.9,29.6,29.15714286,32,32,48,52.71428571,4.966666667,5.757142857,7.2,7.9,29.71235537,43.6950407,0.024860571,4,4
3,8,2014,8/3/2014,3.654948,0,27,68,7.4,3,86,17.34,3.58,0.216,215,-0.522132581,-0.852864331,-0.866025404,-0.5,3.565340176,1.140908856,8.64,8.442725536,54.76,20.6,0,4.5,40.9,30.9,29.77142857,32,32,46.33333333,52,4.7,5.742857143,6.4,7.9,30.39864876,47.84752035,0.007458171,5,5
4,8,2014,8/4/2014,3.6360676,0,26.5,66,7.6,1.2,77,17.31,3.5,0.23,216,-0.536696194,-0.84377556,-0.866025404,-0.5,3.462082359,1.177108002,9.01,8.946020815,57.76,19.7,3,7,43.5,30.56666667,29.7,32,32,50.66666667,52.71428571,5.366666667,5.671428571,7.4,7.4,29.37905413,57.92376018,2.102237451,0,0
5,8,2014,8/5/2014,3.1074219,0,26.5,66,5.6,2.4,75,20.33,3.97,0.26,217,-0.55110164,-0.834438124,-0.866025404,-0.5,3.462082359,1.177108002,9.01,6.591804811,31.36,19.7,4.2,4.2,37.1,28.5,29.28571429,52,32,62,54.57142857,7.133333333,6.1,7.6,7.6,28.51533789,61.96188009,1.470671235,0,0
6,8,2014,8/6/2014,6.9316406,0,28.5,41,3.8,4.1,21,26.31,5.41,0.279,218,-0.565344674,-0.824854775,-0.866025404,-0.5,3.891379531,2.295913923,16.815,8.724472909,14.44,16.7,6.6,6.6,33.4,26.66666667,28.68571429,66,32,66.66666667,56.57142857,6.866666667,5.985714286,7.6,7.6,27.91073653,63.98094004,2.121201371,0,0
7,8,2014,8/7/2014,12.4244795,0,30,39,6,0,56,20.41,4.49,0.254,219,-0.579421098,-0.815028338,-0.866025404,-0.5,4.243065059,2.588269686,18.3,15.52961812,36,17.8,7.7,10.7,37.5,27.16666667,28.74285714,41,32,57.66666667,54.28571429,5.666666667,5.5,7.6,7.6,28.08751557,52.49047002,3.506360411,0,0
8,8,2014,8/8/2014,2.15625,0,27.1,61,3.6,2.1,81,17.03,3.44,0.272,220,-0.593326764,-0.804961708,-0.866025404,-0.5,3.586310566,1.398661121,10.569,5.035180035,12.96,19.3,6.5,10.7,37.5,28.33333333,29.02857143,39,32,48.66666667,52,5.133333333,5.585714286,6,7.6,28.6612609,45.74523501,1.051908123,1,1
9,8,2014,8/9/2014,1.03125,0,24.9,72,6,2.1,92,14.99,2.93,0.32,221,-0.607057574,-0.794657852,-0.866025404,-0.5,3.148957679,0.88170815,6.972,5.290248901,36,19.3,6.2,12.8,39.6,28.53333333,28.22857143,39,39,47,56.14285714,4.466666667,5.771428571,6,7.6,28.19288263,53.37261751,1.785572437,0,0
10,8,2014,8/10/2014,1.4153646,0,27.1,55,6.8,3.7,55,22.05,4.42,0.324,222,-0.620609482,-0.784119807,-0.866025404,-0.5,3.586310566,1.613839755,12.195,10.97411033,46.24,18.1,4.2,14.9,41.7,27.33333333,27.21428571,39,39,57.33333333,59,5.2,5.714285714,6,7.6,27.20501784,62.68630875,2.005671731,0,0
11,8,2014,8/11/2014,5.1953125,0,28.9,46,3.3,0,10,26.08,5.31,0.289,223,-0.633978493,-0.773350678,-0.866025404,-0.5,3.982587166,2.150597069,15.606,7.096970329,10.89,18.1,7.9,15.6,45.4,26.36666667,27.22857143,55,39,62.66666667,57.14285714,5.466666667,5.628571429,6.8,7.6,27.17351249,58.84315438,3.191701519,0,0
12,8,2014,8/12/2014,10.003255,0,29.2,52,5.9,0,32,24.99,5.12,0.262,224,-0.647160667,-0.762353639,-0.866025404,-0.5,4.052208127,1.945059901,14.016,11.47585342,34.81,19.6,5.8,14.4,45.4,26.96666667,27.57142857,46,39,57.66666667,54.28571429,5.366666667,5.014285714,6.8,6.8,27.69145874,52.42157719,0.957510456,1,1
13,8,2014,8/13/2014,12.594401,0,29.4,41,3.9,0,21,26.26,5.39,0.242,225,-0.660152121,-0.751131931,-0.866025404,-0.5,4.099208154,2.418532811,17.346,9.432277963,15.21,17.6,3.7,12,45.2,28.4,27.95714286,46,39,51,52.28571429,5.333333333,5.057142857,6.8,6.8,28.14402112,52.21078859,0.287253137,2,2
14,8,2014,8/14/2014,14.902995,0,31.5,34,0.8,0,0,26.38,5.6,0.223,226,-0.672949024,-0.739688861,-0.866025404,-0.5,4.622068903,3.050565476,20.79,2.440452381,0.64,18.3,0,7.9,42,29.16666667,28.08571429,41,39,46.33333333,52.28571429,4.366666667,5.071428571,5.9,6.8,28.52081478,46.6053943,0.086175941,3,3
15,8,2014,8/15/2014,18.429037,0,32.7,41,5.9,0,2,24.97,5.37,0.207,227,-0.685547606,-0.728027801,-0.866025404,-0.5,4.946118775,2.918210077,19.293,17.21743946,34.81,20.9,0,7.9,42,30.03333333,28.3,34,34,42.33333333,51.57142857,3.533333333,4.328571429,5.9,6.8,29.41457035,40.30269715,0.025852782,4,4
16,8,2014,8/16/2014,18.149088,0,30.6,37,6.4,0,27,26.02,5.43,0.194,228,-0.697944155,-0.716152188,-0.866025404,-0.5,4.391291947,2.766513926,19.278,17.70568913,40.96,18,0,5.8,42,31.2,29.1,34,34,38.66666667,48.71428571,3.533333333,4.657142857,5.9,6.8,30.40019924,40.65134857,0.007755835,5,5
17,8,2014,8/17/2014,17.558594,0,30.9,48,6,0,14,25.32,5.33,0.183,229,-0.710135016,-0.704065522,-0.866025404,-0.5,4.467078664,2.322880905,16.068,13.93728543,36,20.5,0,3.7,42,31.6,29.91428571,34,34,37.33333333,43.71428571,4.366666667,4.714285714,6.4,6.8,30.46013947,38.82567429,0.00232675,6,6
18,8,2014,8/18/2014,7.910807,0,25.5,69,9.8,0.3,80,11.58,2.39,0.184,230,-0.722116597,-0.691771365,-0.866025404,-0.5,3.263356619,1.011640552,7.905,9.91407741,96.04,19.3,0,0,42,31.4,30.45714286,37,34,42,42.71428571,6.1,4.6,6.4,6.4,30.59209763,43.41283714,0.000698025,7,7
19,8,2014,8/19/2014,1.1705729,0,22.1,79,6,2.9,95,10.13,2.09,0.214,231,-0.733885366,-0.679273339,-0.866025404,-0.5,2.660089335,0.55861876,4.641,3.351712562,36,17.9,0.3,0.3,42.3,29,29.97142857,37,34,51.33333333,46,7.4,5.528571429,9.8,9.8,29.06446834,56.20641857,0.210209408,0,0
20,8,2014,8/20/2014,3.3118489,0,27,64,5.9,1.3,53,19.38,3.91,0.219,232,-0.745437857,-0.666575128,-0.866025404,-0.5,3.565340176,1.283522463,9.72,7.572782533,34.81,19.8,3.2,3.2,41.7,26.16666667,28.95714286,48,34,65.33333333,49.85714286,7.266666667,5.542857143,9.8,9.8,26.97512784,67.60320929,2.093062822,0,0
21,8,2014,8/21/2014,8.552734,0,28.7,58,6.4,0,43,21.44,4.41,0.209,233,-0.756770663,-0.653680475,-0.866025404,-0.5,3.936753503,1.653436471,12.054,10.58199342,40.96,20.3,4.5,4.5,36.5,24.86666667,28.61428571,64,34,70.66666667,53.14285714,7.233333333,5.828571429,9.8,9.8,26.98258949,65.80160464,1.537918847,0,0
22,8,2014,8/22/2014,14.839192,0,28,41,6.9,0,31,23.68,4.82,0.196,234,-0.767880446,-0.640593179,-0.866025404,-0.5,3.779930364,2.230158915,16.52,15.38809651,47.61,16.2,4.2,4.5,35.5,25.93333333,28.21428571,58,37,67,56.57142857,6.1,6.628571429,6.4,9.8,27.49781264,61.90080232,0.461375654,1,1
23,8,2014,8/23/2014,19.203125,0,29.2,39,6.8,0,4,24.45,5.06,0.184,235,-0.778763931,-0.627317097,-0.866025404,-0.5,4.052208127,2.471846958,17.812,16.80855931,46.24,17,1.3,4.5,35.5,27.9,27.54285714,41,37,54.33333333,56.57142857,6.4,6.771428571,6.9,9.8,27.64846885,51.45040116,0.138412696,2,2
24,8,2014,8/24/2014,19.204428,0,31.1,37,5.5,0,2,23.82,5.13,0.174,236,-0.78941791,-0.613856142,-0.866025404,-0.5,4.518232383,2.846486402,19.593,15.65567521,30.25,18.5,0,4.5,35.5,28.63333333,27.34285714,39,39,46,56.85714286,6.7,6.828571429,6.9,9.8,28.11392819,45.22520058,0.041523809,3,3
25,8,2014,8/25/2014,20.321615,0,28.7,47,7.1,0,18,22.27,4.66,0.165,237,-0.799839245,-0.600214281,-0.866025404,-0.5,3.936753503,2.086479357,15.211,14.81400343,50.41,18.1,0,4.5,27.9,29.43333333,27.37142857,37,37,39,55.28571429,6.4,6.757142857,6.9,9.8,29.00974974,41.11260029,0.012457143,4,4
26,8,2014,8/26/2014,18.798828,0,29.1,51,5.5,0,38,21.65,4.57,0.159,238,-0.810024863,-0.586395533,-0.866025404,-0.5,4.028884423,1.974153367,14.259,10.85784352,30.25,19.3,0,4.2,27.6,29.66666667,27.82857143,37,37,41,52.14285714,6.466666667,6.371428571,7.1,7.1,28.91682482,44.05630015,0.003737143,5,5
27,8,2014,8/27/2014,17.610025,0,30.2,58,6,0,32,19.65,4.21,0.153,239,-0.819971763,-0.572403973,-0.866025404,-0.5,4.291983042,1.802632878,12.684,10.81579727,36,21.8,0,1.3,27.1,29.63333333,28.82857143,37,37,45,48.14285714,6.033333333,6.3,7.1,7.1,28.97177737,47.52815007,0.001121143,6,6
28,8,2014,8/28/2014,19.808594,0,28.4,59,10,0,52,19.79,4.16,0.149,240,-0.829677014,-0.558243722,-0.866025404,-0.5,3.868863717,1.586234124,11.644,15.86234124,100,20.2,0,0,23.1,29.33333333,29.28571429,47,37,52,47.28571429,6.2,6.314285714,7.1,7.1,29.34024416,52.76407504,0.000336343,7,7
29,8,2014,8/29/2014,13.883464,0,24,69,7.2,0.2,92,12.87,2.73,0.154,241,-0.839137755,-0.543918954,-0.866025404,-0.5,2.983917477,0.925014418,7.44,6.660103809,51.84,17.8,0,0,23.1,29.23333333,29.24285714,51,37,56,47.42857143,7.166666667,6.828571429,10,10,29.05817091,55.88203752,0.000100903,8,8
30,8,2014,8/30/2014,16.182943,0,27.8,50,1.5,0,48,19.81,4.18,0.154,242,-0.848351198,-0.529433891,-0.866025404,-0.5,3.736134941,1.86806747,13.9,2.802101206,2.25,17.8,0.2,0.2,23.3,27.53333333,28.67142857,58,37,62,51.42857143,7.733333333,6.871428571,10,10,27.54071964,62.44101876,0.140030271,0,0
31,8,2014,8/31/2014,21.472656,0,30.4,43,6.2,0,16,21.45,4.62,0.149,243,-0.857314628,-0.514792802,-0.866025404,-0.5,4.341390638,2.474592663,17.328,15.34247451,38.44,19,0.2,0.2,23.3,26.73333333,28.47142857,50,37,59.33333333,53,6.233333333,6.114285714,10,10,27.61850375,56.22050938,0.042009081,1,1
1,9,2014,9/1/2014,22.052084,0,31.4,43,4.3,0,30,20.4,4.46,0.146,244,-0.866025404,-0.5,-1,-1.84E-16,4.595917317,2.61967287,17.898,11.26459334,18.49,20,0.2,0.2,23.3,27.4,28.37142857,43,43,54,53.85714286,4.966666667,6.214285714,7.2,10,28.45295262,49.61025469,0.012602724,2,2
2,9,2014,9/2/2014,20.571615,0,31.5,44,3.8,0.8,50,19.84,4.36,0.146,245,-0.874480958,-0.485059846,-1,-1.84E-16,4.622068903,2.588358586,17.64,9.835762626,14.44,20.3,0,0.2,23.3,29.86666667,28.75714286,43,43,45.33333333,53.28571429,4,5.814285714,6.2,10,29.33706684,46.30512734,0.003780817,3,3
3,9,2014,9/3/2014,21.959635,0,31.3,42,5,0.9,48,19.11,4.15,0.148,246,-0.882678798,-0.469976743,-1,-1.84E-16,4.569894388,2.650538745,18.154,13.25269373,25,19.7,0.8,1,21.1,31.1,29.1,43,43,43.33333333,52.28571429,4.766666667,5.571428571,6.2,10,29.98594679,45.15256367,0.561134245,0,0
4,9,2014,9/4/2014,20.895834,0,30.1,50,7.4,0.8,24,19.16,4.07,0.15,247,-0.890616509,-0.454755136,-1,-1.84E-16,4.267463105,2.133731552,15.05,15.78961349,54.76,20.1,1.7,1.9,20.8,31.4,29.25714286,42,42,43,50,4.366666667,5.428571429,5,10,30.38016275,43.57628184,0.798340274,0,0
5,9,2014,9/5/2014,20.632812,0,29.2,49,5.5,1,42,18.31,3.98,0.149,248,-0.898291752,-0.43939951,-1,-1.84E-16,4.052208127,2.066626145,14.892,11.3664438,30.25,19,2.5,2.7,19.2,30.96666667,29.5,42,42,45.33333333,48.71428571,5.4,5.057142857,7.4,7.4,30.29611392,46.78814092,0.799502082,0,0
6,9,2014,9/6/2014,22.105469,0,29.2,54,5.6,0,64,16.73,3.64,0.146,249,-0.905702263,-0.423914391,-1,-1.84E-16,4.052208127,1.864015739,13.432,10.43848814,31.36,20,2.7,3.5,16.1,30.2,30.24285714,42,42,47,45.85714286,5.966666667,4.814285714,7.4,7.4,29.96727975,47.89407046,0.939850625,0,0
7,9,2014,9/7/2014,5.8007812,0,25.2,71,6.8,1.6,72,13.37,2.72,0.159,250,-0.91284586,-0.408304342,-1,-1.84E-16,3.205712243,0.92965655,7.308,6.321664543,46.24,19.4,1.8,3.5,16.1,29.5,30.44285714,49,42,51,46.42857143,6.166666667,5.4,7.4,7.4,29.73709582,50.94703523,0.281955187,1,1
8,9,2014,9/8/2014,7.7083335,0,25.2,60,6.7,1.4,74,14.36,2.84,0.171,251,-0.919720437,-0.392573965,-1,-1.84E-16,3.205712243,1.282284897,10.08,8.591308811,44.89,17.2,2.6,5.1,15.6,27.86666667,29.7,49,42,58,50.42857143,5.966666667,5.485714286,6.8,7.4,28.37596708,60.97351761,1.204586556,0,0
9,9,2014,9/9/2014,2.6425781,0,22.4,71,6.7,1.9,58,15.45,3.04,0.18,252,-0.926323968,-0.376727894,-1,-1.84E-16,2.709082405,0.785633898,6.496,5.263747113,44.89,16.6,3,6.5,14.9,26.53333333,28.81428571,54,42,61.66666667,52.85714286,6.366666667,5.828571429,6.8,7.4,27.42317695,60.48675881,1.341375967,0,0
10,9,2014,9/10/2014,11.891927,0,25.4,34,3.1,0,67,16.77,3.48,0.18,253,-0.932654508,-0.360770799,-1,-1.84E-16,3.244042238,2.141067877,16.764,6.637310419,9.61,12.2,4.9,7.6,13.1,24.26666667,27.51428571,60,42,67.33333333,56.71428571,6.733333333,6.242857143,6.8,7.4,25.91622387,65.7433794,1.73241279,0,0
11,9,2014,9/11/2014,11.399739,0,25.2,48,4.7,2.1,21,17.91,3.59,0.192,254,-0.938710189,-0.344707384,-1,-1.84E-16,3.205712243,1.666970366,13.104,7.834760722,22.09,14.8,3.3,6.7,13.1,24.33333333,26.67142857,34,34,55,55.57142857,5.5,5.971428571,6.7,7.4,25.76135671,49.8716897,0.519723837,1,1
12,9,2014,9/12/2014,15.907552,0,27.2,47,6.9,0,20,17.67,3.62,0.184,255,-0.944489229,-0.328542382,-1,-1.84E-16,3.607388303,1.9119158,14.416,13.19221902,47.61,16.6,4,8,15.2,24.33333333,25.97142857,34,34,51,55.28571429,4.833333333,5.585714286,6.7,6.8,25.59294969,48.93584485,1.625917151,0,0
13,9,2014,9/13/2014,17.22526,0,26.5,51,4.7,0,41,18.22,3.66,0.179,256,-0.949989923,-0.312280557,-1,-1.84E-16,3.462082359,1.696420356,12.985,7.973175672,22.09,16.7,2.1,7,15.2,25.93333333,25.68571429,34,34,43,55,4.9,5.785714286,6.9,6.9,26.07506479,47.96792243,0.487775145,1,1
14,9,2014,9/14/2014,15.964192,0,26.4,55,6.6,0.3,46,17.47,3.43,0.178,257,-0.955210651,-0.295926701,-1,-1.84E-16,3.441746435,1.548785896,11.88,10.22198691,43.56,17.4,2.1,7,15.2,26.3,25.3,47,34,48.66666667,54.57142857,5.433333333,5.657142857,6.9,6.9,26.20254535,49.48396121,0.146332544,2,2
15,9,2014,9/15/2014,15.369792,0,24.9,55,7,0.3,50,17.12,3.39,0.176,258,-0.960149874,-0.279485635,-1,-1.84E-16,3.148957679,1.417030956,11.205,9.91921669,49,15.9,0.3,5.7,15.5,26.7,25.47142857,47,34,51,52.28571429,6.066666667,5.628571429,6.9,6.9,26.26178175,52.24198061,0.253899763,0,0
16,9,2014,9/16/2014,16.114584,0,24.5,62,4.5,0,59,16.05,3.07,0.181,259,-0.964806136,-0.262962203,-1,-1.84E-16,3.074649051,1.168366639,9.31,5.257649877,20.25,16.9,0.6,4.6,15.8,25.93333333,25.42857143,51,34,53.66666667,51.57142857,6.1,5.671428571,7,7,25.85324722,53.6209903,0.286169929,0,0
17,9,2014,9/17/2014,10.347656,0,24.4,57,2.3,2.1,80,10.96,2.12,0.224,260,-0.969178065,-0.246361274,-1,-1.84E-16,3.056312653,1.314214441,10.492,3.022693214,5.29,15.8,0.6,2.7,15.8,25.26666667,25.72857143,55,34,57.33333333,50.28571429,6.033333333,5.357142857,7,7,25.44727306,57.81049515,0.085850979,1,1
18,9,2014,9/18/2014,0.8723958,0,19,91,3.3,14,99,7.91,1.44,0.357,261,-0.973264374,-0.229687742,-1,-1.84E-16,2.197393324,0.197765399,1.71,0.652625817,10.89,17.2,2.4,4.8,17.6,24.6,25.58571429,55,47,58,53.57142857,4.6,5.242857143,7,7,25.13309114,57.40524758,1.495755294,0,0
19,9,2014,9/19/2014,0.5442708,0,18,92,4.2,8.4,97,7.39,1.33,0.35,262,-0.977063856,-0.21294652,-1,-1.84E-16,2.063989203,0.165119136,1.44,0.693500372,17.64,16.4,16.1,16.7,28.7,22.63333333,24.7,57,47,70,59.71428571,3.366666667,5.042857143,4.5,7,23.2931638,74.20262379,10.24872659,0,0
20,9,2014,9/20/2014,0.14322917,0,18.2,75,8.6,6.2,71,9.89,1.77,0.34,263,-0.980575394,-0.196142541,-1,-1.84E-16,2.090087801,0.52252195,4.55,4.493688772,73.96,13.2,24.5,25.1,35.8,20.46666667,23.38571429,57,51,80,66.14285714,3.266666667,4.657142857,4.2,7,21.70521466,83.10131189,8.954617976,0,0
21,9,2014,9/21/2014,0.96744794,0,20.1,47,1.8,0.3,59,18.59,3.23,0.31,264,-0.983797952,-0.179280759,-1,-1.84E-16,2.352795129,1.246981418,10.653,2.244566553,3.24,9.5,28.6,31.3,42,18.4,22.2,75,55,86,69.57142857,5.366666667,5.214285714,8.6,8.6,20.65365026,79.05065595,7.026385393,0,0
22,9,2014,9/22/2014,4.2128906,0,22.7,47,5.1,0,22,17.9,3.26,0.286,265,-0.986730579,-0.162366141,-1,-1.84E-16,2.758861627,1.462196662,12.031,7.457202977,26.01,12.1,14.9,31.3,42.3,18.76666667,21.3,47,47,71.33333333,68.42857143,4.866666667,4.528571429,8.6,8.6,20.48755518,63.02532797,2.317915618,0,0
23,9,2014,9/23/2014,4.1438804,0,22.2,70,3.1,0,77,8.49,1.84,0.289,266,-0.989372413,-0.145403674,-1,-1.84E-16,2.676333659,0.802900098,6.66,2.488990303,9.61,16.2,6.5,31,42.3,20.33333333,20.98571429,47,47,56.33333333,67.28571429,5.166666667,4.257142857,8.6,8.6,21.15128863,55.01266399,0.695374685,1,1
24,9,2014,9/24/2014,0.26888022,0,16.1,63,11.9,12.5,71,11.19,1.96,0.354,267,-0.991722674,-0.128398355,-1,-1.84E-16,1.829933244,0.6770753,5.957,8.057196075,141.61,8.7,0.3,31,42.3,21.66666667,20.65714286,47,47,54.66666667,68.42857143,3.333333333,4.057142857,5.1,8.6,21.46590204,62.50633199,0.208612406,2,2
25,9,2014,9/25/2014,0.76692706,0,16.7,57,6,0,55,12.98,2.23,0.32,268,-0.99378067,-0.111355197,-1,-1.84E-16,1.901195309,0.817513983,7.181,4.905083897,36,8.1,12.5,41.4,54.8,20.33333333,19.47142857,47,47,60,69.28571429,6.7,5.428571429,11.9,11.9,19.85613143,62.753166,8.812583722,0,0
26,9,2014,9/26/2014,2.7083333,0,19.4,47,0.7,0,59,18.21,3.12,0.3,269,-0.995545794,-0.094279222,-1,-1.84E-16,2.252831002,1.194000431,10.282,0.835800302,0.49,8.8,12.5,27.4,54.8,18.33333333,19.14285714,57,47,63.33333333,64.42857143,7,5.814285714,11.9,11.9,18.909292,59.876583,2.643775117,1,1
27,9,2014,9/27/2014,0.8828125,0,20.4,61,3.7,2.3,89,10.66,2.02,0.309,270,-0.997017526,-0.077175462,-1,-1.84E-16,2.39681041,0.93475606,7.956,3.458597422,13.69,12.6,12.5,19,54.8,17.4,19.34285714,47,47,55.66666667,58,6.2,5.314285714,11.9,11.9,19.0565044,53.4382915,0.793132535,2,2
28,9,2014,9/28/2014,0.003906252,0,14,95,6.6,35.1,99,1.6,0.44,0.421,271,-0.998195433,-0.060048959,-1,-1.84E-16,1.598604859,0.079930243,0.7,0.527539604,43.56,13,2.3,15.1,57.1,18.83333333,19.65714286,47,47,55,56,3.466666667,4.614285714,6,11.9,19.45955308,57.21914575,1.84793976,0,0
29,9,2014,9/29/2014,0.032552082,0,17.3,66,6.2,14.7,69,11.71,2.05,0.401,272,-0.999079167,-0.042904758,-1,-1.84E-16,1.974876858,0.671458132,5.882,4.163040417,38.44,10.5,37.4,49.9,92,17.93333333,18.78571429,47,47,67.66666667,62.85714286,3.666666667,5.3,6.6,11.9,17.82168716,76.10957287,25.12438193,0,0
30,9,2014,9/30/2014,0.30273438,0,16.8,59,0.7,0,42,16.86,2.72,0.378,273,-0.999668468,-0.025747914,-1,-1.84E-16,1.913305695,0.784455335,6.888,0.549118734,0.49,8.6,52.1,64.6,106.7,17.23333333,18.01428571,61,47,74,65.57142857,5.5,5.457142857,6.6,11.9,17.66518101,71.05478644,17.82731458,0,0
1,10,2014,10/1/2014,0.9355469,0,19.3,46,4.1,0,4,17.68,2.95,0.36,274,-0.999963161,-0.008583481,-0.866025404,0.5,2.238858125,1.208983387,10.422,4.956831888,16.81,8.5,49.8,64.6,106.7,16.03333333,17.24285714,59,47,73.33333333,64,4.5,5.114285714,6.6,11.9,17.40562671,65.02739322,5.348194374,1,1
2,10,2014,10/2/2014,3.0735676,0,19.1,58,6.3,0,19,16.08,2.74,0.347,275,-0.999963161,0.008583481,-0.866025404,0.5,2.211139634,0.928678646,8.022,5.850675472,39.69,10.7,14.7,52.1,106.7,17.8,17.7,46,46,57,61.57142857,3.666666667,4,6.2,6.6,17.97393869,55.51369661,1.604458312,2,2
3,10,2014,10/3/2014,3.3476562,0,19,63,1.1,0,38,15.65,2.62,0.337,276,-0.999668468,0.025747914,-0.866025404,0.5,2.197393324,0.81303553,7.03,0.894339083,1.21,11.6,0,52.1,105.9,18.4,18.04285714,46,46,54.33333333,61.71428571,3.7,4.042857143,6.3,6.6,18.31175709,56.7568483,0.481337494,3,3
4,10,2014,10/4/2014,4.080078,0,18.2,65,2.1,0,64,13.89,2.34,0.329,277,-0.999079167,0.042904758,-0.866025404,0.5,2.090087801,0.73153073,6.37,1.536214534,4.41,11.2,0,52.1,105,19.13333333,17.98571429,46,46,55.66666667,64,3.833333333,4.1,6.3,6.6,18.51822996,59.87842415,0.144401248,4,4
5,10,2014,10/5/2014,4.6152344,0,19.3,67,1.8,0,60,14.25,2.44,0.321,278,-0.998195433,0.060048959,-0.866025404,0.5,2.238858125,0.738823181,6.369,1.329881726,3.24,12.7,0,49.8,104.2,18.76666667,17.67142857,58,46,62,64.57142857,3.166666667,3.871428571,6.3,6.6,18.42276097,62.43921208,0.043320374,5,5
6,10,2014,10/6/2014,1.7369791,0,18.5,76,4.2,5,89,9.15,1.66,0.35,279,-0.997017526,0.077175462,-0.866025404,0.5,2.129777303,0.511146553,4.44,2.146815522,17.64,13.7,0,14.7,103.2,18.83333333,18.42857143,63,46,65,60.57142857,1.666666667,3.185714286,2.1,6.3,18.68593268,64.71960604,0.012996112,6,6
7,10,2014,10/7/2014,2.2421875,0,21.5,68,2.9,0.4,51,15.08,2.66,0.34,280,-0.995545794,0.094279222,-0.866025404,0.5,2.564419721,0.820614311,6.88,2.379781501,8.41,15.1,5,5,108.2,18.66666667,18.6,65,46,69.33333333,62,2.7,2.9,4.2,6.3,18.63015288,70.35980302,3.503898834,0,0
8,10,2014,10/8/2014,3.6959636,0,21.8,62,4.3,0,76,14.03,2.5,0.326,281,-0.99378067,0.111355197,-0.866025404,0.5,2.611871906,0.992511324,8.284,4.267798695,18.49,14.2,5.4,5.4,107,19.76666667,19.27142857,67,46,70.33333333,63.28571429,2.966666667,3.214285714,4.2,6.3,19.49110701,69.17990151,1.33116965,0,0
9,10,2014,10/9/2014,3.8131511,0,19.9,69,2.2,0.2,85,10.59,1.92,0.322,282,-0.991722674,0.128398355,-0.866025404,0.5,2.323845764,0.720392187,6.169,1.584862811,4.84,13.7,5.4,5.4,105.6,20.6,19.62857143,62,58,68.66666667,65.57142857,3.8,3.242857143,4.3,6.3,20.18377491,65.58995075,0.399350895,1,1
10,10,2014,10/10/2014,5.2226562,0,20.7,59,2.6,0,43,15.36,2.68,0.314,283,-0.989372413,0.145403674,-0.866025404,0.5,2.441543871,1.001032987,8.487,2.602685767,6.76,12.5,0.6,5.6,103.9,21.06666667,19.74285714,62,62,66.33333333,67.14285714,3.133333333,2.657142857,4.3,4.3,20.09864244,67.29497538,0.259805269,0,0
11,10,2014,10/11/2014,5.4700522,0,20.8,65,3.7,0,66,14.86,2.58,0.305,284,-0.986730579,0.162366141,-0.866025404,0.5,2.456616326,0.859815714,7.28,3.181318142,13.69,13.8,0.2,5.6,103.9,20.8,19.98571429,59,59,63.33333333,66.57142857,3.033333333,2.871428571,4.3,4.3,20.27904971,63.14748769,0.077941581,1,1
12,10,2014,10/12/2014,4.4375,0,19.4,76,2.3,0,95,7.69,1.45,0.308,285,-0.983797952,0.179280759,-0.866025404,0.5,2.252831002,0.540679441,4.656,1.243562713,5.29,14.6,0.2,5.6,101.8,20.46666667,20.35714286,59,59,64.33333333,66.57142857,2.833333333,3.1,3.7,4.3,20.43533479,64.07374384,0.023382474,2,2
13,10,2014,10/13/2014,0.73828125,0,18.7,89,3.3,1.5,96,8.68,1.48,0.344,286,-0.980575394,0.196142541,-0.866025404,0.5,2.15660198,0.237226218,2.057,0.782846519,10.89,16.5,0,5.6,101.8,20.3,20.37142857,59,59,66.66666667,67.85714286,2.866666667,3.171428571,3.7,4.3,20.12473436,70.03687192,0.007014742,3,3
14,10,2014,10/14/2014,0.30729166,0,19,75,2.3,3.6,93,9.34,1.62,0.351,287,-0.977063856,0.21294652,-0.866025404,0.5,2.197393324,0.549348331,4.75,1.263501161,5.29,14,1.5,2.1,103.3,19.63333333,20.4,65,59,76.66666667,69.71428571,3.1,3.042857143,3.7,4.3,19.69731405,79.51843596,1.052104423,0,0
15,10,2014,10/15/2014,0.90625,0,19.4,67,1.8,1.7,54,11.78,2.05,0.339,288,-0.973264374,0.229687742,-0.866025404,0.5,2.252831002,0.743434231,6.402,1.338181615,3.24,12.8,5.1,5.3,106.6,19.03333333,20.04285714,75,59,80,70.71428571,2.633333333,2.957142857,3.3,4.3,19.48811983,77.25921798,2.835631327,0,0
16,10,2014,10/16/2014,3.1744792,0,21.5,55,5.4,0.2,57,10.59,2,0.328,289,-0.969178065,0.246361274,-0.866025404,0.5,2.564419721,1.153988874,9.675,6.231539921,29.16,12.5,6.8,7,108,19.03333333,19.7,67,59,77,71.42857143,2.466666667,2.6,3.3,3.7,19.46168388,72.12960899,2.040689398,0,0
17,10,2014,10/17/2014,0.038411457,0,18.8,86,7.7,16.1,90,7.23,1.29,0.394,290,-0.964806136,0.262962203,-0.866025404,0.5,2.170124842,0.303817478,2.632,2.339394579,59.29,16,5.5,7,108.2,19.96666667,19.92857143,55,55,65.66666667,69.42857143,3.166666667,3.057142857,5.4,5.4,20.07317872,63.5648045,0.752206819,0,0
18,10,2014,10/18/2014,0.002604169,0,17.3,89,13.7,27.4,91,5.33,0.93,0.419,291,-0.960149874,0.279485635,-0.866025404,0.5,1.974876858,0.217236454,1.903,2.976139425,187.69,15.1,18,23.1,122.2,19.9,19.65714286,55,55,69.33333333,73.28571429,4.966666667,3.785714286,7.7,7.7,19.6912251,74.78240225,11.49566205,0,0
19,10,2014,10/19/2014,0.002604169,0,11.2,69,9.9,25.9,66,8.04,1.2,0.412,292,-0.955210651,0.295926701,-0.866025404,0.5,1.330268088,0.412383107,3.472,4.082592761,98.01,5,43.7,50.5,135.6,19.2,19.15714286,55,55,76.66666667,76.71428571,8.933333333,5.214285714,13.7,13.7,18.97385757,81.89120112,22.62869861,0,0
20,10,2014,10/20/2014,0.09700521,0,13.4,54,2,0,25,14.33,2.04,0.389,293,-0.949989923,0.312280557,-0.866025404,0.5,1.537413793,0.707210345,6.164,1.41442069,4,4.2,69.4,76.4,153.1,15.76666667,17.98571429,69,55,81.33333333,75.71428571,10.43333333,6.3,13.7,13.7,16.6417003,75.44560056,24.91860958,0,0
21,10,2014,10/21/2014,0.42773438,0,18.6,41,2.2,0,6,14.36,2.3,0.375,294,-0.944489229,0.328542382,-0.866025404,0.5,2.143152914,1.26446022,10.974,2.781812483,4.84,6.8,53.3,74.9,146.9,13.96666667,17.22857143,54,54,70.66666667,70.71428571,8.533333333,6.114285714,13.7,13.7,15.66919021,64.72280028,7.475582875,1,1
22,10,2014,10/22/2014,2.3151042,0,20.2,47,5.7,0,13,14.23,2.44,0.363,295,-0.938710189,0.344707384,-0.866025404,0.5,2.367387698,1.25471548,10.706,7.151878234,32.49,9.6,25.9,71.3,146.6,14.4,17.17142857,41,41,54.66666667,65.85714286,4.7,6.1,9.9,13.7,16.54843315,52.86140014,2.242674863,2,2
23,10,2014,10/23/2014,5.1510415,0,20.7,57,9.3,0,66,12.21,2.34,0.355,296,-0.932654508,0.360770799,-0.866025404,0.5,2.441543871,1.049863865,8.901,9.763733942,86.49,12.1,0,69.6,146.6,17.4,17.28571429,41,41,47.33333333,63,3.3,6.657142857,5.7,13.7,17.6439032,49.93070007,0.672802459,3,3
24,10,2014,10/24/2014,0.11686198,0,14.8,93,4.9,3.8,87,3.95,0.71,0.376,297,-0.926323968,0.376727894,-0.866025404,0.5,1.683511528,0.117845807,1.036,0.577444454,24.01,13.4,0,69.4,146.6,19.83333333,17.17142857,41,41,48.33333333,63.28571429,5.733333333,7.214285714,9.3,13.7,18.56073224,53.46535004,0.201840738,4,4
25,10,2014,10/25/2014,0.20117188,0,17.4,82,7.2,3.8,95,6.89,1.16,0.389,298,-0.919720437,0.392573965,-0.866025404,0.5,1.987397189,0.357731494,3.132,2.575666757,51.84,13.8,3.8,57.1,137.9,18.56666667,16.6,47,41,65.66666667,64.28571429,6.633333333,6.814285714,9.3,13.7,17.43251257,73.23267502,2.720552221,0,0
26,10,2014,10/26/2014,0.006510418,0,17.4,83,2.1,5,75,8.83,1.38,0.402,299,-0.91284586,0.408304342,-0.866025404,0.5,1.987397189,0.337857522,2.958,0.709500796,4.41,14,7.6,33.5,141.7,17.63333333,16.61428571,57,41,77.33333333,63.28571429,7.133333333,5.885714286,9.3,9.9,17.4227588,77.61633751,3.476165666,0,0
27,10,2014,10/27/2014,0.048177082,0,18,75,2.4,6.9,81,10.26,1.66,0.408,300,-0.905702263,0.423914391,-0.866025404,0.5,2.063989203,0.515997301,4.5,1.238393522,5.76,13,12.6,12.6,146.7,16.53333333,17.5,82,41,86,65.28571429,4.733333333,4.771428571,7.2,9.3,17.41593116,80.30816875,4.5428497,0,0
28,10,2014,10/28/2014,0.07356771,0,14.5,86,4.8,5.9,100,4.22,0.8,0.406,301,-0.898291752,0.43939951,-0.866025404,0.5,1.651219156,0.231170682,2.03,1.109619273,23.04,11.7,15.7,19.5,151.3,17.6,18.15714286,75,41,80,68.28571429,3.9,4.828571429,7.2,9.3,17.59115181,77.65408438,6.19285491,0,0
29,10,2014,10/29/2014,0.22005208,0,17.6,71,4.6,0,98,8.99,1.48,0.39,302,-0.890616509,0.454755136,-0.866025404,0.5,2.012646543,0.583667497,5.104,2.684870488,21.16,11.8,17.8,25.4,122.1,16.63333333,17.57142857,75,47,81.33333333,74.71428571,3.1,5.2,4.8,9.3,16.66380627,81.82704219,5.987856473,0,0
30,10,2014,10/30/2014,0.16992188,0,16.3,79,2.5,0.9,98,6.93,1.17,0.398,303,-0.882678798,0.469976743,-0.866025404,0.5,1.853422649,0.389218756,3.423,0.973046891,6.25,12.1,12.8,25.4,107.4,16.7,17.2,71,57,77.33333333,78.14285714,3.933333333,5.042857143,4.8,9.3,16.94466439,76.41352109,1.796356942,1,1
31,10,2014,10/31/2014,1.80E-09,0,12.7,96,5.7,14.4,100,0.86,0.29,0.425,304,-0.874480958,0.485059846,-0.866025404,0.5,1.468630442,0.058745218,0.508,0.334847741,32.49,11.9,6.8,26.3,108.3,16.13333333,16.57142857,71,71,78.66666667,81.28571429,3.966666667,4.071428571,4.8,7.2,16.75126507,77.70676055,1.168907083,0,0
1,5,2015,5/1/2015,0.31575522,0,18.1,70,7.7,2.2,77,18.64,3.05,0.383,121,0.874480958,-0.485059846,0.5,-0.866025404,2.077002619,0.623100786,5.43,4.797876049,59.29,12.1,15.3,36.9,122.7,15.53333333,16.27142857,71,71,82,81.71428571,4.266666667,4.185714286,5.7,7.2,15.53588555,86.85338027,10.43067212,0,0
2,5,2015,5/2/2015,0.9264323,0,20.2,52,2.3,0,82,23.34,4.12,0.37,122,0.866025404,-0.5,0.5,-0.866025404,2.367387698,1.136346095,9.696,2.613596018,5.29,10.6,17.5,35.3,124.9,15.7,16.37142857,70,70,81.66666667,80,5.3,4.257142857,7.7,7.7,16.30511988,78.42669014,4.669201637,0,0
3,5,2015,5/3/2015,0.072916664,0,16.1,87,3.1,5.5,95,8.33,1.42,0.399,123,0.857314628,-0.514792802,0.5,-0.866025404,1.829933244,0.237891322,2.093,0.737463098,9.61,13.5,16.6,30.3,124.9,17,16.77142857,52,52,72.66666667,75.57142857,5.233333333,4.285714286,7.7,7.7,17.47358392,65.21334507,1.400760491,1,1
4,5,2015,5/4/2015,0.109375,0,15.8,67,9.4,8.2,60,17.37,2.8,0.401,124,0.848351198,-0.529433891,0.5,-0.866025404,1.795188282,0.592412133,5.214,5.56867405,88.36,9.2,7.7,28.9,130.4,18.13333333,16.5,52,52,69.66666667,77.28571429,4.366666667,4.385714286,7.7,7.7,17.06150874,76.10667253,4.270228147,0,0
5,5,2015,5/5/2015,0.7213542,0,20.1,49,3.8,0,31,24.96,4.3,0.383,125,0.839137755,-0.543918954,0.5,-0.866025404,2.352795129,1.199925516,10.251,4.55971696,14.44,9.9,13.7,31.2,138.6,17.36666667,16.68571429,52,52,68.66666667,74.57142857,4.933333333,5.042857143,9.4,9.4,16.68305612,71.55333627,7.021068444,0,0
6,5,2015,5/6/2015,2.4778645,0,20.8,58,8.2,0,31,25.03,4.32,0.37,126,0.829677014,-0.558243722,0.5,-0.866025404,2.456616326,1.031778857,8.736,8.460586627,67.24,12.4,13.7,31.2,133.6,17.33333333,17.04285714,49,49,67.66666667,71.42857143,5.433333333,4.928571429,9.4,9.4,17.70813928,60.27666813,2.106320533,1,1
7,5,2015,5/7/2015,6.4309897,0,22.4,37,7.2,0,49,26.6,4.82,0.358,127,0.819971763,-0.572403973,0.5,-0.866025404,2.709082405,1.706721915,14.112,12.28839779,51.84,9.8,8.2,30.3,133.2,18.9,17.68571429,49,49,58,68.42857143,7.133333333,5.742857143,9.4,9.4,18.6356975,59.13833407,0.63189616,2,2
8,5,2015,5/8/2015,0.28580728,0,17.5,79,4.6,8.2,93,8.65,1.67,0.392,128,0.810024863,-0.586395533,0.5,-0.866025404,1.999986975,0.419997265,3.675,1.931987418,21.16,13.3,0,15.9,133.2,21.1,19.07142857,37,37,48,60,6.4,5.957142857,8.2,9.4,19.76498825,48.06916703,0.189568848,3,3
9,5,2015,5/9/2015,1.5338541,0,18.4,51,7.9,0.6,53,24.75,4.07,0.378,129,0.799839245,-0.600214281,0.5,-0.866025404,2.116474806,1.037072655,9.016,8.192873975,62.41,8.6,8.2,21.9,141.2,20.23333333,18.98571429,37,37,58,61.28571429,6.666666667,5.514285714,8.2,9.4,19.08549177,63.53458352,5.796870654,0,0
10,5,2015,5/10/2015,3.8958333,0,17,50,6.7,0,58,23.96,3.84,0.363,130,0.78941791,-0.613856142,0.5,-0.866025404,1.937729352,0.968864676,8.5,6.491393329,44.89,7,8.8,22.5,141.8,19.43333333,18.72857143,37,37,55.66666667,61.14285714,6.566666667,6.314285714,7.9,9.4,18.87984424,57.26729176,2.159061196,0,0
11,5,2015,5/11/2015,6.0585938,0,18.4,50,4.1,0,42,25.23,4.18,0.353,131,0.778763931,-0.627317097,0.5,-0.866025404,2.116474806,1.058237403,9.2,4.338773353,16.81,8.4,8.8,17,141.8,17.63333333,18.85714286,50,37,60,55.85714286,6.4,6.828571429,7.9,9.4,18.31589097,53.63364588,0.647718359,1,1
12,5,2015,5/12/2015,8.292969,0,18.7,51,9.5,0,33,25.97,4.26,0.342,132,0.767880446,-0.640593179,0.5,-0.866025404,2.15660198,1.05673497,9.163,10.03898222,90.25,8.9,0.6,8.8,141.8,17.93333333,19.22857143,50,37,50.33333333,53.42857143,6.233333333,6.071428571,7.9,8.2,18.34112368,51.81682294,0.194315508,2,2
13,5,2015,5/13/2015,8.050781,0,18.8,47,8.8,0,35,24.28,4,0.333,133,0.756770663,-0.653680475,0.5,-0.866025404,2.170124842,1.150166166,9.964,10.12146226,77.44,8.2,0,8.8,140.3,18.03333333,19.02857143,50,37,50.33333333,53.71428571,6.766666667,6.885714286,9.5,9.5,18.44878658,51.40841147,0.058294652,3,3
14,5,2015,5/14/2015,8.539714,0,20.4,42,0.7,0,8,27.77,4.79,0.324,134,0.745437857,-0.666575128,0.5,-0.866025404,2.39681041,1.390150038,11.832,0.973105027,0.49,8.8,0,8.8,136.7,18.63333333,18.74285714,47,37,49.33333333,52.14285714,7.466666667,6.971428571,9.5,9.5,18.5541506,49.20420573,0.017488396,4,4
15,5,2015,5/15/2015,13.753255,0,23.3,46,10.1,0,26,26.87,4.93,0.314,135,0.733885366,-0.679273339,0.5,-0.866025404,2.86082113,1.54484341,12.582,15.60291844,102.01,12.5,0,8.8,135,19.3,18.45714286,42,42,46.66666667,52.85714286,6.333333333,6.042857143,9.5,9.5,19.10790542,45.60210287,0.005246519,5,5
16,5,2015,5/16/2015,14.284505,0,25.6,44,12.7,0.2,28,26.42,5.23,0.304,136,0.722116597,-0.691771365,0.5,-0.866025404,3.28277117,1.838351855,14.336,23.34706856,161.29,14.4,0,0.6,134.8,20.83333333,19.28571429,42,42,45,48.14285714,6.533333333,6.828571429,10.1,10.1,20.3655338,45.80105143,0.001573956,6,6
17,5,2015,5/17/2015,12.828776,0,25.8,50,9,0,45,27.29,5.18,0.293,137,0.710135016,-0.704065522,0.5,-0.866025404,3.321902528,1.660951264,12.9,14.94856138,81,15.8,0.2,0.2,118.9,23.1,20.31428571,42,42,44,47.14285714,7.833333333,7.514285714,12.7,12.7,21.93587366,44.90052572,0.140472187,0,0
18,5,2015,5/18/2015,13.052083,0,27,45,3.6,0,19,27.27,5.43,0.283,138,0.697944155,-0.716152188,0.5,-0.866025404,3.565340176,1.960937097,14.85,7.059373548,12.96,16,0.2,0.2,91.5,24.9,21.57142857,44,42,46.66666667,47.14285714,10.6,7.842857143,12.7,12.7,23.09511156,47.45026286,0.042141656,1,1
19,5,2015,5/19/2015,14.139323,0,29.9,40,5.4,0,17,27.08,5.61,0.274,139,0.685547606,-0.728027801,0.5,-0.866025404,4.218788397,2.531273038,17.94,13.6688744,29.16,17.9,0.2,0.2,65.6,26.13333333,22.8,44,42,46.33333333,46.42857143,8.433333333,7.771428571,12.7,12.7,24.26657809,46.22513143,0.012642497,2,2
20,5,2015,5/20/2015,17.235678,0,31.8,30,9.4,0,28,25.23,5.49,0.267,140,0.672949024,-0.739688861,0.5,-0.866025404,4.701300942,3.290910659,22.26,30.9345602,88.36,17.8,0,0.2,65.6,27.56666667,24.4,40,40,45,44.85714286,6,7.185714286,9,12.7,25.95660466,43.11256571,0.003792749,3,3
21,5,2015,5/21/2015,6.7148438,0,21.5,76,6.8,0.1,85,15.9,3.01,0.269,141,0.660152121,-0.751131931,0.5,-0.866025404,2.564419721,0.615460733,5.16,4.185132984,46.24,16.7,0,0.2,65.6,29.56666667,26.25714286,30,30,38.33333333,42.42857143,6.133333333,7.271428571,9.4,12.7,27.70962326,36.55628286,0.001137825,4,4
22,5,2015,5/22/2015,7.2617188,0,22.7,61,6.8,0.3,75,21.03,3.98,0.276,142,0.647160667,-0.762353639,0.5,-0.866025404,2.758861627,1.075956034,8.853,7.316501034,46.24,14.9,0.1,0.3,65.7,27.73333333,26.41428571,30,30,48.66666667,47.28571429,7.2,8.142857143,9.4,12.7,25.84673629,56.27814143,0.070341347,0,0
23,5,2015,5/23/2015,9.871094,0,24.9,53,4.2,0,62,26.15,4.97,0.267,143,0.633978493,-0.773350678,0.5,-0.866025404,3.148957679,1.480010109,11.703,6.216042459,17.64,15.5,0.4,0.6,66,25.33333333,26.32857143,30,30,55.66666667,49.42857143,7.666666667,7.671428571,9.4,12.7,24.9027154,58.63907071,0.231102404,0,0
24,5,2015,5/24/2015,14.119792,0,29.1,39,1.4,0,36,25.46,5.22,0.257,144,0.620609482,-0.784119807,0.5,-0.866025404,4.028884423,2.457619498,17.751,3.440667297,1.96,16.9,0.4,0.4,62.2,23.03333333,26.22857143,53,30,63.33333333,50.71428571,5.933333333,6.457142857,6.8,9.4,24.90190078,55.81953536,0.069330721,1,1
25,5,2015,5/25/2015,8.5442705,0,26.5,52,1.8,0.5,83,19.88,3.98,0.259,145,0.607057574,-0.794657852,0.5,-0.866025404,3.462082359,1.661799532,12.72,2.991239158,3.24,16.9,0.3,0.4,58.4,25.56666667,26.7,39,30,51,49.14285714,4.133333333,5.371428571,6.8,9.4,26.16133055,47.40976768,0.020799216,2,2
26,5,2015,5/26/2015,8.225261,0,24.2,60,7.1,0.6,63,23.78,4.43,0.265,146,0.593326764,-0.804961708,0.5,-0.866025404,3.019925818,1.207970327,9.68,8.576589324,50.41,16.2,0.5,0.9,53.9,26.83333333,26.62857143,39,30,48,50.14285714,2.466666667,5.114285714,4.2,9.4,26.26293138,49.70488384,0.356239765,0,0
27,5,2015,5/27/2015,3.3815105,0,21.2,70,3.5,1.3,84,12.44,2.38,0.292,147,0.579421098,-0.815028338,0.5,-0.866025404,2.517722492,0.755316748,6.36,2.643608617,12.25,15.2,1.1,1.5,47.6,26.6,25.81428571,39,30,50.33333333,53,3.433333333,5.357142857,7.1,9.4,25.64405197,54.85244192,0.526871929,0,0
28,5,2015,5/28/2015,0.005859377,0,16.9,89,7.2,21.6,98,10.56,1.92,0.395,148,0.565344674,-0.824854775,0.5,-0.866025404,1.925483602,0.211803196,1.859,1.524983013,51.84,14.7,2.4,2.8,43,23.96666667,24.3,52,39,60.66666667,58.71428571,4.133333333,4.514285714,7.1,7.1,24.31083638,62.42622096,1.068061579,0,0
29,5,2015,5/29/2015,0.035807293,0,17.1,83,7.7,5.8,99,11.81,2.04,0.381,149,0.55110164,-0.834438124,0.5,-0.866025404,1.950043263,0.331507355,2.907,2.552606631,59.29,13.7,23.5,24.3,64.6,20.76666667,23.64285714,60,39,73,60.57142857,5.933333333,4.571428571,7.2,7.2,22.08758546,75.71311048,15.44041847,0,0
30,5,2015,5/30/2015,0.096354164,0,14.8,84,2.4,4.6,99,9.68,1.67,0.393,150,0.536696194,-0.84377556,0.5,-0.866025404,1.683511528,0.269361844,2.368,0.646468427,5.76,11.6,28.7,29.8,69.5,18.4,22.84285714,70,39,80.66666667,63.71428571,6.133333333,4.7,7.7,7.7,20.59130982,79.35655524,8.692125542,0,0
31,5,2015,5/31/2015,0.14453125,0,17.9,80,5.6,8.3,76,17.98,3.02,0.393,151,0.522132581,-0.852864331,0.5,-0.866025404,2.051047219,0.410209444,3.58,2.297172885,31.36,13.9,32,34.4,59.7,16.26666667,21.4,83,39,85.33333333,68.14285714,5.766666667,4.442857143,7.7,7.7,18.85391688,81.67827762,5.827637663,0,0
1,6,2015,6/1/2015,0.8704427,0,21.2,69,5.4,1.7,62,22.46,3.93,0.38,152,0.507415093,-0.86170176,1.22E-16,-1,2.517722492,0.780493973,6.572,4.214667452,29.16,15,18.7,42.7,65.8,16.6,19.8,80,52,82.33333333,74,5.233333333,5.042857143,7.7,7.7,18.56774181,80.83913881,7.558291299,0,0
2,6,2015,6/2/2015,1.8951823,0,24.4,57,4.3,0,71,26.01,4.84,0.366,153,0.492548068,-0.870285241,1.22E-16,-1,3.056312653,1.314214441,10.492,5.651122095,18.49,15.8,14.6,43.9,67.5,17.96666667,19.04285714,69,60,77.66666667,76.42857143,4.466666667,5.557142857,5.6,7.7,19.35741927,74.9195694,3.45748739,0,0
3,6,2015,6/3/2015,3.751302,0,23.5,65,6.9,0,89,17.1,3.21,0.37,154,0.477535886,-0.878612245,1.22E-16,-1,2.895530773,1.013435771,8.225,6.992706817,47.61,16.5,10,43.3,62,21.16666667,19.07142857,57,57,68.66666667,76,5.1,5.157142857,5.6,7.7,20.87019349,65.9597847,1.037246217,1,1
4,6,2015,6/4/2015,2.2994792,0,22.5,70,6.9,4.1,88,17.92,3.17,0.393,155,0.462382973,-0.886680318,1.22E-16,-1,2.725587607,0.817676282,6.75,5.641966346,47.61,16.5,1.7,42,53.8,23.03333333,19.4,57,57,63.66666667,75.28571429,5.533333333,5.642857143,6.9,7.7,21.65913544,65.47989235,0.311173865,2,2
5,6,2015,6/5/2015,0.001302085,0,17.4,88,4.9,23.5,99,6.56,1.32,0.424,156,0.447093793,-0.894487082,1.22E-16,-1,1.987397189,0.238487663,2.088,1.168589547,24.01,15,4.1,24.5,57.9,23.46666667,20.2,57,57,64,72.57142857,6.033333333,5.6,6.9,7.7,21.91139481,67.73994618,2.96335216,0,0
6,6,2015,6/6/2015,0.067708336,0,22,75,6.8,2.8,96,15.92,2.91,0.415,157,0.431672852,-0.902030237,1.22E-16,-1,2.643931192,0.660982798,5.5,4.494683027,46.24,17,27.6,42.2,81.4,21.13333333,20.24285714,65,57,74.33333333,73.28571429,6.233333333,5.2,6.9,6.9,20.55797637,77.86997309,17.33900565,0,0
7,6,2015,6/7/2015,0.29427084,0,23.3,72,7,7.7,90,19.17,3.6,0.412,158,0.416124696,-0.909307559,1.22E-16,-1,2.86082113,0.801029916,6.524,5.607209414,49,17.7,30.4,40.4,84.2,20.63333333,21.27142857,70,57,77.66666667,72,6.2,5.828571429,6.9,6.9,20.99058346,76.43498654,7.161701694,0,0
8,6,2015,6/8/2015,0.5826823,0,24.8,67,1.8,0.6,95,17.45,3.35,0.404,159,0.400453906,-0.916316904,1.22E-16,-1,3.130235219,1.032977622,8.184,1.85935972,3.24,18.2,34,39.8,83.7,20.9,22.04285714,72,57,78.33333333,70.85714286,6.233333333,6.028571429,7,7,21.68340842,74.21749327,7.538510508,0,0
9,6,2015,6/9/2015,0.5234375,0,22.8,83,5.4,6.2,90,17.1,3.1,0.413,160,0.3846651,-0.923056207,1.22E-16,-1,2.775631234,0.47185731,3.876,2.548029472,29.16,19.4,11.1,38.7,83.7,23.36666667,22.55714286,67,57,71.33333333,70.57142857,5.2,5.514285714,7,7,22.61838589,70.60874664,2.681553152,0,0
10,6,2015,6/10/2015,0.9785156,0,22.3,73,3.6,4.3,81,19.98,3.59,0.405,161,0.368762931,-0.92952348,1.22E-16,-1,2.692664553,0.727019429,6.021,2.617269946,12.96,16.9,14.5,44.9,89.9,23.63333333,22.32857143,67,65,74,74.28571429,4.733333333,5.671428571,7,7,22.67287013,76.80437332,5.144465946,0,0
11,6,2015,6/11/2015,1.0917969,0,21.8,81,4.8,2.5,92,18.25,3.26,0.405,162,0.352752087,-0.935716819,1.22E-16,-1,2.611871906,0.496255662,4.142,2.382027178,23.04,18,11.1,49.2,94.2,23.3,22.15714286,67,67,74.33333333,75.42857143,3.6,5.2,5.4,7,22.56100909,74.90218666,4.553339784,0,0
12,6,2015,6/12/2015,1.1816406,0,21.9,79,5.1,5.7,99,15.98,2.9,0.407,163,0.336637284,-0.941634398,1.22E-16,-1,2.627858844,0.551850357,4.599,2.814436822,26.01,17.7,13,47.6,96.7,22.3,22.05714286,73,67,79,77,4.6,4.9,5.4,7,22.33270636,77.95109333,3.116001935,0,0
13,6,2015,6/13/2015,1.2838541,0,23.9,68,5.7,6.8,84,20.89,3.79,0.409,164,0.320423273,-0.947274472,1.22E-16,-1,2.966054202,0.949137345,7.648,5.410082864,32.49,17.5,12.5,29.8,102.4,22,22.7,73,67,77.66666667,75.71428571,4.5,4.928571429,5.1,7,22.20289445,78.47554666,4.924800581,0,0
14,6,2015,6/14/2015,1.2949219,0,23.4,76,5.6,9.4,89,20.15,3.64,0.412,165,0.304114832,-0.952635381,1.22E-16,-1,2.878130285,0.690751268,5.616,3.868207103,31.36,18.6,15,33.8,109.2,22.53333333,22.97142857,68,67,76,74.71428571,5.2,4.771428571,5.7,7,22.71202612,73.23777333,6.237440174,0,0
15,6,2015,6/15/2015,1.4967448,0,24.5,61,5,10,37,25.82,4.81,0.399,166,0.287716767,-0.957715543,1.22E-16,-1,3.074649051,1.19911313,9.555,5.995565649,25,16.7,21.9,35.5,118.6,23.06666667,22.98571429,68,67,74.33333333,75.28571429,5.466666667,4.571428571,5.7,5.7,22.91841828,74.61888667,8.451232052,0,0
16,6,2015,6/16/2015,2.998698,0,26.5,58,6.2,0.3,30,27.8,5.27,0.385,167,0.271233911,-0.962513463,1.22E-16,-1,3.462082359,1.454074591,11.13,9.015262462,38.44,18.1,26.2,44.9,128.4,23.93333333,22.94285714,61,61,68.33333333,74.42857143,5.433333333,5.028571429,5.7,5.7,23.3928928,67.80944333,9.535369616,0,0
17,6,2015,6/17/2015,1.0533854,0,23.8,73,6.8,4.7,75,17.46,3.17,0.407,168,0.25467112,-0.967027725,1.22E-16,-1,2.948284305,0.796036762,6.426,5.413049984,46.24,18.4,19.7,39,128.7,24.8,23.47142857,58,58,65,70.85714286,5.6,5.142857143,6.2,6.2,24.32502496,62.90472167,3.070610885,0,0
18,6,2015,6/18/2015,0.74869794,0,24.8,63,3.2,5.5,70,22.03,4.13,0.399,169,0.238033277,-0.971256999,1.22E-16,-1,3.130235219,1.158187031,9.176,3.7061985,10.24,17.4,15,39.4,133.4,24.93333333,23.68571429,58,58,64,70.85714286,6,5.6,6.8,6.8,24.16751747,67.95236083,4.211183265,0,0
19,6,2015,6/19/2015,0.22070312,0,23.4,71,5.6,2,84,17.32,3.2,0.403,170,0.221325284,-0.97520004,1.22E-16,-1,2.878130285,0.834657783,6.786,4.674083582,31.36,17.6,10.5,42.4,138.9,25.03333333,24.11428571,58,58,64.66666667,68.28571429,5.4,5.371428571,6.8,6.8,24.35726223,65.47618042,5.11335498,0,0
20,6,2015,6/20/2015,0.016927084,0,19.9,90,5.7,6.8,88,13.36,2.38,0.415,171,0.204552066,-0.978855685,1.22E-16,-1,2.323845764,0.232384576,1.99,1.324592085,32.49,17.9,12.2,38.7,140.9,24,24.32857143,63,58,69,67.14285714,5.2,5.442857143,6.8,6.8,24.07008356,68.23809021,2.934006494,0,0
21,6,2015,6/21/2015,0.25,0,23.4,62,3.6,2.8,56,24.04,4.43,0.399,172,0.187718565,-0.982222857,1.22E-16,-1,2.878130285,1.093689508,8.892,3.93728223,12.96,15.8,14.3,38.7,147.6,22.7,23.75714286,63,58,74.66666667,70.28571429,4.833333333,5.442857143,5.7,6.8,22.81905849,79.1190451,5.640201948,0,0
22,6,2015,6/22/2015,0.9511719,0,23,66,4.9,0,84,17.93,3.41,0.385,173,0.170829743,-0.985300563,1.22E-16,-1,2.809437622,0.955208792,7.82,4.680523079,24.01,16.2,11.6,32.1,150.1,22.23333333,23.75714286,62,58,74.33333333,68.28571429,4.966666667,5.157142857,5.7,6.8,22.99334094,70.55952255,3.652060584,0,0
23,6,2015,6/23/2015,0.63411456,0,22.3,83,3.4,0.6,95,15.52,2.88,0.401,174,0.153890577,-0.988087896,1.22E-16,-1,2.692664553,0.457752974,3.791,1.556360112,11.56,18.9,9.6,22.1,150.1,22.1,23.54285714,62,58,72.66666667,69,4.733333333,5.142857143,5.7,6.8,22.99533866,68.27976128,1.095618175,1,1
24,6,2015,6/24/2015,0.00716146,0,19.6,91,6.5,10.6,91,12.82,2.33,0.424,175,0.136906058,-0.990584035,1.22E-16,-1,2.281005773,0.20529052,1.764,1.334388377,42.25,17.8,3.4,22.4,150.7,22.9,22.94285714,62,62,70.33333333,72.57142857,3.966666667,4.742857143,4.9,6.8,22.78673706,75.63988064,0.748685453,0,0
25,6,2015,6/25/2015,0.17317708,0,21.4,71,8.1,5.1,63,22.67,4.01,0.408,176,0.119881192,-0.992788245,1.22E-16,-1,2.548770598,0.739143474,6.206,5.987062136,65.61,15.6,11.2,28.3,160.8,21.63333333,22.34285714,66,62,80,75.14285714,4.933333333,4.7,6.5,6.5,21.83071594,83.31994032,7.644605636,0,0
26,6,2015,6/26/2015,0.13541667,0,21.2,79,6.8,2.3,75,16,2.88,0.405,177,0.102820997,-0.994699876,1.22E-16,-1,2.517722492,0.528721723,4.452,3.595307719,46.24,17,16.3,27.9,165.3,21.1,21.85714286,71,62,81.66666667,76.28571429,6,5.4,8.1,8.1,21.70150116,77.15997016,5.863381691,0,0
27,6,2015,6/27/2015,0.28320312,0,22.7,73,7.2,3,87,21.23,3.82,0.402,178,0.0857305,-0.996318363,1.22E-16,-1,2.758861627,0.744892639,6.129,5.363227002,51.84,17.3,18,28.2,166.3,20.73333333,21.54285714,71,62,80.33333333,77.42857143,7.133333333,5.571428571,8.1,8.1,21.55105081,78.07998508,3.369014507,0,0
28,6,2015,6/28/2015,0.22005208,0,18,92,3.7,20.1,94,9.15,1.71,0.423,179,0.068614738,-0.997643232,1.22E-16,-1,2.063989203,0.165119136,1.44,0.610940804,13.69,16.4,10.4,24.4,147.7,21.76666667,21.94285714,71,62,74.33333333,75,7.366666667,5.785714286,8.1,8.1,21.89573557,75.53999254,3.110704352,0,0
29,6,2015,6/29/2015,1.171875,0,22.1,59,4.3,5.3,55,24.67,4.47,0.407,180,0.051478755,-0.99867409,1.22E-16,-1,2.660089335,1.090636627,9.061,4.689737498,18.49,13.9,25.4,41.7,162,20.63333333,21.17142857,73,66,81.33333333,79.28571429,5.9,5.8,7.2,8.1,20.7270149,83.76999627,15.00321131,0,0
30,6,2015,6/30/2015,1.9335938,0,21.9,64,5.9,0.1,54,22.36,4.06,0.393,181,0.034327601,-0.999410634,1.22E-16,-1,2.627858844,0.946029184,7.884,5.581572185,34.81,14.7,28.4,47,162.7,20.93333333,21.04285714,59,59,74.66666667,78.28571429,5.066666667,5.714285714,7.2,8.1,21.13891043,71.38499813,8.210963392,0,0
1,7,2015,7/1/2015,3.4440105,0,23.8,62,4,0.4,45,22.58,4.24,0.381,182,0.01716633,-0.999852648,-0.5,-0.866025404,2.948284305,1.120348036,9.044,4.481392144,16,16.2,25.5,46.5,154.5,20.66666667,20.98571429,59,59,71.66666667,75.57142857,4.633333333,6.071428571,5.9,8.1,21.3672373,67.69249907,2.533289018,0,0
2,7,2015,7/2/2015,3.8854167,0,22.2,74,6.1,0.1,74,15.87,2.89,0.377,183,1.22E-16,-1,-0.5,-0.866025404,2.676333659,0.695846751,5.772,4.244665184,37.21,17,5.8,36.3,153.2,22.6,21.58571429,59,59,61.66666667,71.42857143,4.733333333,5.714285714,5.9,8.1,22.09706611,64.84624953,1.039986705,0,0
3,7,2015,7/3/2015,1.438151,0,21.6,69,5.6,1.7,77,18.79,3.33,0.381,184,-0.01716633,-0.999852648,-0.5,-0.866025404,2.580152726,0.799847345,6.696,4.479145132,31.36,15.4,0.6,31.3,153.3,22.63333333,21.7,62,59,66.66666667,71.85714286,5.333333333,5.428571429,6.1,7.2,22.12794628,69.42312477,0.381996012,0,0
4,7,2015,7/4/2015,2.0800781,0,22.1,70,3.4,2.4,69,18.01,3.4,0.376,185,-0.034327601,-0.999410634,-0.5,-0.866025404,2.660089335,0.798026801,6.63,2.713291122,11.56,16.1,2.2,30.7,155,22.53333333,21.75714286,62,59,68.33333333,70.42857143,5.233333333,5.257142857,6.1,7.2,21.96956239,69.21156238,1.304598803,0,0
5,7,2015,7/5/2015,2.8346355,0,23.9,72,4.3,0,94,17.5,3.35,0.368,186,-0.051478755,-0.99867409,-0.5,-0.866025404,2.966054202,0.830495177,6.692,3.571129259,18.49,18.3,4.2,30.1,153.3,21.96666667,21.67142857,69,59,71,70,5.033333333,4.714285714,6.1,6.1,22.00869368,69.60578119,2.071379641,0,0
6,7,2015,7/6/2015,3.0403645,0,22.5,73,5.6,2.6,75,17.72,3.39,0.375,187,-0.068614738,-0.997643232,-0.5,-0.866025404,2.725587607,0.735908654,6.075,4.121088461,31.36,17.1,4.1,10,129.8,22.53333333,22.51428571,69,59,70.33333333,67.14285714,4.433333333,4.8,5.6,6.1,22.57608557,70.8028906,0.621413892,1,1
7,7,2015,7/7/2015,4.684896,0,24.5,61,6.1,0,53,22.12,4.22,0.364,188,-0.0857305,-0.996318363,-0.5,-0.866025404,3.074649051,1.19911313,9.555,7.314590092,37.21,16.7,5,7.3,129.6,22.83333333,22.57142857,70,62,71.66666667,69.14285714,4.433333333,4.985714286,5.6,6.1,22.5532599,71.9014453,2.006424168,0,0
8,7,2015,7/8/2015,8.067708,0,27.1,56,6.6,0,22,29.01,5.74,0.349,189,-0.102820997,-0.994699876,-0.5,-0.866025404,3.586310566,1.577976649,11.924,10.41464588,43.56,18.3,2.6,7.2,121.9,23.63333333,22.94285714,61,61,68.66666667,68.71428571,5.333333333,5.014285714,6.1,6.1,23.13728193,66.45072265,0.60192725,1,1
9,7,2015,7/9/2015,8.7369795,0,29,50,1,0,9,28.13,5.69,0.336,190,-0.119881192,-0.992788245,-0.5,-0.866025404,4.0056776,2.0028388,14.5,2.0028388,1,19,2.6,6.8,121.3,24.7,23.41428571,56,56,63.33333333,67.85714286,6.1,5.385714286,6.6,6.6,24.32609735,61.22536132,0.180578175,2,2
10,7,2015,7/10/2015,8.5286455,0,27.8,66,5.9,0.5,50,23.94,4.66,0.333,191,-0.136906058,-0.990584035,-0.5,-0.866025404,3.736134941,1.27028588,9.452,7.494686691,34.81,21,0,6.7,115.1,26.86666667,24.38571429,50,50,55.66666667,64.42857143,4.566666667,4.657142857,6.6,6.6,25.72826815,55.61268066,0.054173453,3,3
11,7,2015,7/11/2015,1.0677084,0,24.3,85,7.2,3,87,16.18,3.06,0.346,192,-0.153890577,-0.988087896,-0.5,-0.866025404,3.038071715,0.455710757,3.645,3.281117452,51.84,21.3,0.5,5.5,111.3,27.96666667,25.27142857,50,50,57.33333333,64,4.5,4.7,6.6,6.6,26.3497877,60.80634033,0.366252036,0,0
12,7,2015,7/12/2015,3.0501301,0,23.1,62,5.2,3.5,58,22.75,4.26,0.358,193,-0.170829743,-0.985300563,-0.5,-0.866025404,2.826475201,1.074060576,8.778,5.585114997,27.04,15.5,3.5,6.1,111.8,27.03333333,25.58571429,50,50,67,66.14285714,4.7,5.242857143,7.2,7.2,25.73485139,72.90317017,2.209875611,0,0
13,7,2015,7/13/2015,5.625,0,23,56,4.7,0,44,26.04,4.84,0.34,194,-0.187718565,-0.982222857,-0.5,-0.866025404,2.809437622,1.236152554,10.12,5.809917003,22.09,14.2,7,9.6,109.6,25.06666667,25.47142857,62,50,71,64.71428571,6.1,5.371428571,7.2,7.2,24.94439597,67.45158508,3.112962683,0,0
14,7,2015,7/14/2015,9.517578,0,26.4,53,7.9,0,16,28.14,5.35,0.323,195,-0.204552066,-0.978855685,-0.5,-0.866025404,3.441746435,1.617620824,12.408,12.77920451,62.41,17,6.5,7,102.8,23.46666667,25.54285714,56,50,67.66666667,62.28571429,5.7,5.242857143,7.2,7.2,24.36107718,61.72579254,0.933888805,1,1
15,7,2015,7/15/2015,5.690104,0,23.2,64,6.4,0.4,64,20.47,3.87,0.314,196,-0.221325284,-0.97520004,-0.5,-0.866025404,2.843602903,1.023697045,8.352,6.551661088,40.96,16,3.5,7,93.4,24.16666667,25.81428571,53,50,57,61.14285714,5.933333333,5.5,7.9,7.9,24.97275403,57.36289627,0.280166641,2,2
16,7,2015,7/16/2015,8.084636,0,24.9,58,8.2,0.3,50,27.51,5.19,0.307,197,-0.238033277,-0.971256999,-0.5,-0.866025404,3.148957679,1.322562225,10.458,10.84501025,67.24,16.5,0.4,7.4,83.8,24.2,25.25714286,53,50,57.66666667,62.28571429,6.333333333,5.471428571,7.9,7.9,24.44092782,60.68144814,0.364049992,0,0
17,7,2015,7/17/2015,11.020833,0,23.9,56,7,0,42,26.15,4.98,0.295,198,-0.25467112,-0.967027725,-0.5,-0.866025404,2.966054202,1.305063849,10.516,9.135446942,49,15.1,0.7,7.7,83.8,24.83333333,24.67142857,53,53,58.33333333,63.42857143,7.5,6.5,8.2,8.2,24.57864947,59.34072407,0.319214998,0,0
18,7,2015,7/18/2015,14.3932295,0,26,47,5.4,0,18,29.38,5.7,0.283,199,-0.271233911,-0.962513463,-0.5,-0.866025404,3.361439829,1.781563109,13.78,9.620440789,29.16,15.4,0.7,7.2,79.1,24,24.11428571,56,53,59.33333333,62,7.2,6.657142857,8.2,8.2,24.37505463,57.67036203,0.095764499,1,1
19,7,2015,7/19/2015,15.510417,0,26.7,44,4.3,0,0,29.22,5.7,0.271,200,-0.287716767,-0.957715543,-0.5,-0.866025404,3.503068485,1.961718352,14.952,8.435388911,18.49,15.5,0.3,4.2,73.6,24.93333333,24.35714286,47,47,53.66666667,56.57142857,6.866666667,6.4,8.2,8.2,24.86253824,52.33518102,0.02872935,2,2
20,7,2015,7/20/2015,15.576823,0,28.4,51,4.7,0,1,29.07,5.79,0.26,201,-0.304114832,-0.952635381,-0.5,-0.866025404,3.868863717,1.895743221,13.916,8.909993139,22.09,18.6,0,0.7,71.6,25.53333333,24.87142857,44,44,49,54,5.566666667,6.271428571,7,8.2,25.41377677,48.16759051,0.008618805,3,3
21,7,2015,7/21/2015,16.766275,0,27,54,6.2,0,39,27.58,5.41,0.251,202,-0.320423273,-0.947274472,-0.5,-0.866025404,3.565340176,1.640056481,12.42,10.16835018,38.44,17.8,0,0.7,64.8,27.03333333,25.64285714,44,44,47.33333333,53.28571429,4.8,6.271428571,5.4,8.2,26.30964374,49.58379525,0.002585641,4,4
22,7,2015,7/22/2015,17.617188,0,27.2,52,6.9,0,33,27.49,5.49,0.241,203,-0.336637284,-0.941634398,-0.5,-0.866025404,3.607388303,1.731546385,13.056,11.94767006,47.61,17.6,0,0.7,62,27.36666667,25.72857143,44,44,49.66666667,53.42857143,5.066666667,6.028571429,6.2,8.2,26.51675062,51.79189763,0.000775692,5,5
23,7,2015,7/23/2015,16.111979,0,29.6,47,1,0,19,28.39,5.87,0.232,204,-0.352752087,-0.935716819,-0.5,-0.866025404,4.14668165,2.197741275,15.688,2.197741275,1,19,0,0.3,62,27.53333333,26.3,51,44,52.33333333,51.71428571,5.933333333,6.1,6.9,8.2,26.72172543,51.89594881,0.000232708,6,6
24,7,2015,7/24/2015,17.132162,0,31.7,50,5.7,0,24,26.66,5.67,0.222,205,-0.368762931,-0.92952348,-0.5,-0.866025404,4.67476018,2.33738009,15.85,13.32306651,32.49,21.7,0,0,61.4,27.93333333,26.97142857,47,44,51,50.14285714,4.7,5.071428571,6.9,7,27.5852078,49.44797441,6.98E-05,7,7
25,7,2015,7/25/2015,17.634766,0,28.8,60,7.4,0,47,22.87,4.71,0.215,206,-0.3846651,-0.923056207,-0.5,-0.866025404,3.95961263,1.583845052,11.52,11.72045338,54.76,20.8,0,0,50.8,29.5,28.08571429,47,44,49.66666667,49.28571429,4.533333333,4.885714286,6.9,6.9,28.81964546,49.7239872,2.09E-05,8,8
26,7,2015,7/26/2015,19.666666,0,29.6,45,8.2,0,20,26.16,5.43,0.208,207,-0.400453906,-0.916316904,-0.5,-0.866025404,4.14668165,2.280674908,16.28,18.70153424,67.24,18.6,0,0,45.7,30.03333333,28.48571429,47,44,52.33333333,51.14285714,4.7,5.171428571,7.4,7.4,28.81375182,54.8619936,6.28E-06,9,9
27,7,2015,7/27/2015,24.832682,0,29.8,38,9.4,0,9,27.54,5.83,0.199,208,-0.416124696,-0.909307559,-0.5,-0.866025404,4.194632611,2.600672219,18.476,24.44631886,88.36,17.4,0,0,43.4,30.03333333,28.9,45,45,51.66666667,51.28571429,7.1,5.728571429,8.2,8.2,29.04962628,49.9309968,1.88E-06,10,10
28,7,2015,7/28/2015,23.60612,0,30.9,40,5.5,0,1,27.65,5.88,0.191,209,-0.431672852,-0.902030237,-0.5,-0.866025404,4.467078664,2.680247199,18.54,14.74135959,30.25,18.9,0,0,40.4,29.4,29.1,38,38,47.66666667,49.42857143,8.333333333,6.4,9.4,9.4,29.27473839,43.9654984,5.65E-07,11,11
29,7,2015,7/29/2015,26.674479,0,32.2,36,2.9,0,0,27.76,6.08,0.183,210,-0.447093793,-0.894487082,-0.5,-0.866025404,4.808777365,3.077617514,20.608,8.92509079,8.41,19.4,0,0,20.3,30.1,29.65714286,38,38,41,47.42857143,7.7,6.3,9.4,9.4,29.76231688,41.9827492,1.70E-07,12,12
30,7,2015,7/30/2015,28.942057,0,33.8,35,6.9,0,2,27.54,6.28,0.175,211,-0.462382973,-0.886680318,-0.5,-0.866025404,5.260311493,3.41920247,21.97,23.59249705,47.61,20.8,0,0,15,30.96666667,30.37142857,36,36,38,45.14285714,5.933333333,5.728571429,9.4,9.4,30.49362181,38.9913746,5.09E-08,13,13
31,7,2015,7/31/2015,23.81901,0,31.2,52,8.7,0,18,25.75,5.59,0.168,212,-0.477535886,-0.878612245,-0.5,-0.866025404,4.543999587,2.181119802,14.976,18.97574227,75.69,21.6,0,0,14.9,32.3,30.97142857,35,35,37,43.42857143,5.1,6.571428571,6.9,9.4,31.48553527,36.9956873,1.53E-08,14,14
1,8,2015,8/1/2015,22.677084,0,27.9,57,10.8,0,60,19.35,4.14,0.166,213,-0.492548068,-0.870285241,-0.866025404,-0.5,3.757977111,1.615930158,11.997,17.4520457,116.64,19.3,0,0,14.5,32.4,30.9,35,35,41,43.71428571,6.166666667,7,8.7,9.4,31.39987469,44.49784365,4.58E-09,15,15
2,8,2015,8/2/2015,20.611328,0,29.4,52,6.4,0,44,23.62,5.05,0.167,214,-0.507415093,-0.86170176,-0.866025404,-0.5,4.099208154,1.967619914,14.112,12.59276745,40.96,19.8,0,0,14.4,30.96666667,30.77142857,35,35,48,43.28571429,8.8,7.485714286,10.8,10.8,30.34991228,50.74892183,1.37E-09,16,16
3,8,2015,8/3/2015,21.113281,0,29.7,53,8.4,0.6,34,24.79,5.07,0.168,215,-0.522132581,-0.852864331,-0.866025404,-0.5,4.170597197,1.960180682,13.959,16.46551773,70.56,20.3,0,0,12.7,29.5,30.74285714,52,35,53.66666667,44.28571429,8.633333333,7.228571429,10.8,10.8,30.0649386,51.37446091,4.12E-10,17,17
4,8,2015,8/4/2015,18.913412,0,30,53,6.4,0.5,25,24.57,5.11,0.167,216,-0.536696194,-0.84377556,-0.866025404,-0.5,4.243065059,1.994240578,14.1,12.7631397,40.96,20.6,0.6,0.6,10.9,29,30.72857143,52,35,54,46.42857143,8.533333333,7.085714286,10.8,10.8,29.95545702,52.18723046,0.42,0,0
5,8,2015,8/5/2015,20.06836,0,29.4,66,4.5,0.1,61,19.52,4.09,0.171,217,-0.55110164,-0.834438124,-0.866025404,-0.5,4.099208154,1.393730772,9.996,6.271788476,20.25,22.6,1.1,1.1,11.4,29.7,30.6,52,35,52.66666667,48.28571429,7.066666667,7.214285714,8.4,10.8,29.96881991,52.59361523,0.476,0,0
6,8,2015,8/6/2015,12.9244795,0,30.2,60,5.7,2.9,61,22.33,4.69,0.182,218,-0.565344674,-0.824854775,-0.866025404,-0.5,4.291983042,1.716793217,12.08,9.785721337,32.49,22.2,1.2,1.2,8.9,29.7,30.2,53,35,57.33333333,52.57142857,6.433333333,7.442857143,8.4,10.8,29.79817394,59.29680761,0.2128,0,0
7,8,2015,8/7/2015,27.52474,0,31.3,44,10,0.2,90,21.75,5.01,0.178,219,-0.579421098,-0.815028338,-0.866025404,-0.5,4.569894388,2.559140857,17.528,25.59140857,100,20.1,3.5,4.1,11.8,29.86666667,29.68571429,53,52,59.66666667,56.14285714,5.533333333,7.271428571,6.4,10.8,29.91872176,59.64840381,2.09384,0,0
8,8,2015,8/8/2015,27.372396,0,30.2,44,4.4,0,21,25.29,5.46,0.17,220,-0.593326764,-0.804961708,-0.866025404,-0.5,4.291983042,2.403510504,16.912,10.57544622,19.36,19,3.2,4.3,12,30.3,29.7,44,44,56.66666667,55,6.733333333,7.457142857,10,10.8,30.33310523,51.8242019,0.768152,0,0
9,8,2015,8/9/2015,26.579428,0,30.6,47,5.9,0,26,24.65,5.33,0.164,221,-0.607057574,-0.794657852,-0.866025404,-0.5,4.391291947,2.327384732,16.218,13.73156992,34.81,20,3.1,4.3,12,30.56666667,30.02857143,44,44,49.33333333,53.14285714,6.7,6.542857143,10,10,30.29317366,47.91210095,0.2304456,1,1
10,8,2015,8/10/2015,22.450521,0,29.6,56,7.4,0.4,35,21.72,4.61,0.162,222,-0.620609482,-0.784119807,-0.866025404,-0.5,4.14668165,1.824539926,13.024,13.50159545,54.76,20.8,0.2,4.3,11.5,30.7,30.2,44,44,45,52.42857143,6.766666667,6.471428571,10,10,30.38522156,47.45605048,0.06913368,2,2
11,8,2015,8/11/2015,5.8033853,0,26.2,82,3.5,1.3,81,17.04,3.61,0.169,223,-0.633978493,-0.773350678,-0.866025404,-0.5,3.40138661,0.61224959,4.716,2.142873564,12.25,22.6,0.4,4.1,8.9,30.13333333,30.18571429,44,44,49,52.85714286,5.9,6.328571429,7.4,10,30.14965509,51.72802524,0.300740104,0,0
12,8,2015,8/12/2015,14.067058,0,28.3,60,7.1,0,50,21.68,4.56,0.181,224,-0.647160667,-0.762353639,-0.866025404,-0.5,3.846461372,1.538584549,11.32,10.9239503,50.41,20.3,1.7,4.9,6.7,28.8,29.64285714,47,44,61.66666667,57,5.6,5.914285714,7.4,10,28.96475857,66.86401262,1.000222031,0,0
13,8,2015,8/13/2015,22.39388,0,30.1,42,5.7,0,19,23.86,5.04,0.175,225,-0.660152121,-0.751131931,-0.866025404,-0.5,4.267463105,2.475128601,17.458,14.10823302,32.49,18.5,1.7,4.8,6.7,28.03333333,29.48571429,56,44,66,56.14285714,6,6.285714286,7.4,10,28.765331,63.43200631,0.300066609,1,1
14,8,2015,8/14/2015,24.841797,0,30.2,47,7.6,0,32,24.16,5.1,0.166,226,-0.672949024,-0.739688861,-0.866025404,-0.5,4.291983042,2.274751013,16.006,17.2881077,57.76,19.6,1.3,1.9,6.7,28.2,29.47142857,42,42,61.33333333,53.57142857,5.433333333,6.285714286,7.1,10,29.1657317,52.71600315,0.090019983,2,2
15,8,2015,8/15/2015,25.21224,0,30.3,45,7.5,0,39,22.89,4.94,0.158,227,-0.685547606,-0.728027801,-0.866025404,-0.5,4.316625383,2.374143961,16.665,17.8060797,56.25,19.3,0,1.7,6.3,29.53333333,29.31428571,42,42,49.66666667,54,6.8,5.942857143,7.6,7.6,29.47601219,49.85800158,0.027005995,3,3
16,8,2015,8/16/2015,25.782553,0,29.3,47,6.1,0,60,20.77,4.35,0.155,228,-0.697944155,-0.716152188,-0.866025404,-0.5,4.075649206,2.160094079,15.529,13.17657388,37.21,18.7,0,1.7,6,30.2,29.32857143,42,42,44.66666667,54.14285714,6.933333333,6.385714286,7.6,7.6,29.72320853,47.42900079,0.008101798,4,4
17,8,2015,8/17/2015,20.984375,0,30.7,46,3.8,1.2,15,22.35,4.81,0.154,229,-0.710135016,-0.704065522,-0.866025404,-0.5,4.416429033,2.384871678,16.578,9.062512376,14.44,19.9,0,1.7,6,29.93333333,29.14285714,45,42,46.33333333,54.14285714,7.066666667,6.414285714,7.6,7.6,29.59624597,47.21450039,0.00243054,5,5
18,8,2015,8/18/2015,28.539062,0,31.2,36,8,0,18,22.86,5,0.148,230,-0.722116597,-0.691771365,-0.866025404,-0.5,4.543999587,2.908159735,19.968,23.26527788,64,18.4,1.2,2.5,7.2,30.1,29.3,45,42,46,52.71428571,5.8,5.9,7.5,7.6,29.92737218,46.6072502,0.840729162,0,0
19,8,2015,8/19/2015,26.875,0,28.7,54,7.5,0,32,22.31,4.7,0.145,231,-0.733885366,-0.679273339,-0.866025404,-0.5,3.936753503,1.810906611,13.202,13.58179959,56.25,19.5,1.2,1.2,7.2,30.4,30.01428571,36,36,43,46.14285714,5.966666667,6.542857143,8,8,30.30916053,41.3036251,0.252218749,1,1
20,8,2015,8/20/2015,25.703125,0,30,53,6.2,0.6,19,23.03,4.93,0.143,232,-0.745437857,-0.666575128,-0.866025404,-0.5,4.243065059,1.994240578,14.1,12.36429158,38.44,20.6,1.2,1.2,7.2,30.2,30.07142857,36,36,45.33333333,45.28571429,6.433333333,6.6,8,8,29.82641237,47.65181255,0.075665625,2,2
21,8,2015,8/21/2015,23.488932,0,28.8,60,5.8,0.2,41,18.65,3.89,0.146,233,-0.756770663,-0.653680475,-0.866025404,-0.5,3.95961263,1.583845052,11.52,9.186301301,33.64,20.8,0.6,1.8,7.8,29.96666667,30.05714286,36,36,47.66666667,46.85714286,7.233333333,6.671428571,8,8,29.87848866,50.32590627,0.442699687,0,0
22,8,2015,8/22/2015,13.467448,0,28.9,57,2.6,0.6,72,16.83,3.56,0.161,234,-0.767880446,-0.640593179,-0.866025404,-0.5,3.982587166,1.712512481,12.427,4.452532451,6.76,20.3,0.8,2,8,29.16666667,29.85714286,53,36,55.66666667,48.71428571,6.5,6.414285714,7.5,8,29.55494206,55.16295314,0.272809906,0,0
23,8,2015,8/23/2015,1.5436198,0,21.2,92,7.8,13,89,5.9,1.26,0.269,235,-0.778763931,-0.627317097,-0.866025404,-0.5,2.517722492,0.201417799,1.696,1.571058835,60.84,19.6,1.4,2.6,8.6,29.23333333,29.65714286,53,36,56.66666667,50.42857143,4.866666667,5.714285714,6.2,8,29.35845944,56.08147657,0.501842972,0,0
24,8,2015,8/24/2015,1.7910156,0,22.8,68,6.6,7.4,63,18.33,3.48,0.316,236,-0.78941791,-0.613856142,-0.866025404,-0.5,2.775631234,0.888201995,7.296,5.862133165,43.56,16.4,13.8,15.6,21.6,26.3,28.5,57,36,69.66666667,56.85714286,5.4,5.957142857,7.8,8,26.91092161,74.04073828,9.250552892,0,0
25,8,2015,8/25/2015,7.278646,0,23.9,54,6.3,0.1,42,19.56,3.85,0.286,237,-0.799839245,-0.600214281,-0.866025404,-0.5,2.966054202,1.364384933,10.994,8.595625077,39.69,14.7,21,21.8,29,24.3,27.37142857,57,36,72.33333333,60,5.666666667,6.357142857,7.8,8,25.67764513,71.02036914,7.955165867,0,0
26,8,2015,8/26/2015,14.655599,0,23.8,48,8.5,0.2,22,21.39,4.15,0.263,238,-0.810024863,-0.586395533,-0.866025404,-0.5,2.948284305,1.533107839,12.376,13.03141663,72.25,13.4,20.5,21.9,29.1,22.63333333,26.32857143,54,53,71.33333333,62.57142857,6.9,6.114285714,7.8,7.8,25.14435159,62.51018457,2.45654976,0,0
27,8,2015,8/27/2015,18.170572,0,25.4,50,6.1,0,9,24.15,4.71,0.243,239,-0.819971763,-0.572403973,-0.866025404,-0.5,3.244042238,1.622021119,12.7,9.894328826,37.21,15.4,7.7,22.1,29.3,23.5,25.62857143,48,48,56.66666667,61.71428571,7.133333333,6.257142857,8.5,8.5,24.74104611,55.25509229,0.876964928,0,0
28,8,2015,8/28/2015,24.83724,0,26.2,32,5.4,0,12,24.51,4.92,0.225,240,-0.829677014,-0.558243722,-0.866025404,-0.5,3.40138661,2.312942894,17.816,12.48989163,29.16,12.6,0.3,21.5,29.3,24.36666667,24.97142857,48,48,50.66666667,61.28571429,6.966666667,6.242857143,8.5,8.5,24.93873228,52.62754614,0.263089478,1,1
29,8,2015,8/29/2015,27.447266,0,26.8,37,7.5,0,3,23.28,4.85,0.209,241,-0.839137755,-0.543918954,-0.866025404,-0.5,3.523719593,2.219943343,16.884,16.64957508,56.25,14.2,0.2,21.3,29.3,25.13333333,24.6,32,32,43.33333333,57.28571429,6.666666667,6.185714286,8.5,8.5,25.31711259,42.31377307,0.078926844,2,2
30,8,2015,8/30/2015,29.9069,0,26.9,37,8.7,0,0,23.82,4.91,0.196,242,-0.848351198,-0.529433891,-0.866025404,-0.5,3.544476671,2.233020303,16.947,19.42727663,75.69,14.3,0,20.7,29.3,26.13333333,24.3,32,32,39.66666667,54.42857143,6.333333333,6.885714286,7.5,8.5,25.76197882,39.65688654,0.023678053,3,3
31,8,2015,8/31/2015,29.188803,0,27.4,44,7.3,0,1,23.46,4.81,0.185,243,-0.857314628,-0.514792802,-0.866025404,-0.5,3.64986766,2.04392589,15.344,14.92065899,53.29,16.2,0,7.7,29.3,26.63333333,25.11428571,32,32,35.33333333,46.57142857,7.2,7.014285714,8.7,8.7,26.10338517,38.32844327,0.007103416,4,4
1,9,2015,9/1/2015,31.38086,0,30.4,25,6.2,0,0,23.68,5.16,0.175,244,-0.866025404,-0.5,-1,-1.84E-16,4.341390638,3.256042978,22.8,20.18746647,38.44,15.4,0,0.3,29.3,27.03333333,25.77142857,37,32,39.33333333,43.14285714,7.833333333,7.114285714,8.7,8.7,26.49236962,41.16422163,0.002131025,5,5
2,9,2015,9/2/2015,33.284504,0,31.9,23,4.4,0,0,23.63,5.28,0.165,245,-0.874480958,-0.485059846,-1,-1.84E-16,4.7279725,3.640538825,24.563,16.01837083,19.36,16.5,0,0.2,29.3,28.23333333,26.7,25,25,35.33333333,39,7.4,7.1,8.7,8.7,27.66465873,33.08211082,0.000639307,6,6
3,9,2015,9/3/2015,36.279297,1,32.4,27,5.2,0,2,23.01,5.07,0.157,246,-0.882678798,-0.469976743,-1,-1.84E-16,4.863311198,3.550217175,23.652,18.46112931,27.04,17.8,0,0,28.7,29.9,27.85714286,23,23,30.66666667,35.42857143,5.966666667,6.514285714,7.3,8.7,28.93526111,28.04105541,0.000191792,7,7
4,9,2015,9/4/2015,33.466145,0,30.1,31,6.2,0,1,22.36,4.73,0.15,247,-0.890616509,-0.454755136,-1,-1.84E-16,4.267463105,2.944549542,20.769,18.25620716,38.44,16.3,0,0,28.2,31.56666667,28.85714286,23,23,25,32.14285714,5.266666667,6.385714286,6.2,8.7,29.97468278,27.5205277,5.75E-05,8,8
5,9,2015,9/5/2015,30.80664,0,30.3,37,3.6,0,1,22.46,4.72,0.146,248,-0.898291752,-0.43939951,-1,-1.84E-16,4.316625383,2.719473991,19.089,9.790106368,12.96,17.7,0,0,28.1,31.46666667,29.41428571,23,23,27,32,5.266666667,6.5,6.2,8.7,30.01227795,29.26026385,1.73E-05,9,9
6,9,2015,9/6/2015,45.19466,1,32.4,20,6.5,0,4,22.44,4.98,0.141,249,-0.905702263,-0.423914391,-1,-1.84E-16,4.863311198,3.890648958,25.92,25.28921823,42.25,16.4,0,0,25.2,30.93333333,29.91428571,27,23,31.66666667,32,5,5.942857143,6.2,8.7,30.09859456,33.13013193,5.18E-06,10,10
7,9,2015,9/7/2015,29.03776,0,29.2,49,5.6,0,26,19.36,4.19,0.138,250,-0.91284586,-0.408304342,-1,-1.84E-16,4.052208127,2.066626145,14.892,11.57310641,31.36,19,0,0,25,30.93333333,30.7,20,20,29.33333333,29.57142857,5.433333333,5.628571429,6.5,7.3,30.78901619,26.56506596,1.55E-06,11,11
8,9,2015,9/8/2015,10.269531,0,23.5,78,6.1,1.1,85,8.94,1.88,0.158,251,-0.919720437,-0.392573965,-1,-1.84E-16,2.895530773,0.63701677,5.17,3.885802297,37.21,19.1,0,0,25,30.63333333,30.95714286,20,20,35.33333333,30.28571429,5.233333333,5.385714286,6.5,6.5,30.31231134,37.78253298,4.66E-07,12,12
9,9,2015,9/9/2015,5.935547,0,23.2,67,4.4,4.4,96,9.35,2.08,0.204,252,-0.926323968,-0.376727894,-1,-1.84E-16,2.843602903,0.938388958,7.656,4.128911415,19.36,16.6,1.1,1.1,26.1,28.36666667,29.97142857,20,20,49,37.85714286,6.066666667,5.371428571,6.5,6.5,28.26861793,57.89126649,0.77000014,0,0
10,9,2015,9/10/2015,14.279948,0,29.5,50,2.6,0.1,46,19.5,4.14,0.199,253,-0.932654508,-0.360770799,-1,-1.84E-16,4.122885469,2.061442735,14.75,5.35975111,6.76,19.5,5.5,5.5,30.1,25.3,28.72857143,49,20,64.66666667,44.14285714,5.366666667,5.371428571,6.1,6.5,26.74803255,62.44563325,3.311000042,0,0
11,9,2015,9/11/2015,25.511719,0,32.5,36,1.9,0,14,19.86,4.41,0.187,254,-0.938710189,-0.344707384,-1,-1.84E-16,4.89077893,3.130098515,20.8,5.947187179,3.61,19.7,5.6,5.6,28.9,25.4,28.31428571,50,20,65,47.42857143,4.366666667,5,6.1,6.5,27.57362279,56.22281662,1.063300013,0,0
12,9,2015,9/12/2015,20.572916,0,29.1,55,4.4,0,56,13.65,2.87,0.226,255,-0.944489229,-0.328542382,-1,-1.84E-16,4.028884423,1.81299799,13.095,7.977191158,19.36,20.1,4.5,5.6,28.9,28.4,28.65714286,36,20,51,48.14285714,2.966666667,4.385714286,4.4,6.5,29.05153595,46.11140831,0.318990004,1,1
13,9,2015,9/13/2015,0.0234375,0,21.7,90,8,24.4,90,8.31,1.62,0.349,256,-0.949989923,-0.312280557,-1,-1.84E-16,2.595969994,0.259596999,2.17,2.076775995,64,19.7,0.1,5.6,28.9,30.36666667,28.48571429,36,20,47,50.71428571,2.966666667,4.5,4.4,6.5,29.06607517,50.55570416,0.095697001,2,2
14,9,2015,9/14/2015,1.0638021,0,24.4,68,3.5,2.5,81,14.68,2.92,0.313,257,-0.955210651,-0.295926701,-1,-1.84E-16,3.056312653,0.978020049,7.808,3.423070171,12.25,18,24.4,30,53.3,27.76666667,26.95714286,36,36,60.33333333,60.71428571,4.766666667,4.714285714,8,8,26.85625262,70.27785208,17.1087091,0,0
15,9,2015,9/15/2015,3.813802,0,25.4,66,4.8,0,85,13.97,2.81,0.284,258,-0.960149874,-0.279485635,-1,-1.84E-16,3.244042238,1.102974361,8.636,5.294276933,23.04,18.6,26.9,32.5,55.8,25.06666667,26.27142857,55,36,71,63.42857143,5.3,4.414285714,8,8,26.11937683,69.13892604,6.88261273,0,0
16,9,2015,9/16/2015,8.037761,0,25.8,63,4.1,0,60,16.36,3.28,0.266,259,-0.964806136,-0.262962203,-1,-1.84E-16,3.321902528,1.229103935,9.546,5.039326136,16.81,18.4,26.9,31.4,55.8,23.83333333,26.54285714,66,36,74.66666667,61.71428571,5.433333333,4.228571429,8,8,25.90356378,67.56946302,2.064783819,1,1
17,9,2015,9/17/2015,11.150391,0,26.2,56,4.7,0,47,19.3,3.79,0.249,260,-0.969178065,-0.246361274,-1,-1.84E-16,3.40138661,1.496610108,11.528,7.034067509,22.09,17.4,2.5,27,54.6,25.2,26.91428571,63,36,65.66666667,61.14285714,4.133333333,4.185714286,4.8,8,25.87249465,65.28473151,0.619435146,2,2
18,9,2015,9/18/2015,12.3515625,0,25.9,63,3.6,0,75,18.17,3.54,0.236,261,-0.973264374,-0.229687742,-1,-1.84E-16,3.341620215,1.23639948,9.583,4.451038127,12.96,18.5,0,26.9,54.6,25.8,26.44285714,56,36,61.66666667,62,4.533333333,4.485714286,4.8,8,25.97074625,60.64236575,0.185830544,3,3
19,9,2015,9/19/2015,12.220052,0,26.6,60,2,0,54,18.28,3.64,0.224,262,-0.977063856,-0.21294652,-1,-1.84E-16,3.482522891,1.393009157,10.64,2.786018313,4,18.6,0,26.9,54.6,25.96666667,25.5,56,55,60.66666667,65.85714286,4.133333333,4.728571429,4.7,8,25.94952238,61.82118288,0.055749163,4,4
20,9,2015,9/20/2015,14.510417,0,29.4,48,3.1,0,65,16.93,3.5,0.214,263,-0.980575394,-0.196142541,-1,-1.84E-16,4.099208154,2.13158824,15.288,6.607923544,9.61,19,0,26.9,54,26.23333333,25.14285714,56,56,59.66666667,66.57142857,3.433333333,4.385714286,4.7,8,26.14466566,60.91059144,0.016724749,5,5
21,9,2015,9/21/2015,10.350911,0,24.2,73,1.9,0,76,10.25,2.17,0.21,264,-0.983797952,-0.179280759,-1,-1.84E-16,3.019925818,0.815379971,6.534,1.549221945,3.61,18.8,0,2.5,53.8,27.3,26.24285714,48,48,57,60.57142857,2.9,3.685714286,3.6,4.8,27.12126596,54.45529572,0.005017425,6,6
22,9,2015,9/22/2015,12.805989,0,26.9,58,0.8,0,61,15.25,3.11,0.208,265,-0.986730579,-0.162366141,-1,-1.84E-16,3.544476671,1.488680202,11.298,1.190944161,0.64,18.5,0,0,53.2,26.73333333,26.21428571,48,48,60.33333333,61.28571429,2.333333333,3.457142857,3.1,4.8,26.24488618,63.72764786,0.001505227,7,7
23,9,2015,9/23/2015,18.959635,0,28.4,40,10.4,0.4,54,14.04,3.34,0.203,266,-0.989372413,-0.145403674,-1,-1.84E-16,3.868863717,2.32131823,17.04,24.14170959,108.16,16.4,0,0,40.2,26.83333333,26.42857143,48,48,59.66666667,60.14285714,1.933333333,2.885714286,3.1,4.7,26.44142032,60.86382393,0.000451568,8,8
24,9,2015,9/24/2015,17.496744,0,27.6,45,3.2,0,23,15.14,3.12,0.198,267,-0.991722674,-0.128398355,-1,-1.84E-16,3.69278196,2.031030078,15.18,6.49929625,10.24,16.6,0.4,0.4,33.2,26.5,26.8,40,40,57,56.85714286,4.366666667,3.785714286,10.4,10.4,27.02899423,50.43191196,0.28013547,0,0
25,9,2015,9/25/2015,15.459636,0,26.5,56,5.4,0.1,19,16.35,3.21,0.195,268,-0.99378067,-0.111355197,-1,-1.84E-16,3.462082359,1.523316238,11.66,8.225907685,29.16,17.7,0.4,0.4,33.1,27.63333333,27,40,40,47.66666667,55.28571429,4.8,3.571428571,10.4,10.4,27.20029596,47.71595598,0.084040641,1,1
26,9,2015,9/26/2015,16.779297,0,28.1,49,2.4,0.1,27,17.02,3.46,0.19,269,-0.995545794,-0.094279222,-1,-1.84E-16,3.801995174,1.939017539,14.331,4.653642093,5.76,17.9,0.5,0.5,33,27.5,27.08571429,40,40,47,54.28571429,6.333333333,3.828571429,10.4,10.4,26.99020717,51.85797799,0.095212192,0,0
27,9,2015,9/27/2015,17.88086,0,29,48,4.6,0,56,15.45,3.22,0.185,270,-0.997017526,-0.077175462,-1,-1.84E-16,4.0056776,2.082952352,15.08,9.581580819,21.16,18.6,0.2,0.6,33.1,27.4,27.3,45,40,50,52.71428571,3.666666667,3.885714286,5.4,10.4,27.32314502,50.428989,0.098563658,0,0
28,9,2015,9/28/2015,18.339844,0,29.4,39,1.3,0.8,88,14.21,3.06,0.182,271,-0.998195433,-0.060048959,-1,-1.84E-16,4.099208154,2.500516974,17.934,3.250672066,1.69,17.2,0.2,0.6,33.1,27.86666667,27.24285714,48,40,51,52.71428571,4.133333333,4.1,5.4,10.4,27.82620151,49.2144945,0.029569097,1,1
29,9,2015,9/29/2015,14.175781,0,25.3,64,4.9,0.4,96,8.49,1.78,0.185,272,-0.999079167,-0.042904758,-1,-1.84E-16,3.224827591,1.160937933,9.108,5.68859587,24.01,18.1,0.9,1.4,33.9,28.83333333,27.98571429,39,39,45.33333333,47.85714286,2.766666667,4.014285714,4.6,10.4,28.29834106,44.10724725,0.568870729,0,0
30,9,2015,9/30/2015,0.31640625,0,21.4,78,3.1,4.2,96,4.19,0.91,0.296,273,-0.999668468,-0.025747914,-1,-1.84E-16,2.548770598,0.560729532,4.708,1.738261548,9.61,17,1.2,1.8,34.3,27.9,27.75714286,39,39,50.33333333,48.71428571,3.6,4.6,4.9,10.4,27.39883874,54.05362362,0.450661219,0,0
1,10,2015,10/1/2015,0.008463543,0,19,84,7,25.9,97,6.78,1.27,0.372,274,-0.999963161,-0.008583481,-0.866025404,0.5,2.197393324,0.351582932,3.04,2.461080523,49,15.8,5.4,5.6,38.5,25.36666667,26.75714286,39,39,60.33333333,54.14285714,3.1,3.557142857,4.9,5.4,25.59918712,66.02681181,3.075198366,0,0
2,10,2015,10/2/2015,0.091145836,0,19.5,81,4,2.5,80,10.14,1.83,0.347,275,-0.999963161,0.008583481,-0.866025404,0.5,2.266880101,0.430707219,3.705,1.722828877,16,15.7,30.5,31.5,64.4,21.9,25.52857143,64,39,75.33333333,59.71428571,5,4.1,7,7,23.61943098,75.01340591,19.05255951,0,0
3,10,2015,10/3/2015,0.5442708,0,20.8,70,3.3,0.3,69,12.45,2.25,0.33,276,-0.999668468,0.025747914,-0.866025404,0.5,2.456616326,0.736984898,6.24,2.432050163,10.89,14.8,32.6,33.9,66.9,19.96666667,24.52857143,78,39,81,63.28571429,4.7,3.9,7,7,22.38360169,78.00670295,7.465767853,0,0
4,10,2015,10/4/2015,1.3717448,0,22.4,65,1.5,0.1,48,15.58,2.84,0.316,277,-0.999079167,0.042904758,-0.866025404,0.5,2.709082405,0.948178842,7.84,1.422268263,2.25,15.4,28.7,34.1,67.2,19.76666667,23.48571429,70,39,78.33333333,66.28571429,4.766666667,4.028571429,7,7,21.90852118,74.00335148,2.449730356,0,0
5,10,2015,10/5/2015,3.0117188,0,23.6,62,2.2,0,58,13.3,2.52,0.303,278,-0.998195433,0.060048959,-0.866025404,0.5,2.913023,1.10694874,8.968,2.435287228,4.84,16,2.9,34.2,67.3,20.9,22.54285714,65,39,72,68.71428571,2.933333333,3.585714286,4,7,22.05596483,69.50167574,0.804919107,0,0
6,10,2015,10/6/2015,2.6028645,0,21.4,77,5.3,0.2,100,7.07,1.36,0.334,279,-0.997017526,0.077175462,-0.866025404,0.5,2.548770598,0.586217238,4.922,3.10695136,28.09,16.8,0.4,33.4,67.3,22.26666667,21.71428571,62,62,65.66666667,72,2.333333333,3.714285714,3.3,7,22.51917538,65.75083787,0.241475732,1,1
7,10,2015,10/7/2015,0.007161461,0,17.4,95,7.3,15.3,97,4.09,0.78,0.408,280,-0.995545794,0.094279222,-0.866025404,0.5,1.987397189,0.099369859,0.87,0.725399974,53.29,16.4,0.3,33.2,67.5,22.46666667,21.15714286,62,62,68,73.85714286,3,3.771428571,5.3,7,22.18342277,71.37541893,0.21244272,0,0
8,10,2015,10/8/2015,0.03059896,0,19,67,1,5.6,77,12.12,2.12,0.387,281,-0.99378067,0.111355197,-0.866025404,0.5,2.197393324,0.725139797,6.27,0.725139797,1,12.4,15.5,44.3,82.8,20.8,20.58571429,62,62,78,76.28571429,4.933333333,4.371428571,7.3,7.3,20.74839594,83.18770947,10.77373282,0,0
9,10,2015,10/9/2015,0.2721354,0,16.1,71,4.9,0.1,82,10.32,1.75,0.373,282,-0.991722674,0.128398355,-0.866025404,0.5,1.829933244,0.530680641,4.669,2.60033514,24.01,10.3,21.1,24,87.3,19.26666667,20.58571429,67,62,79.66666667,73.85714286,4.533333333,3.514285714,7.3,7.3,20.22387716,75.09385473,7.152119845,0,0
10,10,2015,10/10/2015,0.6699219,0,18.4,59,4.7,0.4,35,13.83,2.37,0.359,283,-0.989372413,0.145403674,-0.866025404,0.5,2.116474806,0.867754671,7.544,4.078446952,22.09,10.2,21,21.6,83,17.5,20.1,67,62,77.66666667,72.42857143,4.4,3.642857143,7.3,7.3,18.98671401,73.04692737,2.215635953,0,0
11,10,2015,10/11/2015,3.0690105,0,22.7,54,8.4,0,93,9.14,1.88,0.358,284,-0.986730579,0.162366141,-0.866025404,0.5,2.758861627,1.269076348,10.442,10.66024133,70.56,13.5,6.1,21.7,83.3,17.83333333,19.75714286,59,59,65.66666667,70.85714286,3.533333333,3.842857143,4.9,7.3,18.81069981,66.02346368,0.944690786,0,0
12,10,2015,10/12/2015,0.24414062,0,23.5,70,3.7,5.7,88,10.81,2,0.375,285,-0.983797952,0.179280759,-0.866025404,0.5,2.895530773,0.868659232,7.05,3.214039158,13.69,17.5,0.5,21.6,83.3,19.06666667,19.8,54,54,61.33333333,69.28571429,6,4.828571429,8.4,8.4,19.97748986,60.01173184,0.283407236,1,1
13,10,2015,10/13/2015,0.012369794,0,17.8,95,5,4.1,98,4.97,0.9,0.38,286,-0.980575394,0.196142541,-0.866025404,0.5,2.038176335,0.101908817,0.89,0.509544084,25,16.8,6.1,27.3,89,21.53333333,19.78571429,54,54,61,70.42857143,5.6,5.042857143,8.4,8.4,21.0342429,65.00586592,4.075022171,0,0
14,10,2015,10/14/2015,0.017578127,0,16.7,79,5.8,2.5,96,4.11,0.86,0.373,287,-0.977063856,0.21294652,-0.866025404,0.5,1.901195309,0.399251015,3.507,2.315655886,33.64,12.5,9.8,31.2,68.7,21.33333333,19.27142857,54,54,73,73,5.7,5,8.4,8.4,20.06397003,80.00293296,4.092506651,0,0
15,10,2015,10/15/2015,0.16210938,0,18.3,70,1.4,0,61,11.7,1.98,0.36,288,-0.973264374,0.229687742,-0.866025404,0.5,2.103245085,0.630973525,5.49,0.883362936,1.96,12.3,12.3,18.4,68.7,19.33333333,19.17142857,70,54,81.33333333,70.71428571,4.833333333,4.785714286,5.8,8.4,19.05477902,79.50146648,2.977751995,0,0
16,10,2015,10/16/2015,0.43684897,0,19.9,64,1.5,0,77,14.25,2.45,0.347,289,-0.969178065,0.246361274,-0.866025404,0.5,2.323845764,0.836584475,7.164,1.254876712,2.25,12.7,6.6,12.8,68.7,17.6,19.07142857,70,54,81.33333333,71.14285714,4.066666667,4.842857143,5.8,8.4,18.82834532,74.75073324,0.893325599,1,1
17,10,2015,10/17/2015,1.0423177,0,22.6,58,3.4,0,70,11.07,2.04,0.338,290,-0.964806136,0.262962203,-0.866025404,0.5,2.742180549,1.151715831,9.492,3.915833824,11.56,14.2,2.5,12.7,68.7,18.3,19.61428571,64,54,71,70.14285714,2.9,4.357142857,5.8,8.4,19.14984172,69.37536662,0.26799768,2,2
18,10,2015,10/18/2015,1.7389323,0,21.1,74,3.8,0.2,95,9.28,1.74,0.333,291,-0.960149874,0.279485635,-0.866025404,0.5,2.502322755,0.650603916,5.486,2.472294882,14.44,15.9,0,12.3,68.7,20.26666667,20.21428571,58,54,64,70,2.1,4.171428571,3.4,8.4,20.18488921,63.68768331,0.080399304,3,3
19,10,2015,10/19/2015,1.9192709,0,20.3,75,2.3,0,98,8.55,1.61,0.329,292,-0.955210651,0.295926701,-0.866025404,0.5,2.382059337,0.595514834,5.075,1.369684119,5.29,15.3,0.2,12.5,68.9,21.2,19.98571429,58,58,65.33333333,72.85714286,2.9,3.514285714,3.8,5.8,20.45942244,68.84384166,0.164119791,0,0
20,10,2015,10/20/2015,3.7871094,0,22.6,55,1.8,0,48,13.91,2.44,0.322,293,-0.949989923,0.312280557,-0.866025404,0.5,2.742180549,1.233981247,10.17,2.221166245,3.24,13.6,0.2,6.8,68.9,21.33333333,19.52857143,58,58,69,73.57142857,3.166666667,3.314285714,3.8,5.8,20.41159571,71.92192083,0.049235937,1,1
21,10,2015,10/21/2015,4.7877603,0,23.3,54,2.5,0,57,10.96,2.05,0.324,294,-0.944489229,0.328542382,-0.866025404,0.5,2.86082113,1.31597772,10.718,3.289944299,6.25,14.1,0.2,2.7,68.9,21.33333333,20.21428571,55,55,68,67.85714286,2.633333333,2.857142857,3.8,5.8,21.068117,63.46096041,0.014770781,2,2
22,10,2015,10/22/2015,0.08268229,0,20.5,77,1.5,6.8,97,7.86,1.44,0.379,295,-0.938710189,0.344707384,-0.866025404,0.5,2.41164128,0.554677495,4.715,0.832016242,2.25,15.9,0,0.2,68.9,22.06666667,21.15714286,54,54,61.33333333,64.28571429,2.2,2.385714286,2.5,3.8,21.7376819,58.73048021,0.004431234,3,3
23,10,2015,10/23/2015,0.21614583,0,22.5,70,5.6,1.6,98,9.33,1.7,0.373,296,-0.932654508,0.360770799,-0.866025404,0.5,2.725587607,0.817676282,6.75,4.578987179,31.36,16.5,6.8,7,75.7,22.13333333,21.47142857,54,54,62,65.28571429,1.933333333,2.4,2.5,3.8,21.36637733,67.8652401,4.76132937,0,0
24,10,2015,10/24/2015,0.000651044,0,17.2,93,6.1,8.7,99,1.89,0.43,0.401,297,-0.926323968,0.376727894,-0.866025404,0.5,1.962425658,0.137369796,1.204,0.837955756,37.21,15.8,8.4,8.6,76.9,22.1,21.84285714,54,54,67,66.14285714,3.2,2.985714286,5.6,5.6,21.70646413,68.93262005,2.548398811,0,0
25,10,2015,10/25/2015,0.001953127,0,13.2,66,3.1,12.2,81,8.35,1.32,0.404,298,-0.919720437,0.392573965,-0.866025404,0.5,1.517478723,0.515942766,4.488,1.599422574,9.61,6.4,17.1,17.3,85.6,20.06666667,21.07142857,70,54,80,71.14285714,4.4,3.371428571,6.1,6.1,20.35452489,80.96631003,6.854519643,0,0
26,10,2015,10/26/2015,0.1640625,0,14.1,65,3.8,0,75,10.49,1.62,0.381,299,-0.91284586,0.408304342,-0.866025404,0.5,1.609008439,0.563152954,4.935,2.139981224,14.44,7.1,22.5,29.3,97.7,17.63333333,19.94285714,66,54,76.33333333,70,4.933333333,3.271428571,6.1,6.1,18.20816742,73.48315501,10.59635589,0,0
27,10,2015,10/27/2015,0.40364584,0,13.5,67,5.9,0.6,89,7.24,1.14,0.376,300,-0.905702263,0.423914391,-0.866025404,0.5,1.547467243,0.51066419,4.455,3.012918722,34.81,6.9,20.9,29.3,97.6,14.83333333,19.05714286,65,54,74.66666667,68.57142857,4.333333333,3.485714286,6.1,6.1,16.9757172,69.24157751,3.178906768,1,1
28,10,2015,10/28/2015,0.390625,0,12.5,68,5.5,1.8,71,7.57,1.18,0.376,301,-0.898291752,0.43939951,-0.866025404,0.5,1.449481125,0.46383396,4,2.55108678,30.25,6.1,12.8,29.9,98.2,13.6,17.75714286,65,54,66,70.28571429,4.266666667,4.071428571,5.9,6.1,15.93300204,68.12078875,1.37367203,0,0
29,10,2015,10/29/2015,0.7923177,0,13.6,61,6.2,0,48,11.91,1.75,0.362,302,-0.890616509,0.454755136,-0.866025404,0.5,1.557578341,0.607455553,5.304,3.766224429,38.44,5.8,2.4,31.7,99.2,13.36666667,16.21428571,65,65,66.66666667,72.28571429,5.066666667,4.5,5.9,6.1,14.90310143,68.06039438,1.672101609,0,0
30,10,2015,10/30/2015,1.3704427,0,14.6,60,1.9,0,23,12.25,1.8,0.352,303,-0.882678798,0.469976743,-0.866025404,0.5,1.661922381,0.664768952,5.84,1.263061009,3.61,6.6,2.4,24.9,98.8,13.2,15.22857143,61,61,65.33333333,70,5.866666667,5.171428571,6.2,6.2,14.512171,64.53019719,0.501630483,1,1
31,10,2015,10/31/2015,2.9667969,0,13.3,65,8.9,0,61,9.05,1.45,0.349,304,-0.874480958,0.485059846,-0.866025404,0.5,1.527417713,0.5345962,4.655,4.757906176,79.21,6.3,1.8,23.3,94.6,13.56666667,14.1,60,60,63,68.57142857,4.533333333,4.642857143,6.2,6.2,14.5385197,62.26509859,0.150489145,2,2
1,5,2016,5/1/2016,4.0065103,0,17.9,58,3.2,0,38,25.87,4.28,0.358,122,0.866025404,-0.5,0.5,-0.866025404,2.051047219,0.861439832,7.518,2.756607462,10.24,9.5,0,14.6,68.7,13.83333333,13.54285714,60,60,62,64.57142857,5.666666667,5.042857143,8.9,8.9,14.16696379,63.6325493,0.045146743,3,3
2,5,2016,5/2/2016,5.917318,0,22.4,47,5,0,60,20.31,3.74,0.35,123,0.857314628,-0.514792802,0.5,-0.866025404,2.709082405,1.435813675,11.872,7.179068374,25,11.8,0,2.4,66.2,15.26666667,14.21428571,58,58,61,63.42857143,4.666666667,5.057142857,8.9,8.9,15.28687465,60.81627465,0.013544023,4,4
3,5,2016,5/3/2016,4.7552085,0,24.3,49,5.9,0.9,64,18.15,3.46,0.369,124,0.848351198,-0.529433891,0.5,-0.866025404,3.038071715,1.549416575,12.393,9.141557791,34.81,14.1,0,2.4,65.9,17.86666667,15.4,47,47,56.66666667,60.85714286,5.7,5.228571429,8.9,8.9,17.42081226,53.90813732,0.004063207,5,5
4,5,2016,5/4/2016,0.003906252,0,15.5,76,4.5,18,78,15.77,2.47,0.412,125,0.839137755,-0.543918954,0.5,-0.866025404,1.761022898,0.422645496,3.72,1.90190473,20.25,10.7,0.9,2.7,66.7,21.53333333,16.94285714,47,47,51.33333333,58.28571429,4.7,5.228571429,5.9,8.9,19.48456858,51.45406866,0.631218962,0,0
5,5,2016,5/5/2016,0.024739584,0,16.8,69,6,6.3,65,17.13,2.65,0.41,126,0.829677014,-0.558243722,0.5,-0.866025404,1.913305695,0.593124765,5.208,3.558748592,36,10.6,18.9,18.9,84.7,20.73333333,17.37142857,47,47,57.33333333,59.42857143,5.133333333,5.085714286,5.9,8.9,18.28919801,63.72703433,12.78936569,0,0
6,5,2016,5/6/2016,0.010416669,0,14.1,84,6.6,5,95,12.91,1.99,0.41,127,0.819971763,-0.572403973,0.5,-0.866025404,1.609008439,0.25744135,2.256,1.699112912,43.56,10.9,25.2,25.2,90.8,18.86666667,17.82857143,49,47,64.66666667,60.57142857,5.466666667,5.057142857,6,8.9,17.8424386,66.36351717,8.246809707,0,0
7,5,2016,5/7/2016,0.050130207,0,15.6,65,6.1,4.3,61,20.37,3.13,0.406,128,0.810024863,-0.586395533,0.5,-0.866025404,1.772347472,0.620321615,5.46,3.783961852,37.21,8.6,29.3,30.2,80.5,15.46666667,17.75714286,69,47,76.33333333,64,5.7,5.728571429,6.6,8.9,16.71970702,75.18175858,5.974042912,0,0
8,5,2016,5/8/2016,0.29427084,0,20.1,52,4.5,2.8,22,23.44,3.94,0.395,129,0.799839245,-0.600214281,0.5,-0.866025404,2.352795129,1.129341662,9.648,5.082037479,20.25,10.5,15.6,34.5,79.2,15.5,18.08571429,65,47,72.66666667,64,6.233333333,5.328571429,6.6,6.6,16.38379492,70.09087929,4.802212874,0,0
9,5,2016,5/9/2016,0.80078125,0,21.2,56,3.9,0.4,54,20.34,3.51,0.393,130,0.78941791,-0.613856142,0.5,-0.866025404,2.517722492,1.107797897,9.328,4.320411796,15.21,12.4,12.1,37.3,81.9,16.6,18.4,52,47,67,63.14285714,5.733333333,5.514285714,6.6,6.6,17.49865644,61.04543965,3.400663862,0,0
10,5,2016,5/10/2016,0.36393228,0,16.5,91,7.2,8.4,95,13.39,2.12,0.406,131,0.778763931,-0.627317097,0.5,-0.866025404,1.877175834,0.168945825,1.485,1.21640994,51.84,14.7,7.5,37.7,81.9,18.96666667,18.22857143,52,49,57.66666667,64.42857143,4.833333333,5.357142857,6.1,6.6,18.60905951,58.52271982,1.300199159,0,0
11,5,2016,5/11/2016,0.58203125,0,18,69,7,4,61,22.28,3.53,0.398,132,0.767880446,-0.640593179,0.5,-0.866025404,2.063989203,0.639836653,5.58,4.47885657,49,11.8,11.6,45.2,90.3,19.26666667,17.11428571,52,52,66.33333333,70.42857143,5.2,5.542857143,7.2,7.2,17.97634166,74.76135991,6.270059748,0,0
12,5,2016,5/12/2016,1.156901,0,21.4,56,4.7,1,90,18.16,3.39,0.388,133,0.756770663,-0.653680475,0.5,-0.866025404,2.548770598,1.121459063,9.416,5.270857598,22.09,12.6,12.8,31.2,88.6,18.56666667,17.47142857,56,52,72,69.42857143,6.033333333,5.9,7.2,7.2,17.98343916,71.88067996,4.681017924,0,0
13,5,2016,5/13/2016,0.3294271,0,23.5,74,5.2,4,77,17.17,3.22,0.404,134,0.745437857,-0.666575128,0.5,-0.866025404,2.895530773,0.752838001,6.11,3.914757605,27.04,18.3,13.4,25.9,85.5,18.63333333,18.12857143,56,52,72,67.57142857,6.3,5.714285714,7.2,7.2,19.00840741,63.94033998,2.104305377,0,0
14,5,2016,5/14/2016,1.1575521,0,25.2,50,9.4,11.1,53,24.73,4.79,0.403,135,0.733885366,-0.679273339,0.5,-0.866025404,3.205712243,1.602856121,12.6,15.06684754,88.36,15.2,9,24.9,87,20.96666667,19.47142857,56,52,66.33333333,66.14285714,5.633333333,5.514285714,7,7.2,20.35588519,68.97016999,3.431291613,0,0
15,5,2016,5/15/2016,3.4394531,0,23.9,61,9.4,0,49,23.52,4.25,0.391,136,0.722116597,-0.691771365,0.5,-0.866025404,2.966054202,1.156761139,9.321,10.8735547,88.36,16.1,16.1,31.7,98.1,23.36666667,20.84285714,50,50,60,64,6.433333333,5.985714286,9.4,9.4,21.80911963,59.48508499,8.799387484,0,0
16,5,2016,5/16/2016,0.5260417,0,21.3,51,11.2,24.7,40,22.58,4.03,0.415,137,0.710135016,-0.704065522,0.5,-0.866025404,2.533204981,1.241270441,10.437,13.90222894,125.44,11.5,15.1,28.9,98.1,24.2,21.38571429,50,50,61.66666667,65.28571429,8,6.685714286,9.4,9.4,22.43638374,60.2425425,2.639816245,1,1
17,5,2016,5/17/2016,0.24088542,0,20.5,70,7.1,0.2,57,17.42,2.91,0.408,138,0.697944155,-0.716152188,0.5,-0.866025404,2.41164128,0.723492384,6.15,5.136795927,50.41,14.5,35.8,53.2,122.8,23.46666667,21.4,50,50,54,64.57142857,10,7.728571429,11.2,11.2,22.09546862,55.62127125,18.08194487,0,0
18,5,2016,5/18/2016,0.00325521,0,14.9,95,5.9,9.2,92,10.15,1.64,0.42,139,0.685547606,-0.728027801,0.5,-0.866025404,1.694398038,0.084719902,0.745,0.499847421,34.81,13.9,24.9,45,122.8,21.9,21.97142857,51,50,60.66666667,61.57142857,9.233333333,7.714285714,11.2,11.2,21.61682803,62.81063562,5.564583462,0,0
19,5,2016,5/19/2016,0.15885417,0,16.2,55,6.3,6.4,75,21.32,3.43,0.407,140,0.672949024,-0.739688861,0.5,-0.866025404,1.84164513,0.828740309,7.29,5.221063945,39.69,7.2,34.1,50.2,132,18.9,21.52857143,51,50,72,65.28571429,8.066666667,7.557142857,11.2,11.2,19.60177962,78.90531781,8.109375039,0,0
20,5,2016,5/20/2016,0.99153644,0,18.7,47,3.8,0,25,27.91,4.67,0.39,141,0.660152121,-0.751131931,0.5,-0.866025404,2.15660198,1.142999049,9.911,4.343396388,14.44,8.1,15.8,55.6,138.4,17.2,20.78571429,55,50,73.33333333,65.14285714,6.433333333,7.785714286,7.1,11.2,18.58124574,66.95265891,6.912812512,0,0
21,5,2016,5/21/2016,2.2708333,0,22.9,50,1.1,0,82,20.7,3.93,0.378,142,0.647160667,-0.762353639,0.5,-0.866025404,2.792489766,1.396244883,11.45,1.535869371,1.21,12.9,15.6,51.6,138.4,16.6,20.1,47,47,65.66666667,61.28571429,5.333333333,7.585714286,6.3,11.2,18.61687202,56.97632945,2.073843753,1,1
22,5,2016,5/22/2016,0.79557294,0,21.3,71,0.8,0.6,93,13.34,2.46,0.396,143,0.633978493,-0.773350678,0.5,-0.866025404,2.533204981,0.734629445,6.177,0.587703556,0.64,15.5,6.4,40.5,131.6,19.26666667,19.77142857,47,47,50.66666667,61.28571429,3.733333333,6.4,6.3,11.2,19.90181041,53.48816473,0.622153126,2,2
23,5,2016,5/23/2016,1.76E-09,0,13.7,96,5.9,28.7,98,2.66,0.6,0.428,144,0.620609482,-0.784119807,0.5,-0.866025404,1.567747369,0.062709895,0.548,0.369988379,34.81,12.9,0.6,41.1,130.6,20.96666667,19.4,47,47,56,62.71428571,1.9,5.171428571,3.8,11.2,20.32126729,62.24408236,0.606645938,0,0
24,5,2016,5/24/2016,0.095052086,0,20,56,4.6,2.9,77,26.2,4.56,0.408,145,0.607057574,-0.794657852,0.5,-0.866025404,2.338281271,1.028843759,8.8,4.732681292,21.16,11.2,29.3,45.1,150.6,19.3,18.31428571,50,47,72.33333333,69.14285714,2.6,4.414285714,5.9,7.1,18.3348871,79.12204118,20.27199378,0,0
25,5,2016,5/25/2016,0.36979166,0,19.7,68,6.9,1.1,48,18.66,3.28,0.408,146,0.593326764,-0.804961708,0.5,-0.866025404,2.295208371,0.734466679,6.304,5.067820083,47.61,13.3,32.2,47.8,141.3,18.33333333,18.24285714,56,47,74.33333333,67.14285714,3.766666667,4.057142857,5.9,6.3,18.83442097,67.56102059,8.111598134,0,0
26,5,2016,5/26/2016,0.08658854,0,16.2,81,6.2,11.4,88,12.03,2.01,0.42,147,0.579421098,-0.815028338,0.5,-0.866025404,1.84164513,0.349912575,3.078,2.169457964,38.44,12.4,32.7,39.7,142.4,17.8,18.92857143,56,47,73.33333333,63.28571429,5.8,4.2,6.9,6.9,19.09409468,67.7805103,3.20347944,0,0
27,5,2016,5/27/2016,0.19140625,0,18.4,57,4.4,5.1,73,23.46,3.91,0.41,148,0.565344674,-0.824854775,0.5,-0.866025404,2.116474806,0.910084167,7.912,4.004370334,19.36,9.8,15.4,44.7,153.2,18.63333333,18.92857143,56,47,68.33333333,67,5.9,4.185714286,6.9,6.9,18.22586628,74.39025515,8.941043832,0,0
28,5,2016,5/28/2016,0.049479168,0,17,92,6.7,2.1,99,14,2.28,0.41,149,0.55110164,-0.834438124,0.5,-0.866025404,1.937729352,0.155018348,1.36,1.038622933,44.89,15.4,17.6,49.8,156.5,18.1,18.88571429,57,50,68.66666667,68.42857143,5.833333333,4.271428571,6.9,6.9,18.27810639,65.69512757,6.25231315,0,0
29,5,2016,5/29/2016,0.119791664,0,17.3,78,6,3.4,76,12.97,2.23,0.413,150,0.536696194,-0.84377556,0.5,-0.866025404,1.974876858,0.434472909,3.806,2.606837453,36,12.9,18.6,51.9,158.6,17.2,18.04285714,57,56,76.66666667,74.42857143,5.766666667,5.071428571,6.7,6.9,17.89467448,78.84756379,3.345693945,0,0
30,5,2016,5/30/2016,0.81640625,0,23.7,58,12.1,7.3,16,26.86,4.88,0.406,151,0.522132581,-0.852864331,0.5,-0.866025404,2.930607375,1.230855097,9.954,14.89334668,146.41,15.3,10.6,54.7,162,17.56666667,17.47142857,57,56,75.66666667,75.42857143,5.7,5.814285714,6.7,6.9,17.71627213,78.42378189,3.383708183,0,0
31,5,2016,5/31/2016,2.2519531,0,27.2,55,7.3,0,30,26.9,5.15,0.391,152,0.507415093,-0.86170176,0.5,-0.866025404,3.607388303,1.623324736,12.24,11.85027057,53.29,18.2,12.8,33.3,169.3,19.33333333,18.9,58,56,76,70,8.266666667,6.7,12.1,12.1,19.51139049,68.21189095,6.125112455,0,0
1,6,2016,6/1/2016,2.6555989,0,25,66,9.3,0.3,28,25.25,4.65,0.382,153,0.492548068,-0.870285241,1.22E-16,-1,3.167777718,1.077044424,8.5,10.01651314,86.49,18.2,10.7,30.4,169.3,22.73333333,19.92857143,55,55,63.66666667,69.85714286,8.466666667,7.085714286,12.1,12.1,21.81797334,61.60594547,1.837533737,1,1
2,6,2016,6/2/2016,4.4433594,0,27.1,49,6.5,1,41,25.53,4.94,0.372,154,0.477535886,-0.878612245,1.22E-16,-1,3.586310566,1.829018389,13.821,11.88861953,42.25,16.9,7.6,29.6,169.6,25.3,20.68571429,55,55,59.66666667,69.57142857,9.566666667,7.428571429,12.1,12.1,22.77258134,63.80297274,0.761260121,0,0
3,6,2016,6/3/2016,6.095703,0,27.2,50,4.1,0,41,23.85,4.63,0.376,155,0.462382973,-0.886680318,1.22E-16,-1,3.607388303,1.803694151,13.6,7.39514602,16.81,17.2,1.3,19.2,169.7,26.43333333,22.24285714,49,49,56.66666667,65,7.7,7.471428571,9.3,12.1,24.07080694,56.40148637,0.928378036,0,0
4,6,2016,6/4/2016,0.81966144,0,21.3,77,6,9,81,21.75,3.73,0.4,156,0.447093793,-0.894487082,1.22E-16,-1,2.533204981,0.582637146,4.899,3.495822874,36,16.7,1.3,14.1,151.7,26.43333333,23.5,49,49,55,64,6.633333333,7.428571429,9.3,12.1,25.00956486,53.20074318,0.278513411,1,1
5,6,2016,6/5/2016,0.08984375,0,20.7,79,8.7,7,70,19.01,3.28,0.404,157,0.431672852,-0.902030237,1.22E-16,-1,2.441543871,0.512724213,4.347,4.460700653,75.69,16.5,10,21,154.4,25.2,24.11428571,49,49,58.66666667,61.85714286,5.533333333,7.328571429,6.5,12.1,23.8966954,65.10037159,6.383554023,0,0
6,6,2016,6/6/2016,0.4674479,0,22.9,52,3.3,1.5,64,25.96,4.73,0.388,158,0.416124696,-0.909307559,1.22E-16,-1,2.792489766,1.340395088,10.992,4.42330379,10.89,13.3,16,24.6,156.4,23.06666667,24.6,50,49,68.66666667,62,6.266666667,7.714285714,8.7,12.1,22.93768678,72.0501858,6.815066207,0,0
7,6,2016,6/7/2016,1.7278646,0,20.2,60,9.2,0,90,18.05,3.24,0.375,159,0.400453906,-0.916316904,1.22E-16,-1,2.367387698,0.946955079,8.08,8.711986727,84.64,12.2,17.5,18.8,153.6,21.63333333,24.48571429,52,49,69.33333333,61.14285714,6,6.457142857,8.7,9.3,22.92638075,62.0250929,3.094519862,0,0
8,6,2016,6/8/2016,1.2617188,0,15.8,84,4.6,1.7,88,14.53,2.41,0.385,160,0.3846651,-0.923056207,1.22E-16,-1,1.795188282,0.287230125,2.528,1.321258575,21.16,12.6,8.5,18.8,150.8,21.26666667,23.48571429,52,49,63.66666667,61.85714286,7.066666667,6.728571429,9.2,9.3,22.10846652,61.01254645,0.928355959,1,1
9,6,2016,6/9/2016,1.1490885,0,18,72,4,4.4,67,21.51,3.62,0.383,161,0.368762931,-0.92952348,1.22E-16,-1,2.063989203,0.577916977,5.04,2.311667907,16,12.4,3.2,20.2,152.1,19.63333333,22.17142857,52,49,65.33333333,64.42857143,5.7,6.057142857,9.2,9.2,20.21592657,72.50627322,1.468506788,0,0
10,6,2016,6/10/2016,2.7311199,0,20.5,59,6.1,0.4,37,24.65,4.27,0.372,162,0.352752087,-0.935716819,1.22E-16,-1,2.41164128,0.988772925,8.405,6.031514842,37.21,12.3,6.1,23.6,148.1,18,20.87142857,60,50,72,67.71428571,5.933333333,5.7,9.2,9.2,19.5511486,72.25313661,3.520552036,0,0
11,6,2016,6/11/2016,4.2063804,0,23.1,57,6.9,0.5,41,27.18,4.84,0.36,163,0.336637284,-0.941634398,1.22E-16,-1,2.826475201,1.215384336,9.933,8.386151922,47.61,14.5,6.5,24,144.5,18.1,19.91428571,59,52,71.66666667,69,4.9,5.985714286,6.1,9.2,19.83580402,65.62656831,1.336165611,0,0
12,6,2016,6/12/2016,7.5403647,0,25,40,3.6,0,59,28.76,5.4,0.346,164,0.320423273,-0.947274472,1.22E-16,-1,3.167777718,1.900666631,15,6.84239987,12.96,13,5.3,15.5,144,20.53333333,20.17142857,57,52,62.66666667,66.14285714,5.666666667,6.114285714,6.9,9.2,20.81506281,61.31328415,0.750849683,0,0
13,6,2016,6/13/2016,10.3359375,0,28.5,42,3.5,0,43,25.52,5.12,0.334,165,0.304114832,-0.952635381,1.22E-16,-1,3.891379531,2.257000128,16.53,7.899500448,12.25,16.9,0.9,8.5,140,22.86666667,20.78571429,40,40,52,60.57142857,5.533333333,5.385714286,6.9,9.2,22.07054397,50.65664208,0.225254905,1,1
14,6,2016,6/14/2016,6.363932,0,25.4,53,13,1.2,87,17.41,3.66,0.343,166,0.287716767,-0.957715543,1.22E-16,-1,3.244042238,1.524699852,11.938,19.82109808,169,16,0.5,7,128.9,25.53333333,21.58571429,40,40,46.33333333,59.14285714,4.666666667,5.414285714,6.9,9.2,23.99938078,46.32832104,0.067576471,2,2
15,6,2016,6/15/2016,0.7076823,0,22.7,70,9,7.7,42,21.51,3.8,0.384,167,0.271233911,-0.962513463,1.22E-16,-1,2.758861627,0.827658488,6.81,7.448926392,81,16.7,1.2,8.2,130.1,26.3,22.32857143,40,40,45,58.14285714,6.7,5.957142857,13,13,24.41956654,49.66416052,0.860272941,0,0
16,6,2016,6/16/2016,4.000651,0,24.9,56,12.4,2,9,26.79,5.04,0.364,168,0.25467112,-0.967027725,1.22E-16,-1,3.148957679,1.385541379,10.956,17.1807131,153.76,16.1,8.9,14.2,113.1,25.53333333,23.31428571,42,40,55,56.14285714,8.5,6.585714286,13,13,23.90369658,59.83208026,5.648081882,0,0
17,6,2016,6/17/2016,6.9700522,0,25.5,52,6.9,0.4,0,29.71,5.62,0.343,169,0.238033277,-0.971256999,1.22E-16,-1,3.263356619,1.566411177,12.24,10.80823712,47.61,15.9,10.9,11.8,114.9,24.33333333,24.3,53,40,59.66666667,53.85714286,11.46666667,7.785714286,13,13,24.20258761,57.91604013,3.094424565,0,0
18,6,2016,6/18/2016,8.9869795,0,27.6,47,3,0,0,29.82,5.86,0.326,170,0.221325284,-0.97520004,1.22E-16,-1,3.69278196,1.957174439,14.628,5.871523317,9,17,10.1,11.8,106.1,24.36666667,25.01428571,52,40,59.33333333,52.85714286,9.433333333,7.9,12.4,13,24.59181132,54.95802006,1.208327369,0,0
19,6,2016,6/19/2016,11.680339,0,30,42,3.3,0,0,29.84,6.05,0.312,171,0.204552066,-0.978855685,1.22E-16,-1,4.243065059,2.460977734,17.4,8.121226522,10.89,18.4,2.4,11.3,99.7,26,25.65714286,47,40,51.66666667,51.42857143,7.433333333,7.342857143,12.4,13,25.49426793,50.97901003,0.362498211,1,1
20,6,2016,6/20/2016,15.763672,0,31.1,40,4.1,0,0,29.91,6.38,0.298,172,0.187718565,-0.982222857,1.22E-16,-1,4.518232383,2.71093943,18.66,11.11485166,16.81,19.1,0.4,11.3,99.7,27.7,26.37142857,42,42,47,51.71428571,4.4,7.3,6.9,13,26.84598755,46.48950502,0.108749463,2,2
21,6,2016,6/21/2016,19.122396,0,30.6,49,9.5,0,0,29.44,6.37,0.284,173,0.170829743,-0.985300563,1.22E-16,-1,4.391291947,2.239558893,15.606,21.27580948,90.25,20.4,0,11.3,99.7,29.56666667,26.74285714,40,40,43,51.42857143,3.466666667,7.385714286,4.1,13,28.12219128,43.24475251,0.032624839,3,3
22,6,2016,6/22/2016,15.546875,0,29.7,56,7.3,0,34,27.74,5.66,0.272,174,0.153890577,-0.988087896,1.22E-16,-1,4.170597197,1.835062767,13.068,13.3959582,53.29,20.9,0,10.1,99.1,30.56666667,27.48571429,40,40,43.66666667,50.85714286,5.633333333,6.885714286,9.5,12.4,28.8655339,46.12237625,0.009787452,4,4
23,6,2016,6/23/2016,16.980469,0,29.6,57,9.1,0,37,26.88,5.51,0.263,175,0.136906058,-0.990584035,1.22E-16,-1,4.14668165,1.78307311,12.728,16.2259653,82.81,21,0,2.4,70.4,30.46666667,28.48571429,40,40,48.33333333,48.85714286,6.966666667,6.642857143,9.5,12.4,29.11587373,51.06118813,0.002936236,5,5
24,6,2016,6/24/2016,22,0,29.1,51,14,0,30,27.55,5.76,0.254,176,0.119881192,-0.992788245,1.22E-16,-1,4.028884423,1.974153367,14.259,27.63814714,196,19.3,0,0.4,67.5,29.96666667,29.15714286,49,40,54,49,8.633333333,6.171428571,9.5,9.5,29.26111161,54.03059406,0.000880871,6,6
25,6,2016,6/25/2016,18.06901,0,28.9,53,6.8,0,21,26.81,5.54,0.244,177,0.102820997,-0.994699876,1.22E-16,-1,3.982587166,1.871815968,13.583,12.72834858,46.24,19.5,0,0,66.4,29.46666667,29.67142857,51,40,54.66666667,48.85714286,10.13333333,7.185714286,14,14,29.21277813,52.51529703,0.000264261,7,7
26,6,2016,6/26/2016,17.652344,0,32.2,44,3,0,11,25.77,5.59,0.234,178,0.0857305,-0.996318363,1.22E-16,-1,4.808777365,2.692915325,18.032,8.078745974,9,21,0,0,55,29.2,29.85714286,51,40,53.66666667,49.71428571,9.966666667,7.728571429,14,14,29.11894469,52.75764852,7.93E-05,8,8
27,6,2016,6/27/2016,16.285156,0,28.6,63,5.5,0.2,81,17.7,3.7,0.234,179,0.068614738,-0.997643232,1.22E-16,-1,3.914009299,1.448183441,10.582,7.965008923,30.25,21.2,0,0,49.9,30.06666667,30.17142857,44,40,49.33333333,50,7.933333333,7.685714286,14,14,30.04326128,48.37882426,2.38E-05,9,9
28,6,2016,6/28/2016,8.972005,0,26.8,63,8.4,2,66,21.47,4.18,0.249,180,0.051478755,-0.99867409,1.22E-16,-1,3.523719593,1.303776249,9.916,10.95172049,70.56,19.4,0.2,0.2,48,29.9,29.81428571,44,44,53.33333333,53.28571429,5.1,7.885714286,6.8,14,29.6102829,55.68941213,0.140007135,0,0
29,6,2016,6/29/2016,1.9485677,0,25.1,69,5.4,2.1,70,18.72,3.62,0.26,181,0.034327601,-0.999410634,1.22E-16,-1,3.186695762,0.987875686,7.781,5.334528706,29.16,18.9,2.2,2.2,46.6,29.2,29.27142857,44,44,56.66666667,55.28571429,5.633333333,7.728571429,8.4,14,28.76719803,59.34470606,1.442002141,0,0
30,6,2016,6/30/2016,0.80533856,0,22.8,81,6.6,3.1,89,16.29,3.03,0.293,182,0.01716633,-0.999852648,1.22E-16,-1,2.775631234,0.527369934,4.332,3.480641567,43.56,19,4.3,4.3,41.4,26.83333333,28.61428571,63,44,65,57.14285714,6.433333333,7.457142857,8.4,14,27.66703862,64.17235303,1.902600642,0,0
1,7,2016,7/1/2016,0.63411456,0,23.8,84,9.1,6.8,76,16.43,3.1,0.332,183,1.22E-16,-1,-0.5,-0.866025404,2.948284305,0.471725489,3.808,4.292701948,82.81,20.6,7.2,7.4,44.5,24.9,27.64285714,63,44,71,60.57142857,6.8,7.1,8.4,14,26.20692703,72.58617652,2.740780193,0,0
2,7,2016,7/2/2016,1.2304688,0,25.1,69,6.4,2.3,56,20.38,4,0.321,184,-0.01716633,-0.999852648,-0.5,-0.866025404,3.186695762,0.987875686,7.781,6.322404392,40.96,18.9,12,14.2,51,23.9,26.88571429,69,44,78,65.28571429,7.033333333,6.4,9.1,9.1,25.48484892,78.29308826,5.582234058,0,0
3,7,2016,7/3/2016,2.5227864,0,25.5,66,5.2,1.1,70,19.2,3.74,0.31,185,-0.034327601,-0.999410634,-0.5,-0.866025404,3.263356619,1.109541251,8.67,5.769614503,27.04,18.7,12.2,16.5,52.3,23.9,26.34285714,69,44,78,67.57142857,7.366666667,6.342857143,9.1,9.1,25.36939425,73.64654413,3.284670217,0,0
4,7,2016,7/4/2016,4.814453,0,26.7,52,9.7,1.3,49,24.95,4.99,0.302,186,-0.051478755,-0.99867409,-0.5,-0.866025404,3.503068485,1.681472873,12.816,16.31028687,94.09,17.1,10.2,17.6,53.4,24.8,25.38571429,66,63,73,70.71428571,6.9,6.657142857,9.1,9.1,25.40857597,69.82327206,1.755401065,0,0
5,7,2016,7/5/2016,6.189453,0,25.2,62,7.6,0.3,57,20.27,3.89,0.29,187,-0.068614738,-0.997643232,-0.5,-0.866025404,3.205712243,1.218170652,9.576,9.258096958,57.76,17.6,4.7,18.7,45.7,25.76666667,25.11428571,52,52,62.33333333,69.14285714,7.1,7.257142857,9.7,9.7,25.79600318,60.91163603,1.43662032,0,0
6,7,2016,7/6/2016,0.9348958,0,24.4,69,4.7,2.7,77,19.28,3.73,0.296,188,-0.0857305,-0.996318363,-0.5,-0.866025404,3.056312653,0.947456922,7.564,4.453047535,22.09,18.2,2.7,17,39,25.8,24.88571429,52,52,60,69,7.5,7.142857143,9.7,9.7,25.61720223,61.45581802,0.640986096,0,0
7,7,2016,7/7/2016,2.1471355,0,26,77,7.7,0.7,87,18.46,3.52,0.302,189,-0.102820997,-0.994699876,-0.5,-0.866025404,3.361439829,0.773131161,5.98,5.953109936,59.29,21.4,4.3,17.6,40.2,25.43333333,24.78571429,52,52,61,69,7.333333333,7.042857143,9.7,9.7,25.25204156,65.22790901,2.082295829,0,0
8,7,2016,7/8/2016,3.1334636,0,23.1,61,8.8,4.9,31,24.69,4.59,0.313,190,-0.119881192,-0.992788245,-0.5,-0.866025404,2.826475201,1.102325328,9.009,9.70046289,77.44,15.3,3.7,15.2,40.9,25.2,25.24285714,62,52,69.33333333,68.42857143,6.666666667,7.2,7.7,9.7,25.47642909,71.1139545,1.114688749,0,0
9,7,2016,7/9/2016,6.0410156,0,24.1,48,1.6,0,17,29.2,5.44,0.29,191,-0.136906058,-0.990584035,-0.5,-0.866025404,3.001874544,1.560974763,12.532,2.497559621,2.56,13.7,8.3,13.3,44.1,24.5,25.14285714,61,52,69,65.14285714,7.066666667,7.157142857,8.8,9.7,24.76350036,66.05697725,3.764406625,0,0
10,7,2016,7/10/2016,10.837239,0,24.3,46,9.1,0,37,26.94,5.07,0.269,192,-0.153890577,-0.988087896,-0.5,-0.866025404,3.038071715,1.640558726,13.122,14.92908441,82.81,13.5,5.6,11,39.7,24.4,25,48,48,62,62.14285714,6.033333333,6.471428571,8.8,9.7,24.56445025,57.02848863,1.129321987,1,1
11,7,2016,7/11/2016,6.2220054,0,23.3,55,5.2,0.3,67,23.96,4.62,0.256,193,-0.170829743,-0.985300563,-0.5,-0.866025404,2.86082113,1.287369508,10.485,6.694321443,27.04,14.3,4.9,9.9,39.3,23.83333333,24.82857143,46,46,51.66666667,59.28571429,6.5,7.028571429,9.1,9.7,24.48511518,51.51424431,0.338796596,2,2
12,7,2016,7/12/2016,10.869792,0,28,46,1,0,15,29.15,5.83,0.242,194,-0.187718565,-0.982222857,-0.5,-0.866025404,3.779930364,2.041162397,15.12,2.041162397,1,17.2,0.3,8.9,39.1,23.9,24.34285714,46,46,49.66666667,59.71428571,5.3,6.385714286,9.1,9.1,24.12958062,53.25712216,0.311638979,0,0
13,7,2016,7/13/2016,13.686198,0,30.7,46,6.5,0,14,29,6.02,0.226,195,-0.204552066,-0.978855685,-0.5,-0.866025404,4.416429033,2.384871678,16.578,15.50166591,42.25,19.9,0.3,8.6,39.1,25.2,24.74285714,46,46,49,57.42857143,5.1,5.442857143,9.1,9.1,25.29070644,49.62856108,0.093491694,1,1
14,7,2016,7/14/2016,14.5807295,0,29.5,50,6.6,0,28,26.68,5.47,0.213,196,-0.221325284,-0.97520004,-0.5,-0.866025404,4.122885469,2.061442735,14.75,13.60552205,43.56,19.5,0.3,5.9,39.1,27.33333333,25.64285714,46,46,49,54.14285714,4.233333333,5.7,6.5,9.1,26.91349451,47.81428054,0.028047508,2,2
15,7,2016,7/15/2016,15.430989,0,29.6,48,5.9,0,30,29.04,5.97,0.202,197,-0.238033277,-0.971256999,-0.5,-0.866025404,4.14668165,2.156274458,15.392,12.7220193,34.81,19.2,0,5.2,37.9,29.4,26.14285714,46,46,47.33333333,50.28571429,4.7,5.542857143,6.6,9.1,27.68944615,48.90714027,0.008414252,3,3
16,7,2016,7/16/2016,23.376303,0,34.1,25,6.6,0,10,29.83,6.49,0.191,198,-0.25467112,-0.967027725,-0.5,-0.866025404,5.348948887,4.011711665,25.575,26.47729699,43.56,19.1,0,0.3,30.2,29.93333333,27.07142857,46,46,48,48.42857143,6.333333333,5.128571429,6.6,9.1,28.26261231,48.45357013,0.002524276,4,4
17,7,2016,7/17/2016,24.60612,0,34.8,26,7.7,0,1,29.31,6.61,0.18,199,-0.271233911,-0.962513463,-0.5,-0.866025404,5.560824442,4.115010087,25.752,31.68557767,59.29,20,0,0.3,28.2,31.06666667,28.5,25,25,41,45.14285714,6.366666667,5.842857143,6.6,9.1,30.01382862,36.72678507,0.000757283,5,5
18,7,2016,7/18/2016,16.033854,0,26.8,68,10.1,0.1,82,18.22,3.86,0.177,200,-0.287716767,-0.957715543,-0.5,-0.866025404,3.523719593,1.12759027,8.576,11.38866172,102.01,20.4,0,0.3,27.8,32.83333333,30,25,25,33,42.28571429,6.733333333,5.642857143,7.7,7.7,31.44968003,31.36339253,0.000227185,6,6
19,7,2016,7/19/2016,5.1015625,0,23.5,71,8.7,0.4,69,16.78,3.22,0.188,201,-0.304114832,-0.952635381,-0.5,-0.866025404,2.895530773,0.839703924,6.815,7.30542414,75.69,17.7,0.1,0.1,27.9,31.9,30.5,25,25,39.66666667,44.14285714,8.133333333,6.342857143,10.1,10.1,30.05477602,49.68169627,0.070068155,0,0
20,7,2016,7/20/2016,7.432943,0,24.6,52,6.6,0.6,76,20.29,4.04,0.199,202,-0.320423273,-0.947274472,-0.5,-0.866025404,3.09308133,1.484679038,11.808,9.798881652,43.56,15,0.5,0.5,28.3,28.36666667,29.85714286,26,25,55,47.71428571,8.833333333,7.442857143,10.1,10.1,28.08834322,60.34084813,0.301020447,0,0
21,7,2016,7/21/2016,5.6875,0,21.5,76,7.1,1.5,66,15.47,3.05,0.204,203,-0.336637284,-0.941634398,-0.5,-0.866025404,2.564419721,0.615460733,5.16,4.369771204,50.41,16.7,1.1,1.1,28.9,24.96666667,28.98571429,52,25,63.66666667,48.57142857,8.466666667,7.457142857,10.1,10.1,27.04184025,56.17042407,0.510306134,0,0
22,7,2016,7/22/2016,12.690755,0,25.7,48,7.2,0.2,15,27.08,5.28,0.203,204,-0.352752087,-0.935716819,-0.5,-0.866025404,3.302286327,1.71718889,13.364,12.36376001,51.84,15.3,2.5,2.6,30.4,23.2,27.84285714,52,25,66.33333333,52.28571429,7.466666667,7.528571429,8.7,10.1,25.37928818,66.08521203,1.20309184,0,0
23,7,2016,7/23/2016,19.477213,0,26.3,42,7.9,0,0,28.52,5.63,0.191,205,-0.368762931,-0.92952348,-0.5,-0.866025404,3.421514668,1.984478507,15.254,15.67738021,62.41,14.7,2.3,2.8,30.6,23.93333333,27.28571429,48,25,58.66666667,52.28571429,6.966666667,7.714285714,7.2,10.1,25.47550172,57.04260602,0.500927552,0,0
24,7,2016,7/24/2016,22.970053,0,26.7,43,10.7,0,14,28.18,5.65,0.18,206,-0.3846651,-0.923056207,-0.5,-0.866025404,3.503068485,1.996749036,15.219,21.36521469,114.49,15.3,1.7,2.8,30.6,24.5,26.17142857,42,26,55.33333333,54.71428571,7.4,7.9,7.9,10.1,25.72285121,49.52130301,0.150278266,1,1
25,7,2016,7/25/2016,22.510416,0,27.3,46,6.9,0,24,27.43,5.58,0.17,207,-0.400453906,-0.916316904,-0.5,-0.866025404,3.628573846,1.959429877,14.742,13.52006615,47.61,16.5,0.2,2.8,30.6,26.23333333,25.01428571,42,42,44.33333333,57.14285714,8.6,8.328571429,10.7,10.7,26.01599584,46.2606515,0.04508348,2,2
26,7,2016,7/26/2016,24.254557,0,29.2,43,5.2,0,13,27.88,5.79,0.162,208,-0.416124696,-0.909307559,-0.5,-0.866025404,4.052208127,2.309758633,16.644,12.01074489,27.04,17.8,0,2.7,30.6,26.76666667,25.08571429,42,42,43.66666667,54,8.5,7.871428571,10.7,10.7,26.40119709,46.13032575,0.013525044,3,3
27,7,2016,7/27/2016,24.811197,0,29.4,49,6,0,24,26.6,5.61,0.155,209,-0.431672852,-0.902030237,-0.5,-0.866025404,4.099208154,2.090596159,14.994,12.54357695,36,19.2,0,2.3,30.6,27.73333333,25.9,43,42,44,50,7.6,7.371428571,10.7,10.7,27.24083796,44.56516288,0.004057513,4,4
28,7,2016,7/28/2016,25.544922,0,29.3,42,6.2,0,30,27.03,5.75,0.15,210,-0.447093793,-0.894487082,-0.5,-0.866025404,4.075649206,2.363876539,16.994,14.65603454,38.44,17.7,0,1.7,30.4,28.63333333,26.58571429,43,42,46,49.57142857,6.033333333,7.285714286,6.9,10.7,27.88858657,46.78258144,0.001217254,5,5
29,7,2016,7/29/2016,28.1569,0,31.3,34,1.8,0,4,26.77,5.97,0.145,211,-0.462382973,-0.886680318,-0.5,-0.866025404,4.569894388,3.016130296,20.658,5.429034533,3.24,18.1,0,0.2,28.4,29.3,27.7,42,42,44.66666667,44.71428571,5.8,7.157142857,6.2,10.7,28.3120106,44.39129072,0.000365176,6,6
30,7,2016,7/30/2016,22.391275,0,28,61,7,0.5,42,22.03,4.68,0.146,212,-0.477535886,-0.878612245,-0.5,-0.866025404,3.779930364,1.474172842,10.92,10.31920989,49,20.2,0,0,26.3,30,28.5,34,34,41.66666667,42.71428571,4.666666667,6.385714286,6.2,10.7,29.20840742,39.19564536,0.000109553,7,7
31,7,2016,7/31/2016,22.536459,0,29.5,40,6.3,0.6,28,26.43,5.65,0.149,213,-0.492548068,-0.870285241,-0.5,-0.866025404,4.122885469,2.473731282,17.7,15.58450707,39.69,17.5,0.5,0.5,23.7,29.53333333,28.74285714,34,34,45.66666667,45.42857143,5,6.257142857,7,10.7,28.8458852,50.09782268,0.350032866,0,0
1,8,2016,8/1/2016,31.752604,0,32.8,30,1.5,0,5,26.92,6.14,0.143,214,-0.507415093,-0.86170176,-0.866025404,-0.5,4.973991993,3.481794395,22.96,5.222691593,2.25,18.8,1.1,1.1,17.5,29.6,29.14285714,34,34,45,45,5.033333333,5.628571429,7,7,29.04211964,45.04891134,0.52500986,0,0
2,8,2016,8/2/2016,34.43099,0,34.6,28,6.3,0,15,24.67,5.85,0.138,215,-0.522132581,-0.852864331,-0.866025404,-0.5,5.499558649,3.959682228,24.912,24.94599803,39.69,20.2,1.1,1.1,15.2,30.1,29.92857143,30,30,43.66666667,42.71428571,4.933333333,4.857142857,7,7,30.16948375,37.52445567,0.157502958,1,1
3,8,2016,8/3/2016,25.323568,0,29.8,55,8.5,0,71,17.97,3.86,0.139,216,-0.536696194,-0.84377556,-0.866025404,-0.5,4.194632611,1.887584675,13.41,16.04446974,72.25,20.8,0.6,1.1,14.1,32.3,30.7,28,28,32.66666667,40.57142857,4.7,5.014285714,6.3,7,31.49863862,32.76222783,0.047250887,2,2
4,8,2016,8/4/2016,14.104167,0,28.5,57,7.6,0.9,61,20.07,4.2,0.153,217,-0.55110164,-0.834438124,-0.866025404,-0.5,3.891379531,1.673293198,12.255,12.71702831,57.76,19.9,0,1.1,12.8,32.4,30.75714286,28,28,37.66666667,41.42857143,5.433333333,5.371428571,8.5,8.5,30.98904704,43.88111392,0.014175266,3,3
5,8,2016,8/5/2016,21.417318,0,31.2,41,7.1,1,56,24.77,5.48,0.16,218,-0.565344674,-0.824854775,-0.866025404,-0.5,4.543999587,2.680959756,18.408,19.03481427,50.41,19.4,0.9,2,13.4,30.96666667,30.64285714,28,28,46.66666667,43.57142857,7.466666667,5.571428571,8.5,8.5,30.24233292,50.44055696,0.63425258,0,0
6,8,2016,8/6/2016,27.58138,0,30.4,44,6.9,0.1,56,24.71,5.38,0.153,219,-0.579421098,-0.815028338,-0.866025404,-0.5,4.341390638,2.431178757,17.024,16.77513342,47.61,19.2,1.9,3,11.7,29.83333333,30.62857143,41,28,51,44.57142857,7.733333333,6.328571429,8.5,8.5,30.52963305,45.72027848,0.890275774,0,0
7,8,2016,8/7/2016,24.820963,0,28.2,55,8.2,0.1,51,20.79,4.3,0.153,220,-0.593326764,-0.804961708,-0.866025404,-0.5,3.824172018,1.720877408,12.69,14.11119475,67.24,19.2,2,2.6,11.1,30.03333333,30.97142857,41,28,47.33333333,42.14285714,7.2,6.314285714,7.6,8.5,30.49074313,44.86013924,0.337082732,0,0
8,8,2016,8/8/2016,17.1875,0,29.8,50,7,1.2,36,23.89,5.16,0.157,221,-0.607057574,-0.794657852,-0.866025404,-0.5,4.194632611,2.097316305,14.9,14.68121414,49,19.8,1.2,2.1,6.3,29.93333333,30.78571429,41,28,46.66666667,44.28571429,7.4,6.585714286,8.2,8.5,29.80352019,49.93006962,0.17112482,0,0
9,8,2016,8/9/2016,26.702475,0,32.2,39,3.8,0,40,22.49,5.1,0.151,222,-0.620609482,-0.784119807,-0.866025404,-0.5,4.808777365,2.933354193,19.642,11.14674593,14.44,20,1.4,3.3,7.5,29.46666667,30.35714286,44,28,49.66666667,47.14285714,7.366666667,7.371428571,8.2,8.5,29.80246414,49.96503481,0.891337446,0,0
10,8,2016,8/10/2016,30.513021,0,32.5,41,6.9,0,30,23.52,5.28,0.145,223,-0.633978493,-0.773350678,-0.866025404,-0.5,4.89077893,2.885559569,19.175,19.91036103,47.61,20.7,1.3,3.3,7.5,30.06666667,30.01428571,39,39,48,48.71428571,6.333333333,7.014285714,8.2,8.5,30.52172489,44.4825174,0.267401234,1,1
11,8,2016,8/11/2016,31.386719,0,31.4,41,6.4,0.1,28,25.55,5.61,0.141,224,-0.647160667,-0.762353639,-0.866025404,-0.5,4.595917317,2.711591217,18.526,17.35418379,40.96,19.6,1.2,3.3,7.2,31.5,30.4,39,39,43.33333333,46.71428571,5.9,6.785714286,7,8.2,31.11520743,42.7412587,0.08022037,2,2
12,8,2016,8/12/2016,36.78255,1,33.1,31,6.9,0,13,25.42,5.82,0.136,225,-0.660152121,-0.751131931,-0.866025404,-0.5,5.058431496,3.490317732,22.839,24.08319235,47.61,19.3,0.1,2.5,7.3,32.03333333,30.81428571,39,39,40.33333333,44.42857143,5.7,6.614285714,6.9,8.2,31.2006452,41.87062935,0.094066111,0,0
13,8,2016,8/13/2016,8.761719,0,25,76,7.2,0.2,94,8.03,1.79,0.164,226,-0.672949024,-0.739688861,-0.866025404,-0.5,3.167777718,0.760266652,6,5.473919896,51.84,20.2,0.1,1.5,7.3,32.33333333,31.08571429,31,31,37.66666667,43,6.733333333,6.585714286,6.9,8.2,31.77045164,36.43531468,0.028219833,1,1
14,8,2016,8/14/2016,2.329427,0,21.3,66,8,15.5,69,15.42,3.05,0.32,227,-0.685547606,-0.728027801,-0.866025404,-0.5,2.533204981,0.861289694,7.242,6.890317549,64,14.5,0.3,1.6,7.5,29.83333333,30.31428571,31,31,49.33333333,47.57142857,6.833333333,6.628571429,7.2,8.2,29.73931615,56.21765734,0.14846595,0,0
15,8,2016,8/15/2016,11.134766,0,25.4,37,6.5,0.1,9,26.45,5.16,0.277,228,-0.697944155,-0.716152188,-0.866025404,-0.5,3.244042238,2.04374661,16.002,13.28435297,42.25,12.8,15.7,17,23,26.46666667,29.32857143,31,31,57.66666667,49.14285714,7.366666667,6.6,8,8,27.2075213,61.10882867,10.89453978,0,0
16,8,2016,8/16/2016,16.398438,0,26.1,45,3.8,0,2,25.83,5.05,0.245,229,-0.710135016,-0.704065522,-0.866025404,-0.5,3.381361812,1.859748997,14.355,7.067046187,14.44,15.1,15.8,15.9,23.1,23.9,28.7,37,31,59.66666667,47.28571429,7.233333333,6.528571429,8,8,26.66526491,49.05441433,3.338361935,0,0
17,8,2016,8/17/2016,20.5625,0,26.8,48,7.4,0,37,23.96,4.82,0.224,230,-0.722116597,-0.691771365,-0.866025404,-0.5,3.523719593,1.832334188,13.936,13.55927299,54.76,16.4,15.6,15.9,23.1,24.26666667,27.82857143,37,31,49.33333333,48.14285714,6.1,6.528571429,8,8,26.49568544,47.02720717,1.001508581,1,1
18,8,2016,8/18/2016,23.5944,0,28.7,41,5.1,0,17,25.29,5.22,0.206,231,-0.733885366,-0.679273339,-0.866025404,-0.5,3.936753503,2.322684567,16.933,11.84569129,26.01,16.9,0.1,15.9,23,26.1,27.01428571,37,31,43.33333333,49.14285714,5.9,6.6,7.4,8,26.58697981,47.51360358,0.300452574,2,2
19,8,2016,8/19/2016,24.745443,0,31.3,41,3.6,0,12,24,5.2,0.19,232,-0.745437857,-0.666575128,-0.866025404,-0.5,4.569894388,2.696237689,18.467,9.70645568,12.96,19.5,0,15.8,22.6,27.2,26.62857143,41,31,44.66666667,49.14285714,5.433333333,6.414285714,7.4,8,27.22088586,44.25680179,0.090135772,3,3
20,8,2016,8/20/2016,23.921225,0,30.6,55,9.2,0,55,21.21,4.65,0.178,233,-0.756770663,-0.653680475,-0.866025404,-0.5,4.391291947,1.976081376,13.77,18.17994866,84.64,21.6,0,15.8,22,28.93333333,26.37142857,41,37,43.33333333,50.57142857,5.366666667,5.942857143,7.4,8,28.44462011,42.6284009,0.027040732,4,4
21,8,2016,8/21/2016,21.889975,0,28.5,56,10.2,0,67,20.07,4.3,0.169,234,-0.767880446,-0.640593179,-0.866025404,-0.5,3.891379531,1.712206994,12.54,17.46451134,104.04,19.7,0,15.6,20.5,30.2,27.17142857,41,37,45.66666667,47.57142857,5.966666667,6.228571429,9.2,9.2,29.09123407,48.81420045,0.00811222,5,5
22,8,2016,8/22/2016,23.320312,0,29.4,54,7.6,0,40,21.07,4.5,0.165,235,-0.778763931,-0.627317097,-0.866025404,-0.5,4.099208154,1.885635751,13.524,14.33083171,57.76,20.2,0,0.1,20.3,30.13333333,28.2,41,37,50.66666667,46.14285714,7.666666667,6.542857143,10.2,10.2,28.91386385,52.40710022,0.002433666,6,6
23,8,2016,8/23/2016,21.436197,0,29.9,53,7.7,1.5,28,20.97,4.52,0.163,236,-0.78941791,-0.613856142,-0.866025404,-0.5,4.218788397,1.982830546,14.053,15.26779521,59.29,20.5,0,0,20.3,29.5,28.77142857,54,41,55,48.57142857,9,6.7,10.2,10.2,29.0597047,53.20355011,0.0007301,7,7
24,8,2016,8/24/2016,23.017578,0,29.1,52,8.7,0.4,50,20.63,4.43,0.158,237,-0.799839245,-0.600214281,-0.866025404,-0.5,4.028884423,1.933864523,13.968,16.82462135,75.69,19.5,1.5,1.5,21.8,29.26666667,29.31428571,53,41,54.33333333,49.71428571,8.5,7.257142857,10.2,10.2,29.31179329,53.10177506,1.05021903,0,0
25,8,2016,8/25/2016,14.929036,0,26.6,67,5.9,0.4,92,12.19,2.49,0.198,238,-0.810024863,-0.586395533,-0.866025404,-0.5,3.482522891,1.149232554,8.778,6.78047207,34.81,20,1.9,1.9,22.2,29.46666667,29.64285714,52,41,53,50.28571429,8,7.442857143,8.7,10.2,29.2482553,52.55088753,0.595065709,0,0
26,8,2016,8/26/2016,0.24023438,0,21.9,92,5.4,10,93,10.74,2.07,0.298,239,-0.819971763,-0.572403973,-0.866025404,-0.5,2.627858844,0.210228708,1.752,1.135235021,29.16,20.3,2.3,2.3,22.6,28.53333333,29.34285714,52,41,57.33333333,54,7.433333333,7.557142857,8.7,10.2,28.45377871,59.77544376,0.458519713,0,0
27,8,2016,8/27/2016,0.3515625,0,24,71,5.5,4,77,14.93,2.94,0.299,240,-0.829677014,-0.558243722,-0.866025404,-0.5,2.983917477,0.865336068,6.96,4.759348376,30.25,18.2,10.8,12.3,32.6,25.86666667,28,52,52,70.33333333,61.28571429,6.666666667,7.814285714,8.7,10.2,26.4876451,75.88772188,7.137555914,0,0
28,8,2016,8/28/2016,0.8626302,0,23.3,84,3.6,1.8,76,13.38,2.59,0.29,241,-0.839137755,-0.543918954,-0.866025404,-0.5,2.86082113,0.457731381,3.728,1.647832971,12.96,20.1,14.4,16.3,36.6,24.16666667,27.05714286,67,52,76.66666667,63.57142857,5.6,7.285714286,5.9,10.2,25.74135157,73.44386094,4.941266774,0,0
29,8,2016,8/29/2016,2.9368489,0,27.2,61,2.8,1.6,82,15.82,3.32,0.278,242,-0.848351198,-0.529433891,-0.866025404,-0.5,3.607388303,1.406881438,10.608,3.939268026,7.84,19.4,15.8,18.1,38.4,23.06666667,26.31428571,71,52,82.33333333,67.57142857,4.833333333,6.342857143,5.5,8.7,25.0089461,78.72193047,2.742380032,0,0
30,8,2016,8/30/2016,4.2877603,0,25.2,72,4.3,0.9,87,12.31,2.53,0.274,243,-0.857314628,-0.514792802,-0.866025404,-0.5,3.205712243,0.897599428,7.056,3.85967754,18.49,19.6,7.4,19.7,39.5,24.83333333,26,61,52,72,68.57142857,3.966666667,5.657142857,5.5,8.7,25.66626227,69.86096524,1.94271401,0,0
31,8,2016,8/31/2016,3.6035156,0,24.7,70,8.2,1.4,81,15.11,2.9,0.274,244,-0.866025404,-0.5,-0.866025404,-0.5,3.111609911,0.933482973,7.41,7.654560381,67.24,18.7,4.3,19.1,39.8,25.23333333,25.32857143,61,52,72.33333333,71.28571429,3.566666667,5.171428571,4.3,8.7,25.52638359,70.93048262,1.212814203,0,0
1,9,2016,9/1/2016,2.375,0,22.9,61,7.1,1.9,73,15.29,3.02,0.273,245,-0.874480958,-0.485059846,-1,-1.84E-16,2.792489766,1.089071009,8.931,7.732404163,50.41,15.1,3.9,20.1,41.2,25.7,24.7,61,61,67.66666667,73.85714286,5.1,5.1,8.2,8.2,25.27846851,70.46524131,1.343844261,0,0
2,9,2016,9/2/2016,8.465495,0,25.1,52,3.7,0,42,20.98,4.11,0.256,246,-0.882678798,-0.469976743,-1,-1.84E-16,3.186695762,1.529613966,12.048,5.659571674,13.69,15.5,4.2,21.6,43.1,24.26666667,24.17142857,61,61,67.66666667,73,6.533333333,5.271428571,8.2,8.2,24.56492796,65.73262065,1.733153278,0,0
3,9,2016,9/3/2016,13.568359,0,23.6,46,6.5,0,43,19.79,3.85,0.237,247,-0.890616509,-0.454755136,-1,-1.84E-16,2.913023,1.57303242,12.744,10.22471073,42.25,12.8,3.3,11.6,43.1,24.23333333,24.62857143,52,52,61,67.28571429,6.333333333,5.028571429,8.2,8.2,24.72544957,58.86631033,0.519945983,1,1
4,9,2016,9/4/2016,13.98112,0,23.9,52,6,0,48,18.05,3.54,0.224,248,-0.898291752,-0.43939951,-1,-1.84E-16,2.966054202,1.423706017,11.472,8.542236101,36,14.3,1.9,7.6,42.2,23.86666667,24.57142857,46,46,53,63.71428571,5.766666667,5.171428571,7.1,8.2,24.3878147,52.43315516,0.155983795,2,2
5,9,2016,9/5/2016,16.975912,0,27.3,41,5.4,0,18,19.85,4.04,0.212,249,-0.905702263,-0.423914391,-1,-1.84E-16,3.628573846,2.140858569,16.107,11.56063627,29.16,15.5,0,5.8,41.2,24.2,24.65714286,46,46,50,59.14285714,5.4,5.514285714,6.5,8.2,24.24147029,52.21657758,0.046795139,3,3
6,9,2016,9/6/2016,18.128256,0,29,39,3.3,0,28,19.13,4.08,0.2,250,-0.91284586,-0.408304342,-1,-1.84E-16,4.0056776,2.443463336,17.69,8.063429009,10.89,16.8,0,4.2,41.1,24.93333333,24.67142857,41,41,46.33333333,56.28571429,5.966666667,5.885714286,6.5,8.2,25.1590292,46.60828879,0.014038542,4,4
7,9,2016,9/7/2016,20.125,0,29.2,43,4.3,0.1,58,20.71,4.38,0.19,251,-0.919720437,-0.392573965,-1,-1.84E-16,4.052208127,2.309758633,16.644,9.93196212,18.49,17.8,0,3.3,41,26.73333333,25.21428571,39,39,44,51.57142857,4.9,5.742857143,6,8.2,26.31132044,42.8041444,0.004211562,5,5
8,9,2016,9/8/2016,22.067057,0,29.1,33,2,0,1,21.96,4.73,0.179,252,-0.926323968,-0.376727894,-1,-1.84E-16,4.028884423,2.699352564,19.497,5.398705127,4,15.7,0.1,2,39.9,28.5,25.85714286,39,39,41,47.71428571,4.333333333,5.185714286,5.4,7.1,27.17792431,42.9020722,0.071263469,0,0
9,9,2016,9/9/2016,23.06901,0,28.3,46,6.6,0,28,21.15,4.4,0.17,253,-0.932654508,-0.360770799,-1,-1.84E-16,3.846461372,2.077089141,15.282,13.70878833,43.56,17.5,0.1,0.1,39.9,29.1,26.74285714,33,33,38.33333333,43.71428571,3.2,4.457142857,4.3,6.5,27.75454702,37.9510361,0.021379041,1,1
10,9,2016,9/10/2016,22.184896,0,28.8,44,0.5,0,29,20.81,4.46,0.162,254,-0.938710189,-0.344707384,-1,-1.84E-16,3.95961263,2.217383073,16.128,1.108691536,0.25,17.6,0.1,0.1,39.9,28.86666667,27.2,33,33,40.66666667,42.85714286,4.3,4.871428571,6.6,6.6,27.91818291,41.97551805,0.006413712,2,2
11,9,2016,9/11/2016,24.630209,0,28.8,43,6.1,0,12,20.53,4.34,0.156,255,-0.944489229,-0.328542382,-1,-1.84E-16,3.95961263,2.256979199,16.416,13.76757311,37.21,17.4,0,0.1,39.8,28.73333333,27.94285714,33,33,41,42.57142857,3.033333333,4.014285714,6.6,6.6,28.18272804,42.98775902,0.001924114,3,3
12,9,2016,9/12/2016,23.217447,0,27,55,5,0,49,18.89,3.92,0.151,256,-0.949989923,-0.312280557,-1,-1.84E-16,3.565340176,1.604403079,12.15,8.022015396,25,18,0,0.1,39.8,28.63333333,28.64285714,43,33,44.33333333,41.28571429,4.4,4.028571429,6.6,6.6,28.36790963,42.99387951,0.000577234,4,4
13,9,2016,9/13/2016,20.486328,0,23.4,67,4.7,0.1,68,13.85,2.87,0.149,257,-0.955210651,-0.295926701,-1,-1.84E-16,2.878130285,0.949782994,7.722,4.463980072,22.09,16.8,0,0.1,39.6,28.2,28.6,43,33,47.33333333,43.28571429,3.866666667,3.971428571,6.1,6.6,27.95753674,48.99693976,0.00017317,5,5
14,9,2016,9/14/2016,21.682943,0,24.5,52,4.7,0,61,17.77,3.53,0.147,258,-0.960149874,-0.279485635,-1,-1.84E-16,3.074649051,1.475831544,11.76,6.936408259,22.09,14.9,0.1,0.2,24.2,26.4,27.8,43,33,55,47.28571429,5.266666667,4.171428571,6.1,6.6,26.59027572,57.99846988,0.070051951,0,0
15,9,2016,9/15/2016,25.184896,0,24.2,49,8.3,0.2,44,17.68,3.54,0.146,259,-0.964806136,-0.262962203,-1,-1.84E-16,3.019925818,1.540162167,12.342,12.78334599,68.89,14,0.1,0.1,24.1,24.96666667,27.12857143,52,33,58,48.57142857,4.8,4.228571429,5,6.6,25.963193,54.99923494,0.021015585,1,1
16,9,2016,9/16/2016,19.057943,0,22.6,43,5.5,0.4,13,18.51,3.55,0.145,260,-0.969178065,-0.246361274,-1,-1.84E-16,2.742180549,1.563042913,12.882,8.596736022,30.25,11.2,0.3,0.3,24.3,24.03333333,26.42857143,49,43,56,50.85714286,5.9,5.128571429,8.3,8.3,25.4342351,51.99961747,0.146304676,0,0
17,9,2016,9/17/2016,23.578125,0,24.1,40,6.4,0,7,20.1,3.87,0.142,261,-0.973264374,-0.229687742,-1,-1.84E-16,3.001874544,1.801124727,14.46,11.52719825,40.96,12.1,0.6,0.7,24.7,23.76666667,25.61428571,43,43,48,50.42857143,6.166666667,4.971428571,8.3,8.3,24.58396457,47.49980873,0.323891403,0,0
18,9,2016,9/18/2016,27.22461,0,27.6,26,2.3,0,4,19.82,4.07,0.139,262,-0.977063856,-0.21294652,-1,-1.84E-16,3.69278196,2.732658651,20.424,6.285114896,5.29,12.8,0.6,0.7,24.7,23.63333333,24.94285714,40,40,44,49.85714286,6.733333333,5.814285714,8.3,8.3,24.4387752,43.74990437,0.097167421,1,1
19,9,2016,9/19/2016,33.179688,0,30.6,30,6,0,18,18.24,4.14,0.136,263,-0.980575394,-0.196142541,-1,-1.84E-16,4.391291947,3.073904363,21.42,18.44342618,36,16.6,0.4,0.7,24.7,24.76666667,24.77142857,26,26,36.33333333,47.42857143,4.733333333,5.271428571,6.4,8.3,25.38714264,34.87495218,0.029150226,2,2
20,9,2016,9/20/2016,33.851562,0,27.5,40,12.5,0.2,72,12.15,2.71,0.173,264,-0.983797952,-0.179280759,-1,-1.84E-16,3.671270209,2.202762126,16.5,27.53452657,156.25,15.5,0,0.7,24.7,27.43333333,25.28571429,26,26,32,43.85714286,4.9,5.414285714,6.4,8.3,26.95099985,32.43747609,0.008745068,3,3
21,9,2016,9/21/2016,0.007812501,0,17.9,87,7.3,26.5,98,5.24,1.03,0.353,265,-0.986730579,-0.162366141,-1,-1.84E-16,2.051047219,0.266636138,2.327,1.946443811,53.29,15.3,0.2,0.8,24.9,28.56666667,25.87142857,26,26,32,40,6.933333333,6.528571429,12.5,12.5,27.11569989,36.21873805,0.14262352,0,0
22,9,2016,9/22/2016,0.118489586,0,17,77,4.5,7.3,99,8.51,1.6,0.342,266,-0.989372413,-0.145403674,-1,-1.84E-16,1.937729352,0.445677751,3.91,2.005549879,20.25,12.4,26.7,27.3,51.4,25.33333333,24.92857143,30,26,52.33333333,45,8.6,6.9,12.5,12.5,24.35098993,61.60936902,18.59278706,0,0
23,9,2016,9/23/2016,0.00716146,0,14.8,86,8.6,9,67,11.99,1.73,0.368,267,-0.991722674,-0.128398355,-1,-1.84E-16,1.683511528,0.235691614,2.072,2.02694788,73.96,12,34,34.4,57.2,20.8,23.9,40,26,68,49,8.1,6.357142857,12.5,12.5,22.14569295,69.30468451,10.68783612,0,0
24,9,2016,9/24/2016,0.08919271,0,15.6,64,7,3,58,11.96,2.02,0.337,268,-0.99378067,-0.111355197,-1,-1.84E-16,1.772347472,0.63804509,5.616,4.466315629,49,8.4,42.8,43,65.8,16.56666667,22.78571429,77,26,83.33333333,55.14285714,6.8,6.8,8.6,12.5,19.94198506,77.65234226,9.506350835,0,0
25,9,2016,9/25/2016,0.5514323,0,17.4,53,3.5,0,52,16.07,2.69,0.313,269,-0.995545794,-0.094279222,-1,-1.84E-16,1.987397189,0.934076679,8.178,3.269268376,12.25,8,19.3,46,68.4,15.8,21.57142857,64,26,75.66666667,58.57142857,6.7,6.885714286,8.6,12.5,18.63938954,70.82617113,4.951905251,0,0
26,9,2016,9/26/2016,2.0598958,0,18.8,53,3.8,0,49,15.77,2.69,0.296,270,-0.997017526,-0.077175462,-1,-1.84E-16,2.170124842,1.019958676,8.836,3.875842967,14.44,9.4,12,46,58.4,15.93333333,20.11428571,53,30,67.66666667,62.42857143,6.366666667,7.057142857,8.6,12.5,18.26757268,61.91308556,1.485571575,1,1
27,9,2016,9/27/2016,4.701172,0,19.4,58,3.7,0,60,15.37,2.64,0.287,271,-0.998195433,-0.060048959,-1,-1.84E-16,2.252831002,0.946189021,8.148,3.500899377,13.69,11,3,46,54.4,17.26666667,18.42857143,53,40,56.66666667,65.71428571,4.766666667,6.742857143,7,12.5,18.42730088,57.45654278,0.445671473,2,2
28,9,2016,9/28/2016,1.2792969,0,16.1,75,7.5,0.7,74,8.47,1.49,0.29,272,-0.999079167,-0.042904758,-1,-1.84E-16,1.829933244,0.457483311,4.025,3.431124833,56.25,11.1,0,45.8,52.6,18.53333333,17.27142857,53,53,54.66666667,68.28571429,3.666666667,5.485714286,3.8,8.6,18.71911061,57.72827139,0.133701442,3,3
29,9,2016,9/29/2016,1.2753906,0,16.6,67,5.2,0.8,62,13.36,2.25,0.29,273,-0.999668468,-0.025747914,-1,-1.84E-16,1.889152128,0.623420202,5.478,3.241785051,27.04,10,0.7,20,51.7,18.1,17.01428571,53,53,62,66.57142857,5,5.514285714,7.5,8.6,17.93337743,66.3641357,0.530110433,0,0
30,9,2016,9/30/2016,3.1054688,0,20.1,53,3.4,0,7,16.51,2.85,0.279,274,-0.999963161,-0.008583481,-1,-1.84E-16,2.352795129,1.105813711,9.447,3.759766616,11.56,10.7,1.5,13.5,51.6,17.36666667,16.95714286,58,53,66.66666667,65.14285714,5.466666667,5.614285714,7.5,8.6,17.5333642,66.68206785,0.71903313,0,0
1,10,2016,10/1/2016,6.4479165,0,23.9,45,3.1,0,0,17.6,3.27,0.268,275,-0.999963161,0.008583481,-0.866025404,0.5,2.966054202,1.631329811,13.145,5.057122414,9.61,12.9,1.5,4.5,50.2,17.6,17.71428571,53,53,65,60.42857143,5.366666667,4.871428571,7.5,7.5,18.30335494,59.84103392,0.215709939,1,1
2,10,2016,10/2/2016,8.033203,0,24.6,49,3.7,0,8,16.82,3.14,0.258,276,-0.999668468,0.025747914,-0.866025404,0.5,3.09308133,1.577471478,12.546,5.836644469,13.69,14.4,0.8,1.5,48.3,20.2,18.9,45,45,55,57.71428571,3.9,4.314285714,5.2,7.5,19.98234846,52.42051696,0.064712982,2,2
3,10,2016,10/3/2016,8.938151,0,25.4,51,2.6,0,51,16.75,3.19,0.248,277,-0.999079167,0.042904758,-0.866025404,0.5,3.244042238,1.589580697,12.446,4.132909811,6.76,15.6,0,1.5,48.3,22.86666667,19.92857143,45,45,49,57.14285714,3.4,4.342857143,3.7,7.5,21.36764392,50.71025848,0.019413895,3,3
4,10,2016,10/4/2016,9.447266,0,22.8,56,5.6,0,44,15.24,2.82,0.24,278,-0.998195433,0.060048959,-0.866025404,0.5,2.775631234,1.221277743,10.032,6.839155359,31.36,14,0,1.5,48.3,24.63333333,20.87142857,45,45,48.33333333,56.85714286,3.133333333,4.171428571,3.7,7.5,22.57735074,50.85512924,0.005824168,4,4
5,10,2016,10/5/2016,7.673828,0,19.7,76,6.1,0,91,7.82,1.49,0.238,279,-0.997017526,0.077175462,-0.866025404,0.5,2.295208371,0.550850009,4.728,3.360185055,37.21,14.9,0,1.5,48.3,24.26666667,21.35714286,49,45,52,56.57142857,3.966666667,4.442857143,5.6,7.5,22.64414552,53.42756462,0.001747251,5,5
6,10,2016,10/6/2016,2.2291667,0,18.1,81,4.3,1.4,84,6.49,1.29,0.258,280,-0.995545794,0.094279222,-0.866025404,0.5,2.077002619,0.394630498,3.439,1.69691114,18.49,14.3,0,0.8,48.3,22.63333333,21.87142857,51,45,61,56.71428571,4.766666667,4.242857143,6.1,6.1,21.76090186,64.71378231,0.000524175,6,6
7,10,2016,10/7/2016,3.4746094,0,21.7,66,3.2,0,58,11.79,2.17,0.256,281,-0.99378067,0.111355197,-0.866025404,0.5,2.595969994,0.882629798,7.378,2.824415354,10.24,14.9,1.4,1.4,49.7,20.2,22.08571429,56,45,71,58.71428571,5.333333333,4.114285714,6.1,6.1,20.66263131,72.85689116,0.980157253,0,0
8,10,2016,10/8/2016,11.047526,0,24.3,42,7.7,0.2,57,11.37,2.34,0.254,282,-0.991722674,0.128398355,-0.866025404,0.5,3.038071715,1.762081595,14.094,13.56802828,59.29,12.7,1.4,1.4,49.6,19.83333333,22.31428571,66,45,74.33333333,60.57142857,4.533333333,4.085714286,6.1,6.1,20.97384191,69.42844558,0.294047176,1,1
9,10,2016,10/9/2016,0.8300781,0,17.1,72,3.2,2,87,7.51,1.44,0.274,283,-0.989372413,0.145403674,-0.866025404,0.5,1.950043263,0.546012114,4.788,1.747238764,10.24,11.5,1.6,1.6,49.8,21.36666667,22.37142857,42,42,63,60.14285714,5.066666667,4.742857143,7.7,7.7,21.97168934,55.71422279,0.228214153,0,0
10,10,2016,10/10/2016,2.2441406,0,20,56,0.5,0,81,13.76,2.43,0.266,284,-0.986730579,0.162366141,-0.866025404,0.5,2.338281271,1.028843759,8.8,0.51442188,0.25,11.2,2.2,3.6,51.8,21.03333333,21.3,42,42,60,63.42857143,4.7,4.671428571,7.7,7.7,20.51018254,63.85711139,1.468464246,0,0
11,10,2016,10/11/2016,5.1523438,0,21.9,57,4.8,0,74,14.11,2.57,0.256,285,-0.983797952,0.179280759,-0.866025404,0.5,2.627858844,1.129979303,9.417,5.423900655,23.04,13.3,2.2,3.6,51.8,20.46666667,20.52857143,42,42,56.66666667,64.14285714,3.8,4.371428571,7.7,7.7,20.35712778,59.9285557,0.440539274,1,1
12,10,2016,10/12/2016,9.335286,0,25.1,48,5.3,0.1,79,11.29,2.39,0.248,286,-0.980575394,0.196142541,-0.866025404,0.5,3.186695762,1.657081796,13.052,8.782533521,28.09,14.7,2,3.6,51.8,19.66666667,20.4,56,42,61.66666667,64.28571429,2.833333333,4.257142857,4.8,7.7,20.81998944,58.46427785,0.132161782,2,2
13,10,2016,10/13/2016,0.7128906,0,17.2,93,6.1,1.6,85,3.23,0.65,0.261,287,-0.977063856,0.21294652,-0.866025404,0.5,1.962425658,0.137369796,1.204,0.837955756,37.21,15.8,0.1,3.7,51.9,22.33333333,21.17142857,48,42,53.66666667,60.28571429,3.533333333,4.142857143,5.3,7.7,22.10399261,53.23213892,0.109648535,0,0
14,10,2016,10/14/2016,0.86002606,0,14.2,76,9.7,0.9,82,7.55,1.29,0.272,288,-0.973264374,0.229687742,-0.866025404,0.5,1.61947137,0.388673129,3.408,3.77012935,94.09,9.4,1.7,3.9,53.4,21.4,21.04285714,48,42,66,62,5.4,4.4,6.1,7.7,20.63279483,73.11606946,1.15289456,0,0
15,10,2016,10/15/2016,0.77473956,0,13.5,70,1.9,0.1,67,6.96,1.2,0.274,289,-0.969178065,0.246361274,-0.866025404,0.5,1.547467243,0.464240173,4.05,0.882056328,3.61,7.5,2.6,4.8,54.3,18.83333333,19.97142857,48,42,72.33333333,63.42857143,7.033333333,5.328571429,9.7,9.7,18.70295638,74.55803473,0.975868368,0,0
16,10,2016,10/16/2016,2.3235676,0,19.3,44,1.8,0,25,14.59,2.49,0.265,290,-0.964806136,0.262962203,-0.866025404,0.5,2.238858125,1.25376055,10.808,2.25676899,3.24,8.1,2.6,4.7,54.2,14.96666667,18.42857143,70,48,79.66666667,67.42857143,5.9,4.5,9.7,9.7,17.14206947,72.27901737,0.36276051,0,0
17,10,2016,10/17/2016,1.5110677,0,12.7,86,9.7,2.3,94,2.58,0.64,0.278,291,-0.960149874,0.279485635,-0.866025404,0.5,1.468630442,0.205608262,1.778,1.99440014,94.09,9.9,1,2.7,53.8,15.66666667,18.74285714,44,44,63.33333333,63.42857143,4.466666667,4.3,9.7,9.7,17.78944863,58.13950868,0.108828153,1,1
18,10,2016,10/18/2016,2.4869792,0,11.2,57,6.2,0,64,10.42,1.57,0.278,292,-0.955210651,0.295926701,-0.866025404,0.5,1.330268088,0.572015278,4.816,3.546494722,38.44,2.6,2.4,5,56.1,15.16666667,17.7,44,44,66.66666667,67.71428571,4.466666667,5.614285714,9.7,9.7,16.26261404,72.06975434,1.642648446,0,0
19,10,2016,10/19/2016,3.5410156,0,14.4,46,2.9,0,44,12.33,1.92,0.268,293,-0.949989923,0.312280557,-0.866025404,0.5,1.640576439,0.885911277,7.776,2.569142704,8.41,3.6,2.3,5,56.1,14.4,16.17142857,44,44,62.33333333,67.71428571,5.9,5.814285714,9.7,9.7,14.74382983,64.53487717,0.492794534,1,1
20,10,2016,10/20/2016,5.4010415,0,15.3,60,3.9,0,19,12.13,1.9,0.259,294,-0.944489229,0.328542382,-0.866025404,0.5,1.738563895,0.695425558,6.12,2.712159677,15.21,7.3,2.3,4.9,56.1,12.76666667,14.64285714,46,44,63,67.42857143,6.266666667,5.471428571,9.7,9.7,14.64068088,55.26743859,0.14783836,2,2
21,10,2016,10/21/2016,6.8652344,0,18.6,46,1.8,0,27,14,2.28,0.251,295,-0.938710189,0.344707384,-0.866025404,0.5,2.143152914,1.157302574,10.044,2.083144633,3.24,7.8,0,3.3,55.9,13.63333333,14.37142857,46,44,54.33333333,62.71428571,4.333333333,5.157142857,6.2,9.7,14.83847662,57.63371929,0.044351508,3,3
22,10,2016,10/22/2016,8.220052,0,20.7,41,0.8,0,55,13.51,2.33,0.244,296,-0.932654508,0.360770799,-0.866025404,0.5,2.441543871,1.440510884,12.213,1.152408707,0.64,8.9,0,2.4,29.4,16.1,15,46,44,50.66666667,58.42857143,2.866666667,4.028571429,3.9,9.7,15.96693363,51.81685965,0.013305452,4,4
23,10,2016,10/23/2016,5.421875,0,15.9,75,3.3,0.3,95,4.86,0.89,0.243,297,-0.926323968,0.376727894,-0.866025404,0.5,1.806705129,0.451676282,3.975,1.490531731,10.89,10.9,0,2.3,22.1,18.2,16.02857143,41,41,49,54.28571429,2.166666667,3.871428571,3.9,9.7,17.38685354,46.40842982,0.003991636,5,5
24,10,2016,10/24/2016,2.0416667,0,15.5,93,4.8,2.2,96,7.42,1.15,0.255,298,-0.919720437,0.392573965,-0.866025404,0.5,1.761022898,0.123271603,1.085,0.591703694,23.04,14.1,0.3,2.6,13.4,18.4,15.54285714,41,41,54,58.71428571,1.966666667,4.085714286,3.3,9.7,16.94079748,60.70421491,0.211197491,0,0
25,10,2016,10/25/2016,2.2805989,0,13.1,74,4.2,0.8,93,5.21,0.94,0.263,299,-0.91284586,0.408304342,-0.866025404,0.5,1.507596545,0.391975102,3.406,1.646295427,17.64,7.9,2.5,2.5,12.6,17.36666667,15.94285714,41,41,69.66666667,59.71428571,2.966666667,3.385714286,4.8,6.2,16.50855824,76.85210746,1.603359247,0,0
26,10,2016,10/26/2016,2.7610676,0,13.4,61,1.3,0,65,11.71,1.78,0.261,300,-0.905702263,0.423914391,-0.866025404,0.5,1.537413793,0.599591379,5.226,0.779468793,1.69,5.6,3.3,3.3,13.4,14.83333333,16.21428571,74,41,80.66666667,62.14285714,4.1,3.1,4.8,4.8,15.48599076,75.42605373,1.041007774,0,0
27,10,2016,10/27/2016,1.5071615,0,12.6,76,3.9,0.2,96,3.45,0.67,0.258,301,-0.898291752,0.43939951,-0.866025404,0.5,1.459028199,0.350166768,3.024,1.365650394,15.21,7.8,3,3.3,13.4,14,16.07142857,61,41,76,64.28571429,3.433333333,2.871428571,4.8,4.8,14.86019354,68.21302686,0.312302332,1,1
28,10,2016,10/28/2016,2.0351562,0,13.4,74,3.3,0.5,95,5.76,1.03,0.26,302,-0.890616509,0.454755136,-0.866025404,0.5,1.537413793,0.399727586,3.484,1.319101035,10.89,8.2,1,3.5,13.6,13.03333333,15.68571429,61,41,70.33333333,66.57142857,3.133333333,2.871428571,4.2,4.8,14.18213547,72.10651343,0.2336907,0,0
29,10,2016,10/29/2016,2.5436199,0,13.4,81,5.6,0.1,97,4.36,0.8,0.261,303,-0.882678798,0.469976743,-0.866025404,0.5,1.537413793,0.292108621,2.546,1.635808276,31.36,9.6,0.7,4,13.4,13.13333333,14.94285714,61,41,70.33333333,70.57142857,2.833333333,3.085714286,3.9,4.8,13.94749483,73.05325672,0.42010721,0,0
30,10,2016,10/30/2016,0.58723956,0,10.5,86,9.8,2.8,97,3.79,0.62,0.297,304,-0.874480958,0.485059846,-0.866025404,0.5,1.269716891,0.177760365,1.47,1.742051575,96.04,7.7,0.8,4.1,12.7,13.13333333,13.9,74,61,77,76.28571429,4.266666667,3.771428571,5.6,5.6,13.78324638,77.02662836,0.196032163,0,0
31,10,2016,10/31/2016,0.000651044,0,6.7,96,7.6,9.2,89,5.11,0.64,0.355,305,-0.866025404,0.5,-0.866025404,0.5,0.981406539,0.039256262,0.268,0.298347588,57.76,5.9,3.4,6.6,15.5,12.43333333,13.12857143,74,61,80.33333333,77.85714286,6.233333333,4.7,9.8,9.8,12.79827247,81.51331418,2.018809649,0,0
1,5,2017,5/1/2017,6.8352866,0,23.1,51,2.3,0,62,20.54,3.79,0.315,121,0.874480958,-0.485059846,0.5,-0.866025404,2.826475201,1.384972849,11.319,3.185437552,5.29,13.3,12.1,13.6,24.7,10.2,11.87142857,81,61,87.66666667,78.28571429,7.666666667,5.1,9.8,9.8,10.96879073,88.75665709,7.045642895,0,0
2,5,2017,5/2/2017,6.0416665,0,22.7,55,5.9,1.2,83,20.83,3.79,0.315,122,0.866025404,-0.5,0.5,-0.866025404,2.758861627,1.241487732,10.215,7.324777619,34.81,13.7,12,12.8,24.7,13.43333333,13.3,51,51,77.66666667,75,6.566666667,4.828571429,9.8,9.8,14.60815351,69.87832854,2.113692868,1,1
3,5,2017,5/3/2017,5.3365884,0,22.5,38,1.8,0,57,24.72,4.43,0.309,123,0.857314628,-0.514792802,0.5,-0.866025404,2.725587607,1.689864316,13.95,3.041755769,3.24,10.1,10.4,14,25.9,17.5,14.62857143,51,51,67.33333333,74.14285714,5.266666667,5.485714286,7.6,9.8,17.03570746,62.43916427,1.474107861,0,0
4,5,2017,5/4/2017,7.7102866,0,22.7,47,3.1,0,29,26.31,4.8,0.297,124,0.848351198,-0.529433891,0.5,-0.866025404,2.758861627,1.462196662,12.031,4.532809653,9.61,12.1,1.2,13.8,25.9,22.76666667,16.04285714,38,38,48,68.71428571,3.333333333,5.185714286,5.9,9.8,18.67499522,50.21958214,0.442232358,1,1
5,5,2017,5/5/2017,8.917317,0,24.4,42,3.1,0,20,25.19,4.61,0.295,125,0.839137755,-0.543918954,0.5,-0.866025404,3.056312653,1.772661339,14.152,5.49525015,9.61,12.8,1.2,13.3,25.9,22.63333333,17.37142857,38,38,46.66666667,64.85714286,3.6,5.157142857,5.9,9.8,19.88249665,48.60979107,0.132669707,2,2
6,5,2017,5/6/2017,4.5273438,0,22.4,47,4.1,0.9,81,16.57,3,0.318,126,0.829677014,-0.558243722,0.5,-0.866025404,2.709082405,1.435813675,11.872,5.886836067,16.81,11.8,0,13.2,24.5,23.2,18.94285714,38,38,42.33333333,59.28571429,2.666666667,4.8,3.1,9.8,21.23774766,45.30489553,0.039800912,3,3
7,5,2017,5/7/2017,0.13932292,0,16.3,63,7.9,13.9,60,19.68,3.16,0.369,127,0.819971763,-0.572403973,0.5,-0.866025404,1.853422649,0.68576638,6.031,5.417554404,62.41,8.9,0.9,11.3,25.4,23.16666667,20.64285714,42,38,45.33333333,53.71428571,3.433333333,3.985714286,4.1,7.6,21.58642336,46.15244777,0.641940274,0,0
8,5,2017,5/8/2017,0.97591144,0,21.2,59,3.2,2,64,20.38,3.57,0.375,128,0.810024863,-0.586395533,0.5,-0.866025404,2.517722492,1.032266222,8.692,3.30325191,10.24,13,14.8,16,39.1,21.03333333,22.01428571,42,38,50.66666667,49,5.033333333,4.028571429,7.9,7.9,20.00049635,54.57622388,9.922582082,0,0
9,5,2017,5/9/2017,0.41601562,0,22.9,60,4,10.1,73,18.98,3.38,0.382,129,0.799839245,-0.600214281,0.5,-0.866025404,2.792489766,1.116995906,9.16,4.467983626,16,14.9,16.8,18,39.1,19.96666667,21.74285714,47,38,56.33333333,50.14285714,5.066666667,4.157142857,7.9,7.9,20.36034745,56.78811194,4.376774625,0,0
10,5,2017,5/10/2017,0.008463543,0,18,71,10.4,19.7,69,16.82,2.55,0.402,130,0.78941791,-0.613856142,0.5,-0.866025404,2.063989203,0.598556869,5.22,6.224991435,108.16,12.2,26,26.9,49.2,20.13333333,21.77142857,59,38,60.66666667,50.85714286,5.033333333,3.885714286,7.9,7.9,21.12224321,58.39405597,8.383032387,0,0
11,5,2017,5/11/2017,0.13867188,0,16.9,58,3.1,0.6,56,22.27,3.69,0.376,131,0.778763931,-0.627317097,0.5,-0.866025404,1.925483602,0.808703113,7.098,2.50697965,9.61,8.5,31.8,46.6,68.9,20.7,21.12857143,59,42,63.33333333,55.57142857,5.866666667,5.114285714,10.4,10.4,20.18557025,64.69702799,16.30490972,0,0
12,5,2017,5/12/2017,0.99609375,0,21.9,49,5.4,0,49,26.13,4.64,0.356,132,0.767880446,-0.640593179,0.5,-0.866025404,2.627858844,1.340208011,11.169,7.237123257,29.16,11.7,30.4,47.2,69.4,19.26666667,20.3,58,42,63,57.14285714,5.833333333,5.114285714,10.4,10.4,19.19989917,61.34851399,5.311472915,0,0
13,5,2017,5/13/2017,5.9934897,0,26.8,49,5.7,0,21,26.61,5.11,0.341,133,0.756770663,-0.653680475,0.5,-0.866025404,3.523719593,1.797096992,13.668,10.24345286,32.49,16.6,20.3,47.2,67.8,18.93333333,19.94285714,49,47,59.33333333,58.14285714,6.3,5.442857143,10.4,10.4,20.00992942,55.174257,1.593441874,1,1
14,5,2017,5/14/2017,6.823568,0,22.4,57,11.7,0.2,39,21.88,3.83,0.326,134,0.745437857,-0.666575128,0.5,-0.866025404,2.709082405,1.164905434,9.632,13.62939358,136.89,13.8,0.6,46.3,66.9,21.86666667,20.57142857,49,49,52,58.42857143,4.733333333,5.671428571,5.7,10.4,22.0469506,52.0871285,0.478032562,2,2
15,5,2017,5/15/2017,0.064453125,0,14.1,86,8.3,2.5,97,7.53,1.32,0.346,135,0.733885366,-0.679273339,0.5,-0.866025404,1.609008439,0.225261181,1.974,1.869667806,68.89,11.3,0.2,32.6,67,23.7,21.44285714,49,49,51.66666667,57.57142857,7.6,6.214285714,11.7,11.7,22.15286542,54.54356425,0.283409769,0,0
16,5,2017,5/16/2017,0.008463543,0,18.6,57,4.3,1.8,74,18.47,3.18,0.36,136,0.722116597,-0.691771365,0.5,-0.866025404,2.143152914,0.921555753,7.998,3.962689739,18.49,10,2.7,33.1,69.5,21.1,20.42857143,49,49,64,61.42857143,8.566666667,6.942857143,11.7,11.7,19.73700579,70.27178212,1.835022931,0,0
17,5,2017,5/17/2017,0.45247397,0,19.4,54,5.3,0,88,23.31,4.1,0.345,137,0.710135016,-0.704065522,0.5,-0.866025404,2.252831002,1.036302261,8.924,5.492401983,28.09,10.2,4.5,24.8,69,18.36666667,19.81428571,57,49,66.66666667,61,8.1,6.985714286,11.7,11.7,19.39590405,63.63589106,1.810506879,0,0
18,5,2017,5/18/2017,1.5761719,0,20.7,53,1.9,0,67,20.62,3.62,0.333,138,0.697944155,-0.716152188,0.5,-0.866025404,2.441543871,1.14752562,9.729,2.180298677,3.61,11.3,4.3,5.1,69,17.36666667,20.01428571,54,49,65.66666667,58.57142857,5.966666667,6.257142857,8.3,11.7,19.39713284,58.81794553,0.543152064,1,1
19,5,2017,5/19/2017,2.1067708,0,16.6,60,10.6,0.8,97,9.6,1.8,0.345,139,0.685547606,-0.728027801,0.5,-0.866025404,1.889152128,0.755660851,6.64,8.010005021,112.36,8.6,1.8,4.5,69,19.56666667,20.55714286,53,49,54.66666667,57.85714286,3.833333333,6.085714286,5.3,11.7,19.78799299,55.90897277,0.162945619,2,2
20,5,2017,5/20/2017,1.8424479,0,17.2,43,5.1,1.3,52,25.38,4.13,0.355,140,0.672949024,-0.739688861,0.5,-0.866025404,1.962425658,1.118582625,9.804,5.704771387,26.01,5.8,0.8,5.3,69.8,18.9,19.8,53,49,55.66666667,59.42857143,5.933333333,6.828571429,10.6,11.7,18.83159509,57.95448638,0.608883686,0,0
21,5,2017,5/21/2017,0.045572918,0,11.3,86,5.4,5.7,87,5.43,1.01,0.382,141,0.660152121,-0.751131931,0.5,-0.866025404,1.339122159,0.187477102,1.582,1.012376353,29.16,8.5,2.1,6.6,71.1,18.16666667,18.42857143,43,43,52,58.57142857,5.866666667,6.742857143,10.6,11.7,18.34211656,50.47724319,1.092665106,0,0
22,5,2017,5/22/2017,0.033203125,0,15.7,54,9.3,8.7,61,19.9,2.96,0.387,142,0.647160667,-0.762353639,0.5,-0.866025404,1.783735831,0.820518482,7.222,7.630821886,86.49,6.5,7.8,12.1,76.8,15.03333333,16.84285714,43,43,63,62.71428571,7.033333333,5.842857143,10.6,10.6,16.22948159,68.2386216,4.317799532,0,0
23,5,2017,5/23/2017,0.049479168,0,16.3,62,6.2,3.1,67,19.29,2.95,0.385,143,0.633978493,-0.773350678,0.5,-0.866025404,1.853422649,0.704300607,6.194,4.366663762,38.44,8.7,15.7,18.3,85.2,14.73333333,17.07142857,43,43,61,58.14285714,6.6,5.985714286,9.3,10.6,16.07063712,61.1193108,7.38533986,0,0
24,5,2017,5/24/2017,0.27799478,0,17.2,55,3.6,0.5,37,27.89,4.51,0.363,144,0.620609482,-0.784119807,0.5,-0.866025404,1.962425658,0.883091546,7.74,3.179129565,12.96,8.2,17.5,19.6,86.1,14.43333333,16.74285714,54,43,67.33333333,58.85714286,6.966666667,6.257142857,9.3,10.6,16.13944598,61.5596554,4.385601958,0,0
25,5,2017,5/25/2017,1.1549479,0,21.9,50,2,0,19,26.64,4.7,0.346,145,0.607057574,-0.794657852,0.5,-0.866025404,2.627858844,1.313929422,10.95,2.627858844,4,11.9,12.3,20.1,85.8,16.4,16.42857143,54,43,57,59,6.366666667,6.014285714,9.3,10.6,16.45761219,58.2798277,1.665680587,0,0
26,5,2017,5/26/2017,2.407552,0,22.3,55,4.4,1.1,89,16.34,2.9,0.366,146,0.593326764,-0.804961708,0.5,-0.866025404,2.692664553,1.211699049,10.035,5.331475815,19.36,13.3,3.6,20.1,85.8,18.46666667,16.6,50,43,55.66666667,58.57142857,3.933333333,6.028571429,6.2,10.6,18.09032853,54.13991385,0.499704176,1,1
27,5,2017,5/27/2017,1.4902344,0,20.9,57,5.1,5.6,73,21.9,3.79,0.379,147,0.579421098,-0.815028338,0.5,-0.866025404,2.471770045,1.062861119,8.987,5.420591708,26.01,12.3,1.6,20.4,86.7,20.46666667,17.41428571,50,43,53.33333333,57.85714286,3.333333333,5.142857143,4.4,9.3,19.35322997,54.56995692,0.919911253,0,0
28,5,2017,5/28/2017,0.91471356,0,17.2,75,3.1,2.5,98,14.23,2.49,0.384,148,0.565344674,-0.824854775,0.5,-0.866025404,1.962425658,0.490606414,4.3,1.520879885,9.61,12.2,6.7,24.7,91.8,21.7,17.94285714,50,50,54,59.85714286,3.833333333,5.142857143,5.1,9.3,19.81726098,55.78497846,4.195973376,0,0
29,5,2017,5/29/2017,1.6757812,0,21.1,62,6.6,10.6,34,24.52,4.25,0.369,149,0.55110164,-0.834438124,0.5,-0.866025404,2.502322755,0.950882647,8.018,6.275825471,43.56,13.5,9.2,21.5,94.2,20.13333333,18.78571429,55,50,62.33333333,58.28571429,4.2,4.814285714,5.1,9.3,19.03208269,65.39248923,3.008792013,0,0
30,5,2017,5/30/2017,0.6328125,0,21,64,4,2.1,71,18,3.12,0.377,150,0.536696194,-0.84377556,0.5,-0.866025404,2.487005397,0.895321943,7.56,3.581287772,16,13.8,18.7,23.4,102,19.73333333,19.55714286,57,50,64.66666667,59.42857143,4.933333333,4.428571429,6.6,6.6,19.65245788,63.69624462,8.322637604,0,0
31,5,2017,5/31/2017,0.99609375,0,19.3,68,4.8,6.7,66,18.68,3.33,0.379,151,0.522132581,-0.852864331,0.5,-0.866025404,2.238858125,0.7164346,6.176,3.43888608,23.04,12.9,15.2,22.4,94.9,19.76666667,20.22857143,62,50,67,59.71428571,4.566666667,4.114285714,6.6,6.6,20.05672052,63.84812231,3.966791281,0,0
1,6,2017,6/1/2017,1.0761719,0,21.6,63,9.4,0.8,46,18.93,3.36,0.365,152,0.507415093,-0.86170176,1.22E-16,-1,2.580152726,0.954656509,7.992,8.973771181,88.36,14.2,19.4,28.6,101.6,20.46666667,20.52857143,62,50,64.66666667,61.57142857,5.133333333,4.285714286,6.6,6.6,19.82970436,65.92406115,5.880037384,0,0
2,6,2017,6/2/2017,1.0371094,0,23.9,66,3.4,1.2,66,18.49,3.47,0.374,153,0.492548068,-0.870285241,1.22E-16,-1,2.966054202,1.008458429,8.126,3.428758657,11.56,17.1,9.6,29.4,101.2,20.63333333,20.48571429,63,55,65,63.42857143,6.066666667,5.342857143,9.4,9.4,20.36079305,64.46203058,2.324011215,0,0
3,6,2017,6/3/2017,1.4700521,0,24.4,56,1.5,0.2,68,23.1,4.39,0.356,154,0.477535886,-0.878612245,1.22E-16,-1,3.056312653,1.344777567,10.736,2.017166351,2.25,15.6,8.7,29.5,102.4,21.6,20.71428571,63,57,65.66666667,65,5.866666667,5.2,9.4,9.4,21.42255514,65.23101529,1.537203365,0,0
4,6,2017,6/4/2017,3.2272136,0,26.1,60,0.8,0,83,21.78,4.1,0.344,155,0.462382973,-0.886680318,1.22E-16,-1,3.381361812,1.352544725,10.44,1.08203578,0.64,18.1,2.2,24.1,102.6,23.3,21.21428571,56,56,61.66666667,64.85714286,4.766666667,4.685714286,9.4,9.4,22.3157886,60.61550764,0.601161009,0,0
5,6,2017,6/5/2017,2.3684895,0,24.7,68,2.7,3.2,73,21.87,4.22,0.37,156,0.447093793,-0.894487082,1.22E-16,-1,3.111609911,0.995715172,7.904,2.688430963,7.29,18.3,1.4,21.6,102.6,24.8,22.48571429,56,56,60.66666667,62.71428571,1.9,4.357142857,3.4,9.4,23.45105202,60.30775382,0.180348303,1,1
6,6,2017,6/6/2017,0.098958336,0,24.3,57,3.4,2.1,55,20.53,3.73,0.403,157,0.431672852,-0.902030237,1.22E-16,-1,3.038071715,1.306370838,10.449,4.441660848,11.56,15.7,3.4,14.2,104.9,25.06666667,23,56,56,61.33333333,63.57142857,1.666666667,3.8,2.7,9.4,23.82573641,64.15387691,2.294104491,0,0
7,6,2017,6/7/2017,0.5423177,0,24.6,61,1.5,1.9,41,25.53,4.84,0.384,158,0.416124696,-0.909307559,1.22E-16,-1,3.09308133,1.206301719,9.594,1.809452578,2.25,16.8,5.3,14.2,93.1,25.03333333,23.47142857,57,56,61.66666667,62.57142857,2.3,3.714285714,3.4,9.4,23.96801549,60.57693846,2.158231347,0,0
8,6,2017,6/8/2017,2.8007812,0,27.4,55,4.1,0,50,24.56,4.89,0.365,159,0.400453906,-0.916316904,1.22E-16,-1,3.64986766,1.642440447,12.33,6.734005833,16.81,18.4,7.2,9.4,93,24.53333333,24.22857143,57,56,62,61.57142857,2.533333333,3.242857143,3.4,9.4,24.15761084,60.78846923,1.977469404,0,0
9,6,2017,6/9/2017,0.8873698,0,22.7,76,6.4,2.2,72,15.66,3.03,0.374,160,0.3846651,-0.923056207,1.22E-16,-1,2.758861627,0.66212679,5.448,4.237611458,40.96,17.9,4,8.6,82.9,25.43333333,25.05714286,55,55,57.66666667,60.42857143,3,2.485714286,4.1,4.1,25.13032759,57.89423461,0.593240821,1,1
10,6,2017,6/10/2017,0.20052083,0,20.2,64,8.4,18.9,82,15.85,2.95,0.392,161,0.368762931,-0.92952348,1.22E-16,-1,2.367387698,0.852259571,7.272,7.158980397,70.56,13,4.1,9.6,65.4,24.9,24.88571429,55,55,64,61.85714286,4,2.914285714,6.4,6.4,24.40122931,66.94711731,1.717972246,0,0
11,6,2017,6/11/2017,0.092447914,0,20.8,74,5,0.1,88,10.27,2.09,0.374,162,0.352752087,-0.935716819,1.22E-16,-1,2.456616326,0.638720245,5.408,3.193601224,25,15.6,21.1,28.3,83.7,23.43333333,24.28571429,55,55,65,63,6.3,3.9,8.4,8.4,23.14086052,65.47355865,13.74539167,0,0
12,6,2017,6/12/2017,0.4466146,0,21.1,58,4.1,0.3,41,22.54,4.08,0.361,163,0.336637284,-0.941634398,1.22E-16,-1,2.502322755,1.050975557,8.862,4.308999785,16.81,12.7,21.2,28.4,83.8,21.23333333,23.52857143,64,55,71.33333333,65,6.6,4.5,8.4,8.4,22.43860236,69.73677933,4.193617502,0,0
13,6,2017,6/13/2017,1.3880209,0,23.6,67,3,0,34,25.81,4.79,0.349,164,0.320423273,-0.947274472,1.22E-16,-1,2.913023,0.96129759,7.788,2.88389277,9,17,19.3,25.5,84.1,20.7,23.01428571,58,55,65.33333333,63.57142857,5.833333333,4.7,8.4,8.4,22.03702165,63.86838966,1.468085251,0,0
14,6,2017,6/14/2017,3.436198,0,23.6,56,4.7,0.1,48,27.41,5,0.335,165,0.304114832,-0.952635381,1.22E-16,-1,2.913023,1.28173012,10.384,6.024131565,22.09,14.8,0.4,23.4,83.9,21.83333333,22.91428571,58,55,66.33333333,65,4.033333333,4.642857143,5,8.4,22.50591516,65.43419483,0.440425575,1,1
15,6,2017,6/15/2017,4.094401,0,23.6,56,3.6,0.3,63,20.51,3.71,0.358,166,0.287716767,-0.957715543,1.22E-16,-1,2.913023,1.28173012,10.384,4.614228433,12.96,14.8,0.4,21.6,81.5,22.76666667,22.77142857,56,55,60.33333333,64.28571429,3.933333333,5.1,4.7,8.4,22.83414061,60.71709742,0.202127673,0,0
16,6,2017,6/16/2017,3.3912761,0,21.8,46,5.6,6.7,35,25.05,4.49,0.366,167,0.271233911,-0.962513463,1.22E-16,-1,2.611871906,1.410410829,11.772,7.898300644,31.36,11,0.4,21.9,80,23.6,22.22857143,56,56,59.66666667,64.42857143,3.766666667,5.028571429,4.7,8.4,23.06389843,58.35854871,0.270638302,0,0
17,6,2017,6/17/2017,5.3346353,0,23.6,50,2.3,0,22,27.64,5.1,0.349,168,0.25467112,-0.967027725,1.22E-16,-1,2.913023,1.4565115,11.8,3.34997645,5.29,13.6,7.1,26.4,86.7,23,22.1,46,46,52.66666667,60.14285714,4.633333333,4.914285714,5.6,8.4,22.6847289,52.17927435,4.771191491,0,0
18,6,2017,6/18/2017,2.7076824,0,21.6,55,2.6,0.1,93,15.14,2.85,0.35,169,0.238033277,-0.971256999,1.22E-16,-1,2.580152726,1.161068727,9.72,3.018778689,6.76,12.6,7,7.5,86.7,23,22.58571429,46,46,50.66666667,58.14285714,3.833333333,4.042857143,5.6,5.6,22.95931023,51.08963718,1.431357447,1,1
19,6,2017,6/19/2017,0.38867188,0,20.2,70,0.5,13.5,81,18.01,3.23,0.399,170,0.221325284,-0.97520004,1.22E-16,-1,2.367387698,0.710216309,6.06,0.355108155,0.25,14.2,6.8,7.5,86,22.33333333,22.7,46,46,50.33333333,55.42857143,3.5,3.7,5.6,5.6,22.55151716,53.04481859,0.499407234,0,0
20,6,2017,6/20/2017,0.083984375,0,18.9,80,2.8,39.2,92,14.86,2.68,0.414,171,0.204552066,-0.978855685,1.22E-16,-1,2.183721841,0.436744368,3.78,1.222884231,7.84,14.9,13.6,20.7,98.2,21.8,22.57142857,50,46,58.33333333,57.14285714,1.8,3.185714286,2.6,5.6,21.84606201,61.52240929,9.59982217,0,0
21,6,2017,6/21/2017,0.70247394,0,23.2,65,7.1,0.7,39,22.62,4.08,0.4,172,0.187718565,-0.982222857,1.22E-16,-1,2.843602903,0.995261016,8.12,7.066353214,50.41,16.2,52.8,59.9,131.7,20.23333333,21.9,55,46,68.33333333,59,1.966666667,3.157142857,2.8,5.6,20.96224341,70.76120465,30.31994665,0,0
22,6,2017,6/22/2017,1.4824219,0,24.1,60,3.3,1,36,22.23,4.17,0.395,173,0.170829743,-0.985300563,1.22E-16,-1,3.001874544,1.200749818,9.64,3.962474399,10.89,16.1,53.4,60.5,123.7,20.76666667,21.84285714,65,46,71.66666667,60.28571429,3.466666667,3.5,7.1,7.1,21.63357039,67.88060232,9.585983995,0,0
23,6,2017,6/23/2017,2.8554688,0,25.2,57,2.2,0.2,14,26.85,5.11,0.377,174,0.153890577,-0.988087896,1.22E-16,-1,3.205712243,1.378456264,10.836,3.032603782,4.84,16.6,40.9,61.2,121.6,22.06666667,21.91428571,60,46,68.33333333,60.85714286,4.4,3.457142857,7.1,7.1,22.37349927,63.94030116,3.575795199,0,0
24,6,2017,6/24/2017,9.227214,0,28.4,48,2.4,0.1,17,26.4,5.16,0.353,175,0.136906058,-0.990584035,1.22E-16,-1,3.868863717,2.011809133,14.768,4.828341918,5.76,18,1.9,54.7,121.3,24.16666667,22.4,57,50,60.66666667,62.42857143,4.2,2.971428571,7.1,7.1,23.22144949,60.47015058,1.21273856,0,0
25,6,2017,6/25/2017,7.2916665,0,24.7,56,3.4,0.5,39,26.24,5.04,0.338,176,0.119881192,-0.992788245,1.22E-16,-1,3.111609911,1.369108361,10.868,4.654968427,11.56,15.9,1.3,54.8,121.4,25.9,23.08571429,48,48,55,62.14285714,2.633333333,2.985714286,3.3,7.1,24.77501464,54.23507529,0.433821568,0,0
26,6,2017,6/26/2017,7.4134116,0,26.6,63,3.1,0,31,25.75,5.11,0.33,177,0.102820997,-0.994699876,1.22E-16,-1,3.482522891,1.28853347,9.842,3.994453757,9.61,19.2,0.8,55.2,120.8,26.1,23.52857143,48,48,53.66666667,62.28571429,2.666666667,3.1,3.4,7.1,24.75251025,55.11753765,0.48014647,0,0
27,6,2017,6/27/2017,7.671875,0,28.8,61,4.1,0,27,25.66,5.09,0.319,178,0.0857305,-0.996318363,1.22E-16,-1,3.95961263,1.544248926,11.232,6.331420595,16.81,21,0.6,41.7,115.2,26.56666667,24.44285714,48,48,55.66666667,61.28571429,2.966666667,3.471428571,3.4,7.1,25.30675717,59.05876882,0.144043941,1,1
28,6,2017,6/28/2017,8.557292,0,27.6,57,2.5,0.6,38,27.63,5.5,0.307,179,0.068614738,-0.997643232,1.22E-16,-1,3.69278196,1.587896243,11.868,3.969740607,6.25,19,0.5,2.5,112.7,26.7,25.85714286,56,48,60,58.57142857,3.533333333,3.657142857,4.1,7.1,26.35473002,60.02938441,0.043213182,2,2
29,6,2017,6/29/2017,11.4557295,0,28.6,50,1.9,0,0,28.79,5.75,0.291,180,0.051478755,-0.99867409,1.22E-16,-1,3.914009299,1.957004649,14.3,3.718308834,3.61,18.6,0.6,2.4,102.7,27.66666667,26.48571429,57,48,60.33333333,57.42857143,3.233333333,3,4.1,4.1,26.72831102,58.51469221,0.432963955,0,0
30,6,2017,6/30/2017,15.745442,0,31.4,45,2.6,0,2,27.74,5.84,0.278,181,0.034327601,-0.999410634,1.22E-16,-1,4.595917317,2.527754524,17.27,6.572161763,6.76,20.4,0.6,1.4,100.6,28.33333333,27.12857143,50,48,56,56,2.833333333,2.8,4.1,4.1,27.28981771,54.2573461,0.129889186,1,1
1,7,2017,7/1/2017,13.3984375,0,30.3,48,5.4,0,0,29.12,6.06,0.264,182,0.01716633,-0.999852648,-0.5,-0.866025404,4.316625383,2.244645199,15.756,12.12108408,29.16,19.9,0.6,1.2,93.9,29.2,28.01428571,45,45,50.66666667,54.28571429,2.333333333,2.857142857,2.6,4.1,28.5228724,49.62867305,0.038966756,2,2
2,7,2017,7/2/2017,15.995442,0,31.3,42,0.5,0,0,29.28,6.27,0.255,183,1.22E-16,-1,-0.5,-0.866025404,4.569894388,2.650538745,18.154,1.325269373,0.25,19.7,0,1.1,93.1,30.1,28.28571429,45,45,47.66666667,54.28571429,3.3,3.285714286,5.4,5.4,29.05601068,48.81433653,0.011690027,3,3
3,7,2017,7/3/2017,15.492839,0,31.6,54,8,0,8,28.15,6.03,0.244,184,-0.01716633,-0.999852648,-0.5,-0.866025404,4.64834968,2.138240853,14.536,17.10592682,64,22.4,0,0.6,91.9,31,29.22857143,42,42,45,52.28571429,2.833333333,2.871428571,5.4,5.4,29.72920747,45.40716826,0.003507008,4,4
4,7,2017,7/4/2017,3.2285156,0,26.1,67,12.7,0.4,68,17.5,3.36,0.244,185,-0.034327601,-0.999410634,-0.5,-0.866025404,3.381361812,1.115849398,8.613,14.17128735,161.29,19.5,0,0.6,91.7,31.06666667,29.94285714,42,42,48,51,4.633333333,3.571428571,8,8,30.29044523,49.70358413,0.001052102,5,5
5,7,2017,7/5/2017,1.3151041,0,23.4,55,1.1,3.9,61,16.77,3.34,0.257,186,-0.051478755,-0.99867409,-0.5,-0.866025404,2.878130285,1.295158628,10.53,1.424674491,1.21,14.4,0.4,1,92.1,29.66666667,29.55714286,42,42,54.33333333,51.85714286,7.066666667,4.8,12.7,12.7,29.03331166,58.35179207,0.280315631,0,0
6,7,2017,7/6/2017,5.0833335,0,23.8,53,1.1,0,28,25.59,4.81,0.249,187,-0.068614738,-0.997643232,-0.5,-0.866025404,2.948284305,1.385693623,11.186,1.524262986,1.21,14.4,4.3,4.3,92.8,27.03333333,28.95714286,54,42,58.66666667,51.57142857,7.266666667,4.6,12.7,12.7,27.34331816,56.67589603,2.814094689,0,0
7,7,2017,7/7/2017,9.1640625,0,25,43,3.8,0,53,23.12,4.4,0.239,188,-0.0857305,-0.996318363,-0.5,-0.866025404,3.167777718,1.805633299,14.25,6.861406536,14.44,13.6,4.3,4.3,90.7,24.43333333,28.27142857,53,42,58.33333333,52,4.966666667,4.485714286,12.7,12.7,26.28032271,54.83794802,0.844228407,1,1
8,7,2017,7/8/2017,9.141927,0,23.1,51,3.4,0.5,56,19.49,3.73,0.234,189,-0.102820997,-0.994699876,-0.5,-0.866025404,2.826475201,1.384972849,11.319,4.708907685,11.56,13.3,3.9,4.3,88.8,24.06666667,27.35714286,43,42,50.33333333,51.71428571,2,4.657142857,3.8,12.7,25.8962259,48.91897401,0.253268522,2,2
9,7,2017,7/9/2017,13.2734375,0,26.7,43,1.5,0,0,28.52,5.53,0.22,190,-0.119881192,-0.992788245,-0.5,-0.866025404,3.503068485,1.996749036,15.219,2.995123555,2.25,15.3,0.5,4.8,89.3,23.96666667,26.32857143,43,42,49,52.14285714,2.766666667,4.371428571,3.8,12.7,25.05735813,49.959487,0.425980557,0,0
10,7,2017,7/10/2017,15.055989,0,28.1,44,2.9,0,20,23.62,4.74,0.21,191,-0.136906058,-0.990584035,-0.5,-0.866025404,3.801995174,2.129117298,15.736,6.174440163,8.41,16.9,0.5,4.8,87.1,24.93333333,25.67142857,43,43,45.66666667,52.28571429,2.9,4.514285714,3.8,12.7,25.55015069,46.4797435,0.127794167,1,1
11,7,2017,7/11/2017,14.822917,0,28.3,50,0.4,0,7,28.04,5.59,0.207,192,-0.153890577,-0.988087896,-0.5,-0.866025404,3.846461372,1.923230686,14.15,0.769292274,0.16,18.3,0.5,4.8,68.2,25.96666667,25.17142857,43,43,46,50.85714286,2.6,3.785714286,3.4,12.7,26.31510548,45.23987175,0.03833825,2,2
12,7,2017,7/12/2017,14.785156,0,28.3,56,1.1,0,6,27.87,5.61,0.199,193,-0.170829743,-0.985300563,-0.5,-0.866025404,3.846461372,1.692443004,12.452,1.861687304,1.21,19.5,0,4.4,68.1,27.7,25.48571429,43,43,45.66666667,48.42857143,1.6,2.028571429,2.9,3.8,26.91057384,47.61993588,0.011501475,3,3
13,7,2017,7/13/2017,16.921225,0,30.4,43,2.3,0,5,28.5,5.82,0.193,194,-0.187718565,-0.982222857,-0.5,-0.866025404,4.341390638,2.474592663,17.328,5.691563126,5.29,19,0,0.5,67.8,28.23333333,26.18571429,44,43,50,48.57142857,1.466666667,2.028571429,2.9,3.8,27.32740169,51.80996794,0.003450443,4,4
14,7,2017,7/14/2017,20.485025,0,29.1,40,7.3,0,9,26.98,5.32,0.187,195,-0.204552066,-0.978855685,-0.5,-0.866025404,4.028884423,2.417330654,17.46,17.64651377,53.29,17.1,0,0.5,67.8,29,27.12857143,43,43,49.66666667,47.14285714,1.266666667,2.2,2.3,3.8,28.24918118,47.40498397,0.001035133,5,5
15,7,2017,7/15/2017,14.832683,0,28.2,49,2.5,1.3,44,22.71,4.45,0.187,196,-0.221325284,-0.97520004,-0.5,-0.866025404,3.824172018,1.950327729,14.382,4.875819323,6.25,18,0,0.5,67.7,29.26666667,27.71428571,40,40,46.33333333,46.71428571,3.566666667,2.7,7.3,7.3,28.50442683,43.70249198,0.00031054,6,6
16,7,2017,7/16/2017,15.160156,0,27.1,56,3.4,0,33,25.93,5.2,0.185,197,-0.238033277,-0.971256999,-0.5,-0.866025404,3.586310566,1.577976649,11.924,5.365120607,11.56,18.3,1.3,1.3,68.7,29.23333333,28.44285714,40,40,44,46.42857143,4.033333333,2.571428571,7.3,7.3,28.41309878,46.35124599,0.910093162,0,0
17,7,2017,7/17/2017,11.9140625,0,29.2,53,2.5,0.3,17,25.32,5.2,0.179,198,-0.25467112,-0.967027725,-0.5,-0.866025404,4.052208127,1.90453782,13.724,4.76134455,6.25,19.8,1.3,1.3,62,28.13333333,28.5,40,40,48.33333333,48.28571429,4.4,2.842857143,7.3,7.3,28.01916915,51.175623,0.273027949,1,1
18,7,2017,7/18/2017,15.790364,0,29.4,50,1.1,0.1,31,24.98,5.17,0.175,199,-0.271233911,-0.962513463,-0.5,-0.866025404,4.099208154,2.049604077,14.7,2.254564485,1.21,19.4,1.6,1.6,62.3,28.16666667,28.65714286,49,40,52.66666667,49.57142857,2.8,2.785714286,3.4,7.3,28.3734184,52.0878115,0.291908385,0,0
19,7,2017,7/19/2017,0.83658856,0,25.5,66,4.7,3.5,85,15.83,3.13,0.218,200,-0.287716767,-0.957715543,-0.5,-0.866025404,3.263356619,1.109541251,8.67,5.214843878,22.09,18.7,0.4,1.7,62.3,28.56666667,28.81428571,50,40,53,49.57142857,2.333333333,2.885714286,3.4,7.3,28.68139288,51.04390575,0.157572515,0,0
20,7,2017,7/20/2017,2.766927,0,25.7,53,5,0.8,62,20.15,4.02,0.222,201,-0.304114832,-0.952635381,-0.5,-0.866025404,3.302286327,1.552074573,12.079,7.760372867,25,16.3,3.9,5.2,52.3,28.03333333,28.41428571,50,40,56.33333333,51,2.766666667,3.4,4.7,7.3,27.72697502,58.52195287,2.497271755,0,0
21,7,2017,7/21/2017,8.3567705,0,27.5,51,2.4,0,35,22.4,4.46,0.222,202,-0.320423273,-0.947274472,-0.5,-0.866025404,3.671270209,1.798922403,13.475,4.317413766,5.76,17.7,4.4,6,13.9,26.86666667,27.74285714,50,40,56.33333333,52.42857143,3.6,3.785714286,5,7.3,27.11888251,55.76097644,1.309181526,0,0
22,7,2017,7/22/2017,11.673177,0,28.4,50,0.5,0.4,24,28.15,5.53,0.232,203,-0.336637284,-0.941634398,-0.5,-0.866025404,3.868863717,1.934431858,14.2,0.967215929,0.25,18.4,4.3,6,13.2,26.23333333,27.51428571,51,49,56.66666667,54,4.033333333,3.085714286,5,5,27.23321776,53.38048822,0.392754458,1,1
23,7,2017,7/23/2017,14.945964,0,27.8,50,1.6,0,29,24.56,4.92,0.214,204,-0.352752087,-0.935716819,-0.5,-0.866025404,3.736134941,1.86806747,13.9,2.988907953,2.56,17.8,1.2,5.1,12.6,27.2,27.54285714,50,50,51.33333333,54.14285714,2.633333333,2.8,5,5,27.58325243,51.69024411,0.397826337,0,0
24,7,2017,7/24/2017,20.658203,0,29.7,36,3.3,0,8,25.4,5.37,0.2,205,-0.368762931,-0.92952348,-0.5,-0.866025404,4.170597197,2.669182206,19.008,8.808301279,10.89,16.9,0.4,5.1,12.4,27.9,27.64285714,50,50,50.33333333,53.28571429,1.5,2.542857143,2.4,5,27.6482767,50.84512205,0.119347901,1,1
25,7,2017,7/25/2017,20.847656,0,31.4,36,5.5,0,1,28.12,5.88,0.191,206,-0.3846651,-0.923056207,-0.5,-0.866025404,4.595917317,2.941387083,20.096,16.17762895,30.25,18.6,0.4,4.8,12.3,28.63333333,27.71428571,36,36,45.33333333,50.85714286,1.8,2.657142857,3.3,5,28.26379369,43.42256103,0.03580437,2,2
26,7,2017,7/26/2017,25.497396,0,33.4,32,1.5,0,11,25.45,5.67,0.182,207,-0.400453906,-0.916316904,-0.5,-0.866025404,5.144112522,3.497996515,22.712,5.246994772,2.25,19.8,0,4.7,11.8,29.63333333,28,36,36,40.66666667,48.85714286,3.466666667,3.285714286,5.5,5.5,29.20465558,39.71128051,0.010741311,3,3
27,7,2017,7/27/2017,25.300781,0,33.6,31,4.3,0,14,24.67,5.5,0.175,208,-0.416124696,-0.909307559,-0.5,-0.866025404,5.201930456,3.589332015,23.184,15.43412766,18.49,19.8,0,1.2,11.8,31.5,29.12857143,32,32,34.66666667,44,3.433333333,2.828571429,5.5,5.5,30.46325891,35.85564026,0.003222393,4,4
28,7,2017,7/28/2017,6.4459634,0,28.6,47,9.7,0,29,22.25,4.36,0.173,209,-0.431672852,-0.902030237,-0.5,-0.866025404,3.914009299,2.074424928,15.158,20.1219218,94.09,18,0,0.4,11.8,32.8,30.25714286,31,31,33,40.85714286,3.766666667,2.728571429,5.5,5.5,31.40428124,33.42782013,0.000966718,5,5
29,7,2017,7/29/2017,9.5286455,0,26.9,40,10.1,1.3,21,21.99,4.55,0.179,210,-0.447093793,-0.894487082,-0.5,-0.866025404,3.544476671,2.126686002,16.14,21.47952863,102.01,14.9,0,0.4,11.2,31.86666667,30.41428571,31,31,36.66666667,40.28571429,5.166666667,3.771428571,9.7,9.7,30.56299687,40.21391006,0.000290015,6,6
30,7,2017,7/30/2017,14.860677,0,27.5,40,2.5,0,12,24.66,4.99,0.17,211,-0.462382973,-0.886680318,-0.5,-0.866025404,3.671270209,2.202762126,16.5,5.506905314,6.25,15.5,1.3,1.3,12.5,29.7,30.2,31,31,39.33333333,38.85714286,8.033333333,5.142857143,10.1,10.1,29.46409781,40.10695503,0.910087005,0,0
31,7,2017,7/31/2017,21.84961,0,27.5,37,1.1,0,0,28.47,5.65,0.158,212,-0.477535886,-0.878612245,-0.5,-0.866025404,3.671270209,2.312900232,17.325,2.544190255,1.21,14.9,1.3,1.3,12.5,27.66666667,30.15714286,40,31,42.33333333,37.42857143,7.433333333,5.271428571,10.1,10.1,28.87486846,40.05347752,0.273026101,1,1
1,8,2017,8/1/2017,24.497396,0,28.2,39,1.8,0,0,27.93,5.84,0.152,213,-0.492548068,-0.870285241,-0.866025404,-0.5,3.824172018,2.332744931,17.202,4.198940876,3.24,16,1.3,1.3,12.5,27.3,29.84285714,37,31,39,37.57142857,4.566666667,4.957142857,10.1,10.1,28.46240792,38.52673876,0.08190783,2,2
2,8,2017,8/2/2017,23.877604,0,29.6,40,3.9,0,22,24.8,5.34,0.147,214,-0.507415093,-0.86170176,-0.866025404,-0.5,4.14668165,2.48800899,17.76,9.703235061,15.21,17.6,0,1.3,12.5,27.73333333,29.38571429,37,31,38.66666667,38,1.8,4.428571429,2.5,10.1,28.38368555,38.76336938,0.024572349,3,3
3,8,2017,8/3/2017,26.415365,0,32.7,29,3.6,0,29,25.96,5.49,0.143,215,-0.522132581,-0.852864331,-0.866025404,-0.5,4.946118775,3.511744331,23.217,12.64227959,12.96,18.5,0,1.3,12.5,28.43333333,28.84285714,37,31,38.66666667,39.14285714,2.266666667,4.771428571,3.9,10.1,28.74857988,39.38168469,0.007371705,4,4
4,8,2017,8/4/2017,26.957031,0,32,37,13.1,0,72,21.64,4.63,0.148,216,-0.536696194,-0.84377556,-0.866025404,-0.5,4.754775396,2.9955085,20.16,39.24116135,171.61,19.4,0,1.3,12.1,30.16666667,28.71428571,29,29,36,38.85714286,3.1,4.671428571,3.9,10.1,29.93400592,34.19084234,0.002211511,5,5
5,8,2017,8/5/2017,19.914713,0,26.9,56,1.3,2.2,72,17.31,3.67,0.155,217,-0.55110164,-0.834438124,-0.866025404,-0.5,3.544476671,1.559569735,11.836,2.027440656,1.69,18.1,0,1.3,8.2,31.43333333,29.2,29,29,35.33333333,37.42857143,6.866666667,5.157142857,13.1,13.1,30.55380414,35.59542117,0.000663453,6,6
6,8,2017,8/6/2017,20.230469,0,30.4,50,1.3,0.3,73,22.56,4.81,0.15,218,-0.565344674,-0.824854775,-0.866025404,-0.5,4.341390638,2.170695319,15.2,2.821903914,1.69,20.4,2.2,2.2,10.4,30.53333333,29.2,29,29,40.66666667,39.71428571,6,3.9,13.1,13.1,29.4576629,45.79771059,1.540199036,0,0
7,8,2017,8/7/2017,20.157553,0,32.2,46,3.1,1.5,22,22.84,4.89,0.154,219,-0.579421098,-0.815028338,-0.866025404,-0.5,4.808777365,2.596739777,17.388,8.049893309,9.61,21.4,2.5,2.5,10.7,29.76666667,29.61428571,37,29,47.66666667,41.14285714,5.233333333,3.728571429,13.1,13.1,29.74036403,47.89885529,0.672059711,0,0
8,8,2017,8/8/2017,23.182943,0,32.4,47,1.3,0.5,26,24.69,5.24,0.154,220,-0.593326764,-0.804961708,-0.866025404,-0.5,4.863311198,2.577554935,17.172,3.350821415,1.69,21.8,4,4,11.7,29.83333333,30.28571429,46,29,50.66666667,42.42857143,1.9,4.014285714,3.1,13.1,30.47825482,46.94942765,1.251617913,0,0
9,8,2017,8/9/2017,27.55664,0,33.5,37,1.5,1.7,7,25.29,5.62,0.144,221,-0.607057574,-0.794657852,-0.866025404,-0.5,5.172951386,3.258959373,21.105,4.88843906,2.25,20.9,2.3,4.5,12.2,31.66666667,30.88571429,46,29,47.66666667,43.57142857,1.9,3.942857143,3.1,13.1,31.05477837,46.97471382,0.725485374,0,0
10,8,2017,8/10/2017,27.873047,0,32.7,40,1.8,0,10,24.31,5.24,0.137,222,-0.620609482,-0.784119807,-0.866025404,-0.5,4.946118775,2.967671265,19.62,5.341808277,3.24,20.7,3.7,6.2,13.9,32.7,31.44285714,37,29,43.33333333,43.14285714,1.966666667,3.6,3.1,13.1,31.78834486,41.98735691,1.407645612,0,0
11,8,2017,8/11/2017,27.011719,0,31.5,41,6.6,1.2,34,20.04,4.32,0.136,223,-0.633978493,-0.773350678,-0.866025404,-0.5,4.622068903,2.727020653,18.585,17.99833631,43.56,19.7,2.2,6.2,13.9,32.86666667,31.44285714,37,37,41.33333333,44.71428571,1.533333333,3.342857143,1.8,13.1,32.0618414,40.99367846,0.422293684,1,1
12,8,2017,8/12/2017,18.704428,0,30.1,45,2.6,0,25,21.48,4.6,0.135,224,-0.647160667,-0.762353639,-0.866025404,-0.5,4.267463105,2.347104707,16.555,6.102472239,6.76,19.1,2.9,7.4,15.1,32.56666667,31.37142857,37,37,39.33333333,45.28571429,3.3,2.414285714,6.6,6.6,31.89328898,40.99683923,0.966688105,0,0
13,8,2017,8/13/2017,23.915365,0,33.3,36,4,0,4,24.75,5.36,0.134,225,-0.660152121,-0.751131931,-0.866025404,-0.5,5.115413295,3.273864509,21.312,13.09545804,16,20.5,1.2,5.2,15.1,31.43333333,31.82857143,40,37,42,43.71428571,3.666666667,2.6,6.6,6.6,31.35530229,42.99841961,0.290006432,1,1
14,8,2017,8/14/2017,29.477213,0,30,41,11.7,0,25,23.14,4.91,0.131,226,-0.672949024,-0.739688861,-0.866025404,-0.5,4.243065059,2.503408385,17.7,29.2898781,136.89,18.2,1.2,4.9,15.1,31.63333333,32.24285714,36,36,40.66666667,41.71428571,4.4,2.985714286,6.6,6.6,31.9387116,39.49920981,0.087001929,2,2
15,8,2017,8/15/2017,16.526693,0,28.6,40,7.6,0.3,47,19.78,4.11,0.131,227,-0.685547606,-0.728027801,-0.866025404,-0.5,3.914009299,2.348405579,17.16,17.8478824,57.76,16.6,0,3.4,13.8,31.13333333,31.92857143,36,36,40.66666667,41,6.1,4.214285714,11.7,11.7,31.35709812,40.2496049,0.026100579,3,3
16,8,2017,8/16/2017,14.8411455,0,28.4,45,2,0,33,19.03,3.96,0.132,228,-0.697944155,-0.716152188,-0.866025404,-0.5,3.868863717,2.127875044,15.62,4.255750088,4,17.4,0.3,3.2,14.1,30.63333333,31.38571429,36,36,39,40,7.766666667,5.114285714,11.7,11.7,30.52996868,40.12480245,0.217830174,0,0
17,8,2017,8/17/2017,14.40625,0,29.5,46,2.6,0.4,62,17.54,3.57,0.152,229,-0.710135016,-0.704065522,-0.866025404,-0.5,4.122885469,2.226358153,15.93,5.788531199,6.76,18.7,0.3,1.5,13.8,29,30.65714286,40,36,42,41.14285714,7.1,5.185714286,11.7,11.7,29.89097808,42.56240123,0.065349052,1,1
18,8,2017,8/18/2017,13.014323,0,29.7,41,1.8,1.6,52,19.59,4.01,0.198,230,-0.722116597,-0.691771365,-0.866025404,-0.5,4.170597197,2.460652346,17.523,4.429174223,3.24,17.9,0.7,1.9,14.1,28.83333333,30.2,40,36,43.66666667,42,4.066666667,5.3,7.6,11.7,29.77368466,44.28120061,0.299604716,0,0
19,8,2017,8/19/2017,8.756511,0,29.2,40,1.4,2.5,37,21.36,4.37,0.196,231,-0.733885366,-0.679273339,-0.866025404,-0.5,4.052208127,2.431324876,17.52,3.403854827,1.96,17.2,2,2.3,12.2,29.2,29.94285714,41,36,44,42,2.133333333,4.614285714,2.6,11.7,29.75157926,42.64060031,1.209881415,0,0
20,8,2017,8/20/2017,15.718099,0,29.4,47,2.4,0,40,22.23,4.67,0.18,232,-0.745437857,-0.666575128,-0.866025404,-0.5,4.099208154,2.172580322,15.582,5.214192772,5.76,18.8,4.5,4.8,13.9,29.46666667,29.81428571,40,36,42.33333333,41.28571429,1.933333333,4.442857143,2.6,11.7,29.58610548,41.32030015,2.112964424,0,0
21,8,2017,8/21/2017,9.182942,0,29,50,8.7,0,61,15.52,3.18,0.194,233,-0.756770663,-0.653680475,-0.866025404,-0.5,4.0056776,2.0028388,14.5,17.42469756,75.69,19,4.1,4.8,13.9,29.43333333,29.25714286,40,40,42.66666667,42.85714286,1.866666667,4.214285714,2.4,11.7,29.53027384,44.16015008,0.633889327,1,1
22,8,2017,8/22/2017,3.7460938,0,26.6,50,9.2,7.5,60,18.34,3.6,0.268,234,-0.767880446,-0.640593179,-0.866025404,-0.5,3.482522891,1.741261446,13.3,16.0196053,84.64,16.6,2.5,4.8,13.5,29.2,29.11428571,40,40,45.66666667,44.14285714,4.166666667,3.785714286,8.7,8.7,29.37119169,47.08007504,0.190166798,2,2
23,8,2017,8/23/2017,0.734375,0,23.9,47,4.7,16.9,47,19.21,3.65,0.332,235,-0.778763931,-0.627317097,-0.866025404,-0.5,2.966054202,1.572008727,12.667,7.388441017,22.09,13.3,7.5,12,21,28.33333333,28.82857143,47,40,49,45.57142857,6.766666667,4.014285714,9.2,9.2,28.53983418,48.54003752,5.307050039,0,0
24,8,2017,8/24/2017,4.1783853,0,24.2,47,4.7,0,20,19.95,3.8,0.282,236,-0.78941791,-0.613856142,-0.866025404,-0.5,3.019925818,1.600560684,12.826,7.522635213,22.09,13.6,24.4,28.9,37.9,26.5,28.18571429,47,40,49,45.85714286,7.533333333,4.4,9.2,9.2,27.14788393,47.77001876,13.42211501,0,0
25,8,2017,8/25/2017,12.0494795,0,24.6,49,3.1,0,27,20.9,4.05,0.253,237,-0.799839245,-0.600214281,-0.866025404,-0.5,3.09308133,1.577471478,12.546,4.890161582,9.61,14.4,24.4,28.5,37.9,24.9,27.42857143,47,40,48,46,6.2,4.7,9.2,9.2,26.26351875,47.38500938,4.026634504,1,1
26,8,2017,8/26/2017,15.467448,0,25,42,2.4,0,0,24.65,4.66,0.232,238,-0.810024863,-0.586395533,-0.866025404,-0.5,3.167777718,1.837311076,14.5,4.409546583,5.76,13.4,16.9,26.9,37.9,24.23333333,26.7,47,40,47.66666667,47.14285714,4.166666667,4.885714286,4.7,9.2,25.76446312,48.19250469,1.207990351,2,2
27,8,2017,8/27/2017,18.059244,0,26.4,43,2.8,0,3,23.67,4.56,0.215,239,-0.819971763,-0.572403973,-0.866025404,-0.5,3.441746435,1.961795468,15.048,5.49302731,7.84,15,0,24.4,37.9,24.6,26.1,42,42,46,47.42857143,3.4,5.028571429,4.7,9.2,25.53512419,45.09625234,0.362397105,3,3
28,8,2017,8/28/2017,18.353516,0,27.7,43,2.3,0,23,19.25,3.9,0.198,240,-0.829677014,-0.558243722,-0.866025404,-0.5,3.714403381,2.117209927,15.789,4.869582832,5.29,16.3,0,24.4,37.9,25.33333333,25.67142857,42,42,44.66666667,46.85714286,2.766666667,5.085714286,3.1,9.2,25.79458693,44.04812617,0.108719132,4,4
29,8,2017,8/29/2017,19.973959,0,29.2,31,2.6,0,23,21.22,4.25,0.186,241,-0.839137755,-0.543918954,-0.866025404,-0.5,4.052208127,2.796023608,20.148,7.26966138,6.76,15.4,0,24.4,36.6,26.36666667,25.48571429,42,42,42.66666667,45.85714286,2.5,4.171428571,2.8,9.2,26.36621085,43.52406309,0.032615739,5,5
30,8,2017,8/30/2017,6.968099,0,19.8,75,3,2.8,98,6.64,1.4,0.212,242,-0.848351198,-0.529433891,-0.866025404,-0.5,2.309488249,0.577372062,4.95,1.732116187,9,14.8,0,16.9,36.6,27.76666667,25.85714286,31,31,39,43.14285714,2.566666667,3.228571429,2.8,4.7,27.2163476,37.26203154,0.009784722,6,6
31,8,2017,8/31/2017,7.185547,0,23,38,2.3,3.4,16,21.9,3.93,0.232,243,-0.857314628,-0.514792802,-0.866025404,-0.5,2.809437622,1.741851326,14.26,4.00625805,5.29,10.6,2.8,2.8,39.4,25.56666667,25.27142857,31,31,49.66666667,47.14285714,2.633333333,2.985714286,3,4.7,24.99144332,56.13101577,1.962935417,0,0
1,9,2017,9/1/2017,13.751302,0,23.6,40,1.8,0,0,23.99,4.38,0.217,244,-0.866025404,-0.5,-1,-1.84E-16,2.913023,1.7478138,14.16,3.14606484,3.24,11.6,6.2,6.2,42.8,24,25.1,31,31,48,45.85714286,2.633333333,2.642857143,3,3.1,24.39401032,47.06550789,2.968880625,0,0
2,9,2017,9/2/2017,21.090494,0,26.4,26,0.8,0,0,23.95,4.54,0.203,245,-0.874480958,-0.485059846,-1,-1.84E-16,3.441746435,2.546892362,19.536,2.037513889,0.64,11.6,6.2,6.2,42.8,22.13333333,24.95714286,38,31,51,44.57142857,2.366666667,2.457142857,3,3,24.15580723,43.53275394,0.890664187,1,1
3,9,2017,9/3/2017,26.944662,0,30,29,6.1,0,0,23.6,4.83,0.191,246,-0.882678798,-0.469976743,-1,-1.84E-16,4.243065059,3.012576192,21.3,18.37671477,37.21,15.8,3.4,6.2,42.8,24.33333333,25.15714286,26,26,34.66666667,42.28571429,1.633333333,2.228571429,2.3,3,24.82906506,34.76637697,0.267199256,2,2
4,9,2017,9/4/2017,30.296225,0,32.3,26,2.2,0,8,22.97,4.83,0.181,247,-0.890616509,-0.454755136,-1,-1.84E-16,4.835977526,3.578623369,23.902,7.872971412,4.84,17.5,0,6.2,42.8,26.66666667,25.67142857,26,26,31.66666667,40.28571429,2.9,2.7,6.1,6.1,26.38034554,31.88318849,0.080159777,3,3
5,9,2017,9/5/2017,8.478516,0,25,54,1.6,0.7,72,12.98,2.73,0.171,248,-0.898291752,-0.43939951,-1,-1.84E-16,3.167777718,1.45717775,11.5,2.3314844,2.56,15.8,0,6.2,40.6,29.56666667,26.32857143,26,26,27,37.85714286,3.033333333,2.685714286,6.1,6.1,28.15624188,28.94159424,0.024047933,4,4
6,9,2017,9/6/2017,0.009765627,0,17.8,82,5.9,6.2,73,5.46,1.1,0.232,249,-0.905702263,-0.423914391,-1,-1.84E-16,2.038176335,0.36687174,3.204,2.164543268,34.81,14.2,0.7,6.9,41,29.1,25.72857143,26,26,36.33333333,41.14285714,3.3,2.542857143,6.1,6.1,27.20936931,41.47079712,0.49721438,0,0
7,9,2017,9/7/2017,0.3125,0,22.1,42,1.9,9.3,6,22.36,3.92,0.284,250,-0.91284586,-0.408304342,-1,-1.84E-16,2.660089335,1.542851814,12.818,2.931418447,3.61,10.5,6.9,10.3,45.7,25.03333333,25.44285714,26,26,54,42.14285714,3.233333333,2.957142857,5.9,6.1,24.38655852,61.73539856,4.489164314,0,0
8,9,2017,9/8/2017,3.5110676,0,26.1,30,5.1,0,29,21.15,4.04,0.253,251,-0.919720437,-0.392573965,-1,-1.84E-16,3.381361812,2.366953268,18.27,12.07146167,26.01,12.1,16.2,16.2,54.5,21.63333333,25.31428571,42,26,59.33333333,42.71428571,3.133333333,2.9,5.9,6.1,23.70059096,51.86769928,7.856749294,0,0
9,9,2017,9/9/2017,9.932292,0,27.4,36,3,0,0,22.37,4.42,0.235,252,-0.926323968,-0.376727894,-1,-1.84E-16,3.64986766,2.335915302,17.536,7.007745907,9,14.6,15.5,16.2,52.8,22,25.67142857,30,26,51.33333333,41.28571429,4.3,3.371428571,5.9,6.1,24.42041367,40.93384964,2.357024788,1,1
10,9,2017,9/10/2017,14.250651,0,30.4,34,3.3,0,1,21.32,4.4,0.218,253,-0.932654508,-0.360770799,-1,-1.84E-16,4.341390638,2.865317821,20.064,9.455548809,10.89,17.2,9.3,16.2,52.8,25.2,25.81428571,30,26,36,42.71428571,3.333333333,3.685714286,5.1,6.1,25.31428957,38.46692482,0.707107436,2,2
11,9,2017,9/11/2017,16.432291,0,31.6,31,3.7,0,0,21.86,4.75,0.205,254,-0.938710189,-0.344707384,-1,-1.84E-16,4.64834968,3.207361279,21.804,11.86723673,13.69,17.8,0,16.2,51.6,27.96666667,25.87142857,30,26,33.33333333,43.42857143,3.8,3.285714286,5.1,5.9,26.8400027,36.23346241,0.212132231,3,3
12,9,2017,9/12/2017,23.615234,0,35.3,21,6.8,0,0,21.94,5.23,0.193,255,-0.944489229,-0.328542382,-1,-1.84E-16,5.716584973,4.516102129,27.887,30.70949448,46.24,19.5,0,16.2,51.6,29.8,25.77142857,31,30,33.66666667,44.14285714,3.333333333,3.5,3.7,5.9,28.26800189,33.61673121,0.063639669,4,4
13,9,2017,9/13/2017,22.37435,0,30.2,32,1.1,0,0,21.45,4.34,0.182,256,-0.949989923,-0.312280557,-1,-1.84E-16,4.291983042,2.918548469,20.536,3.210403316,1.21,16.6,0,15.5,51.6,32.43333333,27.24285714,21,21,28.66666667,39.42857143,4.6,4.242857143,6.8,6.8,30.37760132,27.3083656,0.019091901,5,5
14,9,2017,9/14/2017,20.785807,0,28.8,37,1.8,0,0,21.16,4.3,0.171,257,-0.955210651,-0.295926701,-1,-1.84E-16,3.95961263,2.494555957,18.144,4.490200722,3.24,16.2,0,9.3,51.6,32.36666667,29.01428571,21,21,28,32.28571429,3.866666667,3.557142857,6.8,6.8,30.32432093,29.6541828,0.00572757,6,6
15,9,2017,9/15/2017,18.835938,0,30.6,31,0.5,0,7,20.7,4.27,0.161,258,-0.960149874,-0.279485635,-1,-1.84E-16,4.391291947,3.029991443,21.114,1.514995722,0.25,16.8,0,0,51.3,31.43333333,29.97142857,21,21,30,31.57142857,3.233333333,3.542857143,6.8,6.8,29.86702465,33.3270914,0.001718271,7,7
16,9,2017,9/16/2017,21.273438,0,31.1,32,6.9,0,8,20.16,4.17,0.157,259,-0.964806136,-0.262962203,-1,-1.84E-16,4.518232383,3.072398021,21.148,21.19954634,47.61,17.5,0,0,51.3,29.86666667,30.61428571,31,21,33.33333333,31.71428571,1.133333333,2.885714286,1.8,6.8,30.08691725,32.1635457,0.000515481,8,8
17,9,2017,9/17/2017,20.786459,0,32.1,24,0.8,0,2,20.58,4.37,0.154,260,-0.969178065,-0.246361274,-1,-1.84E-16,4.78171017,3.634099729,24.396,2.907279784,0.64,16.9,0,0,50.9,30.16666667,31.14285714,31,21,33.33333333,31.14285714,3.066666667,3.442857143,6.9,6.9,30.39084208,32.08177285,0.000154644,9,9
18,9,2017,9/18/2017,21.929037,0,32.6,41,3.4,0,22,19.97,4.29,0.15,261,-0.973264374,-0.229687742,-1,-1.84E-16,4.918381272,2.901844951,19.234,9.866272832,11.56,20.8,0,0,49.3,31.26666667,31.38571429,24,21,29,29.71428571,2.733333333,3.085714286,6.9,6.9,30.90358945,28.04088643,4.64E-05,10,10
19,9,2017,9/19/2017,21.307291,0,31,43,4,0,46,18.72,4.03,0.149,262,-0.977063856,-0.21294652,-1,-1.84E-16,4.492592251,2.560777583,17.67,10.24311033,16,19.6,0,0,46.8,31.93333333,31.52857143,24,21,32.33333333,31.14285714,3.7,3.042857143,6.9,6.9,31.41251262,34.52044321,1.39E-05,11,11
20,9,2017,9/20/2017,30.398438,0,33.6,23,1.1,0,8,20.04,4.19,0.153,263,-0.980575394,-0.196142541,-1,-1.84E-16,5.201930456,4.005486451,25.872,4.406035096,1.21,18.2,0,0,46.8,31.9,30.91428571,24,24,36,34.28571429,2.733333333,2.642857143,4,6.9,31.28875883,38.76022161,4.18E-06,12,12
21,9,2017,9/21/2017,35.85742,1,33,22,5.7,0,23,17.58,4.15,0.156,264,-0.983797952,-0.179280759,-1,-1.84E-16,5.030147796,3.923515281,25.74,22.3640371,32.49,17.4,0,0,46.8,32.4,31.4,23,23,35.66666667,33,2.833333333,2.642857143,4,6.9,31.98213118,30.8801108,1.25E-06,13,13
22,9,2017,9/22/2017,1.3053385,0,21.4,52,11.8,4.1,51,11.91,2.28,0.181,265,-0.986730579,-0.162366141,-1,-1.84E-16,2.548770598,1.223409887,10.272,14.43623667,139.24,11.8,0,0,39.3,32.53333333,32,22,22,29.33333333,30.85714286,3.6,3.2,5.7,6.9,32.28749183,26.4400554,3.76E-07,14,14
23,9,2017,9/23/2017,2.8378906,0,20.6,51,10,0,35,13.27,2.46,0.186,266,-0.989372413,-0.145403674,-1,-1.84E-16,2.426552312,1.189010633,10.094,11.89010633,100,10.8,4.1,4.1,26.5,29.33333333,30.68571429,22,22,32.33333333,33.85714286,6.2,4.814285714,11.8,11.8,29.02124428,39.2200277,2.870000113,0,0
24,9,2017,9/24/2017,7.5084634,0,22,44,2.6,0,19,19.15,3.4,0.18,267,-0.991722674,-0.128398355,-1,-1.84E-16,2.643931192,1.480601468,12.32,3.849563816,6.76,10.8,4.1,4.1,26.5,25,29.18571429,22,22,41.66666667,36.57142857,9.166666667,5.257142857,11.8,11.8,26.494871,45.11001385,0.861000034,1,1
25,9,2017,9/25/2017,13.973958,0,24.4,44,4.7,0,47,16.38,3.19,0.172,268,-0.99378067,-0.111355197,-1,-1.84E-16,3.056312653,1.711535086,13.664,8.044214903,22.09,13.2,4.1,4.1,26.5,21.33333333,27.74285714,44,22,49,39.42857143,8.133333333,5.514285714,11.8,11.8,25.1464097,44.55500693,0.25830001,2,2
26,9,2017,9/26/2017,16.216797,0,24.4,41,2.1,0,90,14.42,2.9,0.166,269,-0.995545794,-0.094279222,-1,-1.84E-16,3.056312653,1.803224465,14.396,3.786771377,4.41,12.6,0,4.1,26.5,22.33333333,26.57142857,44,22,46.33333333,39.85714286,5.766666667,5.7,10,11.8,24.92248679,44.27750346,0.077490003,3,3
27,9,2017,9/27/2017,6.4765625,0,24.1,49,2.2,0,67,12.96,2.43,0.169,270,-0.997017526,-0.077175462,-1,-1.84E-16,3.001874544,1.530956018,12.291,3.368103239,4.84,13.9,0,4.1,26.5,23.6,25.62857143,41,22,43,39.57142857,3.133333333,5.428571429,4.7,11.8,24.76574075,42.63875173,0.023247001,4,4
28,9,2017,9/28/2017,1.8860677,0,19.9,56,2.9,2.3,97,6.3,1.36,0.292,271,-0.998195433,-0.060048959,-1,-1.84E-16,2.323845764,1.022492136,8.756,2.965227195,8.41,11.1,0,4.1,26.5,24.3,24.27142857,41,22,44.66666667,43.28571429,3,5.585714286,4.7,11.8,24.56601853,45.81937587,0.0069741,5,5
29,9,2017,9/29/2017,5.3496094,0,18.2,52,2.9,0.1,52,13.69,2.42,0.273,272,-0.999079167,-0.042904758,-1,-1.84E-16,2.090087801,1.003242145,8.736,2.909402219,8.41,8.6,2.3,6.4,28.8,22.8,22.4,41,41,48.66666667,48.14285714,2.4,5.185714286,2.9,11.8,23.16621297,50.90968793,1.61209223,0,0
30,9,2017,9/30/2017,10.555989,0,21,46,3.2,0,61,14.72,2.65,0.259,273,-0.999668468,-0.025747914,-1,-1.84E-16,2.487005397,1.342982915,11.34,4.297545326,10.24,10.2,2.4,2.4,26.1,20.73333333,21.94285714,49,41,52.33333333,48.14285714,2.666666667,3.914285714,2.9,10,21.67634908,51.45484397,0.553627669,0,0
1,10,2017,10/1/2017,0.2311198,0,17.1,83,3,4.4,81,9.33,1.62,0.303,274,-0.999963161,-0.008583481,-0.866025404,0.5,1.950043263,0.331507355,2.907,0.994522064,9,13.7,2.4,2.4,22.7,19.7,22,46,41,51.33333333,47.42857143,3,2.942857143,3.2,4.7,21.47344435,48.72742198,0.166088301,1,1
2,10,2017,10/2/2017,0.140625,0,16,65,4.4,7.7,99,3.24,0.81,0.369,275,-0.999963161,0.008583481,-0.866025404,0.5,1.81828668,0.636400338,5.6,2.800161488,19.36,9,4.5,6.8,27.1,18.76666667,21.3,46,41,60.33333333,53,3.033333333,3,3.2,4.7,20.16141105,65.86371099,3.12982649,0,0
3,10,2017,10/3/2017,0.7786458,0,14.9,53,3.1,1.8,41,15.21,2.37,0.332,276,-0.999668468,0.025747914,-0.866025404,0.5,1.694398038,0.796367078,7.003,2.468737941,9.61,5.5,12.1,14.5,34.8,18.03333333,20.1,46,41,64.66666667,56,3.533333333,2.957142857,4.4,4.4,18.91298773,65.4318555,6.328947947,0,0
4,10,2017,10/4/2017,2.7167969,0,17.2,43,2.9,0,0,18.1,2.89,0.31,277,-0.999079167,0.042904758,-0.866025404,0.5,1.962425658,1.118582625,9.804,3.243889612,8.41,5.8,13.9,16.3,36.6,16,18.74285714,53,46,67,57.71428571,3.5,3.1,4.4,4.4,17.70909141,59.21592775,3.158684384,0,0
5,10,2017,10/5/2017,5.2890625,0,18.4,56,1.1,0,8,17.5,2.83,0.296,278,-0.998195433,0.060048959,-0.866025404,0.5,2.116474806,0.931248915,8.096,1.024373806,1.21,9.6,9.5,16.3,36.6,16.03333333,17.75714286,43,43,53.66666667,56.85714286,3.466666667,3.2,4.4,4.4,17.55636399,51.10796387,0.947605315,1,1
6,10,2017,10/6/2017,9.082683,0,21.3,42,7.6,0,9,17.17,2.91,0.285,279,-0.997017526,0.077175462,-0.866025404,0.5,2.533204981,1.469258889,12.354,11.16636756,57.76,9.7,1.8,14,35.9,16.83333333,17.54285714,43,43,50.66666667,56.85714286,2.366666667,2.942857143,3.1,4.4,17.80945479,53.55398194,0.284281595,2,2
7,10,2017,10/7/2017,11.509114,0,22.4,32,7.6,0,44,14.64,2.82,0.276,280,-0.995545794,0.094279222,-0.866025404,0.5,2.709082405,1.842176036,15.232,14.00053787,57.76,8.8,0,13.9,29.7,18.96666667,17.98571429,42,42,47,55.42857143,3.866666667,3.614285714,7.6,7.6,18.85661835,47.77699097,0.085284478,3,3
8,10,2017,10/8/2017,8.619141,0,25,42,9.8,0,60,8.66,1.79,0.284,281,-0.99378067,0.111355197,-0.866025404,0.5,3.167777718,1.837311076,14.5,18.00564855,96.04,13.4,0,13.9,20.4,20.7,18.18571429,32,32,43.33333333,53.42857143,5.433333333,4.242857143,7.6,7.6,19.91963285,39.88849548,0.025585344,4,4
9,10,2017,10/9/2017,0.1529948,0,14.9,53,4.3,5.5,80,9.26,1.6,0.326,282,-0.991722674,0.128398355,-0.866025404,0.5,1.694398038,0.796367078,7.003,3.424378434,18.49,5.5,0,9.5,20.4,22.9,19.31428571,32,32,38.66666667,47.57142857,8.333333333,5.214285714,9.8,9.8,21.44374299,40.94424774,0.007675603,5,5
10,10,2017,10/10/2017,0.84309894,0,16,53,1.3,0,41,10.56,1.74,0.307,283,-0.989372413,0.145403674,-0.866025404,0.5,1.81828668,0.85459474,7.52,1.110973162,1.69,6.6,5.5,7.3,25.9,20.76666667,19.15714286,32,32,42.33333333,45.85714286,7.233333333,5.2,9.8,9.8,19.4806201,46.97212387,3.852302681,0,0
11,10,2017,10/11/2017,2.0065105,0,16.3,49,1.5,0,54,11.56,1.89,0.296,284,-0.986730579,0.162366141,-0.866025404,0.5,1.853422649,0.945245551,8.313,1.417868327,2.25,6.1,5.5,5.5,25.9,18.63333333,19.31428571,42,32,49.33333333,45.85714286,5.133333333,4.942857143,9.8,9.8,18.43643407,49.98606194,1.155690804,1,1
12,10,2017,10/12/2017,4.1061196,0,15.3,49,1.8,0,7,15.97,2.4,0.287,285,-0.983797952,0.179280759,-0.866025404,0.5,1.738563895,0.886667587,7.803,1.596001656,3.24,5.1,5.5,5.5,25.9,15.73333333,19.18571429,49,32,51.66666667,46.71428571,2.366666667,4.742857143,4.3,9.8,17.79550385,49.49303097,0.346707241,2,2
13,10,2017,10/13/2017,7.4583335,0,17.6,44,1.3,0,0,15.88,2.56,0.279,286,-0.980575394,0.196142541,-0.866025404,0.5,2.012646543,1.127082064,9.856,1.465206683,1.69,6.4,0,5.5,25.9,15.86666667,18.74285714,49,32,50.33333333,45.71428571,1.533333333,4.842857143,1.8,9.8,17.04685269,49.24651548,0.104012172,3,3
14,10,2017,10/14/2017,3.4414062,0,15.8,55,1.3,1,58,8.82,1.45,0.276,287,-0.977063856,0.21294652,-0.866025404,0.5,1.795188282,0.807834727,7.11,1.050185145,1.69,6.8,0,5.5,25.9,16.4,18.21428571,44,32,47.33333333,46,1.533333333,3.942857143,1.8,9.8,17.21279688,46.62325774,0.031203652,4,4
15,10,2017,10/15/2017,0.66796875,0,15.1,60,6.1,1.8,98,4.56,0.99,0.274,288,-0.973264374,0.229687742,-0.866025404,0.5,1.716356408,0.686542563,6.04,4.187909635,37.21,7.1,1,6.5,26.9,16.23333333,17.27142857,44,42,49.33333333,49.28571429,1.466666667,3.042857143,1.8,9.8,16.78895782,50.81162887,0.709361096,0,0
16,10,2017,10/16/2017,0.9785156,0,15.5,71,6.2,0.2,89,2.21,0.61,0.275,289,-0.969178065,0.246361274,-0.866025404,0.5,1.761022898,0.51069664,4.495,3.166319171,38.44,9.7,2.8,8.3,28.7,16.16666667,15.85714286,44,44,53,51.85714286,2.9,2.514285714,6.1,6.1,16.28227047,55.40581444,1.472808329,0,0
17,10,2017,10/17/2017,0.54296875,0,16.2,55,2.5,0.5,16,14.21,2.29,0.279,290,-0.964806136,0.262962203,-0.866025404,0.5,1.84164513,0.828740309,7.29,2.071850772,6.25,7.2,3,3,28.9,15.46666667,15.94285714,55,44,62,54.42857143,4.533333333,2.785714286,6.2,6.2,16.04758933,63.20290722,0.581842499,0,0
18,10,2017,10/18/2017,2.2877605,0,20,44,2.3,0,0,14.87,2.46,0.271,291,-0.960149874,0.279485635,-0.866025404,0.5,2.338281271,1.309437512,11.2,3.011706277,5.29,8.8,2.5,3.5,29.4,15.6,15.97142857,55,44,62,54.71428571,4.933333333,2.957142857,6.2,6.2,16.09331253,59.10145361,0.52455275,0,0
19,10,2017,10/19/2017,6.095703,0,19.9,45,4.6,0,0,14.69,2.41,0.266,292,-0.955210651,0.295926701,-0.866025404,0.5,2.323845764,1.27811517,10.945,5.879329782,21.16,8.9,0.7,3.5,29.4,17.23333333,16.5,44,44,56.66666667,54,3.666666667,3.071428571,6.2,6.2,17.26531877,51.5507268,0.157365825,1,1
20,10,2017,10/20/2017,8.670573,0,20.2,44,1.8,0,1,14.6,2.46,0.26,293,-0.949989923,0.312280557,-0.866025404,0.5,2.367387698,1.325737111,11.312,2.386326799,3.24,9,0.5,3.5,29.4,18.7,17.15714286,44,44,48,53.42857143,3.133333333,3.471428571,4.6,6.2,18.05572314,48.2753634,0.047209747,2,2
21,10,2017,10/21/2017,9.938802,0,19.9,44,1.6,0,3,14.67,2.47,0.255,294,-0.944489229,0.328542382,-0.866025404,0.5,2.323845764,1.301353628,11.144,2.082165804,2.56,8.7,0,3.5,29.4,20.03333333,17.52857143,44,44,44.33333333,53.42857143,2.9,3.542857143,4.6,6.2,18.6990062,46.1376817,0.014162924,3,3
22,10,2017,10/22/2017,14.807292,0,19.7,35,3.5,0,24,13.6,2.31,0.25,295,-0.938710189,0.344707384,-0.866025404,0.5,2.295208371,1.491885441,12.805,5.221599044,12.25,6.7,0,2.5,29.4,20,18.11428571,44,44,44.33333333,51.85714286,2.666666667,3.585714286,4.6,6.2,19.05930434,45.06884085,0.004248877,4,4
23,10,2017,10/23/2017,9.4817705,0,17.5,57,8.4,0.1,93,12.3,2.06,0.243,296,-0.932654508,0.360770799,-0.866025404,0.5,1.999986975,0.859994399,7.525,7.223952953,70.56,8.9,0,0.7,25.3,19.93333333,18.77142857,35,35,41,48.28571429,2.3,3.214285714,3.5,6.2,19.25151304,40.03442043,0.001274663,5,5
24,10,2017,10/24/2017,15.948567,0,22.2,39,5.4,0,68,13.24,2.57,0.24,297,-0.926323968,0.376727894,-0.866025404,0.5,2.676333659,1.632563532,13.542,8.815843074,29.16,10,0.1,0.6,25.4,19.03333333,19.05714286,35,35,45.33333333,46.28571429,4.5,3.528571429,8.4,8.4,18.72605913,48.51721021,0.070382399,0,0
25,10,2017,10/25/2017,7.6132812,0,16.7,61,6.5,0.5,88,6.9,1.22,0.255,298,-0.919720437,0.392573965,-0.866025404,0.5,1.901195309,0.74146617,6.513,4.819530108,42.25,8.9,0.1,0.1,25.4,19.8,19.91428571,35,35,43.66666667,44,5.766666667,3.942857143,8.4,8.4,19.76824139,43.75860511,0.02111472,1,1
26,10,2017,10/26/2017,0.119140625,0,18.3,57,3.3,3.6,61,9.8,1.53,0.28,299,-0.91284586,0.408304342,-0.866025404,0.5,2.103245085,0.904395386,7.869,2.984504775,10.89,9.7,0.6,0.6,25.9,18.8,19.44285714,39,35,52.33333333,46.42857143,6.766666667,4.542857143,8.4,8.4,18.84776897,52.37930255,0.356334416,0,0
27,10,2017,10/27/2017,0.16015625,0,13.3,78,4.7,0.4,49,11.08,1.68,0.275,300,-0.905702263,0.423914391,-0.866025404,0.5,1.527417713,0.336031897,2.926,1.579349915,22.09,8.9,4.1,4.2,29.5,19.06666667,19.21428571,39,35,52.33333333,48.14285714,5.066666667,4.357142857,6.5,8.4,18.68343828,54.68965128,2.626900325,0,0
28,10,2017,10/28/2017,1.094401,0,19.4,48,7.2,0,60,9.86,1.58,0.271,301,-0.898291752,0.43939951,-0.866025404,0.5,2.252831002,1.171472121,10.088,8.434599272,51.84,9,4.5,4.6,29.9,16.1,18.22857143,57,35,65.33333333,53,4.833333333,4.771428571,6.5,8.4,17.0684068,66.34482564,1.068070097,0,0
29,10,2017,10/29/2017,0.002604169,0,12.8,75,7.1,10.5,81,5.72,0.96,0.337,302,-0.890616509,0.454755136,-0.866025404,0.5,1.478288125,0.369572031,3.2,2.623961422,50.41,7.8,4,4.6,27.6,17,18.15714286,48,35,61,53.57142857,5.066666667,5.571428571,7.2,8.4,17.76788476,57.17241282,0.320421029,1,1
30,10,2017,10/30/2017,0.013671876,0,10.6,72,9.7,2.9,86,4.94,0.77,0.354,303,-0.882678798,0.469976743,-0.866025404,0.5,1.278215907,0.357900454,2.968,3.471634402,94.09,5,10.9,15.1,38,15.16666667,17.17142857,48,39,67,59.28571429,6.333333333,6.085714286,7.2,8.4,16.27751933,66.08620641,7.446126309,0,0
31,10,2017,10/31/2017,0.012369793,0,9.4,54,12.6,2,78,7.43,1,0.352,304,-0.874480958,0.485059846,-0.866025404,0.5,1.179454917,0.542549262,4.324,6.836120701,158.76,0.2,13.4,17.9,40.9,14.26666667,16.18571429,48,39,65,61.42857143,8,6.271428571,9.7,9.7,14.57426353,69.0431032,4.263837893,0,0
1,5,2018,5/1/2018,12.421224,0,24.3,43,0.5,0,18,24.71,4.68,0.223,121,0.874480958,-0.485059846,0.5,-0.866025404,3.038071715,1.731700878,13.851,0.865850439,0.25,12.9,15.4,19.9,38.5,10.93333333,14.35714286,54,48,67,63.57142857,9.8,7.3,12.6,12.6,13.02198447,61.5215516,2.679151368,0,0
2,5,2018,5/2/2018,12.507161,0,24.8,46,1.8,0,28,23.88,4.5,0.234,122,0.866025404,-0.5,0.5,-0.866025404,3.130235219,1.690327018,13.392,3.042588633,3.24,14,4.9,19.4,30.8,14.76666667,15.44285714,43,43,56.33333333,61,7.6,6.442857143,12.6,12.6,16.40538913,52.2607758,0.80374541,1,1
3,5,2018,5/3/2018,12.107422,0,26,41,2.9,0,35,22.43,4.22,0.247,123,0.857314628,-0.514792802,0.5,-0.866025404,3.361439829,1.983249499,15.34,5.751423547,8.41,14.2,2,15.8,29,19.5,16.37142857,43,43,47.66666667,59.42857143,4.966666667,6.228571429,12.6,12.6,18.92377239,49.1303879,0.241123623,2,2
4,5,2018,5/4/2018,11.348308,0,25.6,45,1.8,0.9,17,23.47,4.52,0.239,124,0.848351198,-0.529433891,0.5,-0.866025404,3.28277117,1.805524143,14.08,3.249943458,3.24,14.6,0,15.4,29,25.03333333,18.18571429,41,41,43.33333333,54.14285714,1.733333333,5.971428571,2.9,12.6,21.04664067,45.06519395,0.072337087,3,3
5,5,2018,5/5/2018,11.9244795,0,25.8,45,1.5,0,40,23.17,4.44,0.237,125,0.839137755,-0.543918954,0.5,-0.866025404,3.321902528,1.827046391,14.19,2.740569586,2.25,14.8,0.9,16.3,29.9,25.46666667,19.07142857,41,41,44,53.71428571,2.166666667,5.2,2.9,12.6,22.41264847,45.03259698,0.651701126,0,0
6,5,2018,5/6/2018,3.735677,0,20.5,72,1.8,2.9,76,12.97,2.35,0.273,126,0.829677014,-0.558243722,0.5,-0.866025404,2.41164128,0.675259559,5.74,1.215467205,3.24,14.9,0.9,5.8,29.9,25.8,20.92857143,41,41,43.66666667,49.42857143,2.066666667,4.4,2.9,12.6,23.42885393,45.01629849,0.195510338,1,1
7,5,2018,5/7/2018,0.028645834,0,16.9,86,0.8,12.5,92,8.15,1.57,0.368,127,0.819971763,-0.572403973,0.5,-0.866025404,1.925483602,0.269567704,2.366,0.215654163,0.64,14.1,3.8,5.8,32.8,23.96666667,22.34285714,45,41,54,49.42857143,1.7,3.271428571,1.8,12.6,22.55019775,58.50814924,2.088653101,0,0
8,5,2018,5/8/2018,0.41145834,0,20.2,61,0.7,5.1,96,16.78,2.87,0.338,128,0.810024863,-0.586395533,0.5,-0.866025404,2.367387698,0.923281202,7.878,0.646296841,0.49,12.4,15.4,16.3,45.3,21.06666667,23.41428571,45,41,67.66666667,54,1.366666667,1.585714286,1.8,2.9,20.85513843,72.25407462,9.37659593,0,0
9,5,2018,5/9/2018,0.005208334,0,16.9,75,7.2,3.2,84,11.37,1.97,0.385,129,0.799839245,-0.600214281,0.5,-0.866025404,1.925483602,0.481370901,4.225,3.465870484,51.84,11.9,20.5,21.4,44.9,19.2,22.82857143,61,41,73,56.57142857,1.1,1.614285714,1.8,2.9,20.6585969,66.62703731,6.382978779,0,0
10,5,2018,5/10/2018,0.02213542,0,19.3,69,9.8,8.4,80,16.75,2.85,0.381,130,0.78941791,-0.613856142,0.5,-0.866025404,2.238858125,0.694046019,5.983,6.801650983,96.04,13.1,20.8,24.6,48.1,18,21.7,61,41,74,60.71428571,2.9,2.385714286,7.2,7.2,19.53101783,70.81351866,4.154893634,0,0
11,5,2018,5/11/2018,0.018229168,0,18.1,73,3.7,2.7,83,13.42,2.33,0.38,131,0.778763931,-0.627317097,0.5,-0.866025404,2.077002619,0.560790707,4.887,2.074925616,13.69,12.7,16.7,33,56.5,18.8,20.74285714,61,45,68.33333333,64.71428571,5.9,3.371428571,9.8,9.8,19.46171248,69.90675933,7.12646809,0,0
12,5,2018,5/12/2018,0.065104164,0,16.7,67,7.1,5.1,61,18.59,3.09,0.398,132,0.767880446,-0.640593179,0.5,-0.866025404,1.901195309,0.627394452,5.511,4.454500609,50.41,10.1,14.3,34.8,59.2,18.1,19.67142857,69,45,72.33333333,68.71428571,6.9,3.642857143,9.8,9.8,19.05319874,71.45337966,4.027940427,0,0
13,5,2018,5/13/2018,0.37044272,0,16.2,42,1.9,1.9,4,28.85,4.54,0.374,133,0.756770663,-0.653680475,0.5,-0.866025404,1.84164513,1.068154176,9.396,2.029492934,3.61,4.6,16.2,39.9,64.3,18.03333333,18.37142857,67,61,69.66666667,71.85714286,6.866666667,4.442857143,9.8,9.8,18.34723912,69.22668983,4.778382128,0,0
14,5,2018,5/14/2018,1.171875,0,20.5,49,2.9,0,9,25.65,4.38,0.359,134,0.745437857,-0.666575128,0.5,-0.866025404,2.41164128,1.229937053,10.455,3.566817454,8.41,10.3,9.7,38.9,65.2,17,17.75714286,42,42,60.66666667,67.57142857,4.233333333,4.457142857,7.1,9.8,17.70306738,55.61334492,2.763514638,0,0
15,5,2018,5/15/2018,5.0527344,0,23.1,43,0.4,0.8,16,26.74,4.8,0.345,135,0.733885366,-0.679273339,0.5,-0.866025404,2.826475201,1.611090865,13.167,0.644436346,0.16,11.7,7,26.4,63.4,17.8,18.27142857,42,42,52.66666667,62.28571429,3.966666667,4.757142857,7.1,9.8,18.54214717,52.30667246,0.829054392,1,1
16,5,2018,5/16/2018,8.48112,0,26.2,43,0.8,0,34,25.91,5,0.334,136,0.722116597,-0.691771365,0.5,-0.866025404,3.40138661,1.938790367,14.934,1.551032294,0.64,14.8,2.7,22.1,64,19.93333333,18.68571429,42,42,44.66666667,59.71428571,1.733333333,4.714285714,2.9,9.8,19.90950302,47.65333623,0.808716317,0,0
17,5,2018,5/17/2018,10.707683,0,27.8,49,4.4,0.2,78,21.24,4.15,0.321,137,0.710135016,-0.704065522,0.5,-0.866025404,3.736134941,1.90542882,14.178,8.383886807,19.36,17.6,0.8,18.9,63.5,23.26666667,20.01428571,43,42,45,55.14285714,1.366666667,3.8,2.9,9.8,21.79665211,45.32666811,0.242614895,1,1
18,5,2018,5/18/2018,3.5279949,0,22.1,66,2.4,2.1,90,17.07,3.27,0.311,138,0.697944155,-0.716152188,0.5,-0.866025404,2.660089335,0.904430374,7.514,2.170632897,5.76,15.3,1,10.7,63.7,25.7,21.22857143,43,42,45,52.28571429,1.866666667,3.028571429,4.4,7.1,23.59765648,47.16333406,0.212784469,0,0
19,5,2018,5/19/2018,2.9954426,0,24.8,57,10.8,2.5,56,22.87,4.28,0.322,139,0.685547606,-0.728027801,0.5,-0.866025404,3.130235219,1.346001144,10.664,14.53681236,116.64,16.2,2.3,10.1,65.8,25.36666667,21.8,43,42,52.66666667,51.28571429,2.533333333,2.842857143,4.4,7.1,23.14835953,56.58166703,1.533835341,0,0
20,5,2018,5/20/2018,3.9479167,0,23.6,62,6.5,2.1,60,18.78,3.41,0.348,140,0.672949024,-0.739688861,0.5,-0.866025404,2.913023,1.10694874,8.968,7.195166811,42.25,16,4.8,7.5,68.3,24.9,22.95714286,49,42,57.33333333,49.85714286,5.866666667,3.371428571,10.8,10.8,23.64385167,56.79083351,2.210150602,0,0
21,5,2018,5/21/2018,2.391927,0,21.8,65,0.5,3.4,77,20.02,3.69,0.362,141,0.660152121,-0.751131931,0.5,-0.866025404,2.611871906,0.914155167,7.63,0.457077584,0.25,14.8,6.7,7.7,70.4,23.5,24.01428571,57,43,61.66666667,52.71428571,6.566666667,4.028571429,10.8,10.8,23.63069617,59.39541676,2.133045181,0,0
22,5,2018,5/22/2018,2.7519531,0,24.7,58,1.8,0.4,49,23.03,4.26,0.356,142,0.647160667,-0.762353639,0.5,-0.866025404,3.111609911,1.306876163,10.374,2.352377093,3.24,16.3,8,11.1,73.8,23.4,24.2,57,43,61.33333333,55,5.933333333,3.685714286,10.8,10.8,23.08148732,62.19770838,3.019913554,0,0
23,5,2018,5/23/2018,2.889323,0,24.4,61,1.6,0.3,60,22.35,4.24,0.345,143,0.633978493,-0.773350678,0.5,-0.866025404,3.056312653,1.191961935,9.516,1.907139095,2.56,16.6,5.9,10.7,74.1,23.36666667,24.42857143,58,43,61.66666667,57.14285714,2.933333333,3.885714286,6.5,10.8,23.56704112,60.09885419,1.185974066,0,0
24,5,2018,5/24/2018,5.1171875,0,25.5,57,0.8,0,66,24.65,4.7,0.329,144,0.620609482,-0.784119807,0.5,-0.866025404,3.263356619,1.403243346,10.965,1.122594677,0.64,16.9,4.1,11,74.4,23.63333333,24.17142857,58,49,61.33333333,59.71428571,1.3,4,1.8,10.8,23.81692879,60.54942709,0.56579222,0,0
25,5,2018,5/25/2018,3.9036458,0,24,65,0.7,3,70,18.19,3.38,0.346,145,0.607057574,-0.794657852,0.5,-0.866025404,2.983917477,1.044371117,8.4,0.731059782,0.49,17,0.7,10.8,73.9,24.86666667,23.84285714,57,57,58.66666667,60.85714286,1.4,3.485714286,1.8,10.8,24.32185015,58.77471355,0.169737666,1,1
26,5,2018,5/26/2018,5.1009116,0,23.7,59,1.9,1.9,67,20.5,3.82,0.365,146,0.593326764,-0.804961708,0.5,-0.866025404,2.930607375,1.201549024,9.717,2.282943145,3.61,15.5,3.3,11.7,73.3,24.63333333,24.11428571,57,57,61,60.71428571,1.033333333,3.242857143,1.6,10.8,24.22529511,61.88735677,2.1509213,0,0
27,5,2018,5/27/2018,1.1197916,0,24,64,0.7,2.2,81,18.36,3.42,0.357,147,0.579421098,-0.815028338,0.5,-0.866025404,2.983917477,1.074210292,8.64,0.751947204,0.49,16.8,4.9,11.1,74.8,24.4,23.95714286,57,57,60.33333333,61,1.133333333,1.971428571,1.9,6.5,24.06770657,60.44367839,1.97527639,0,0
28,5,2018,5/28/2018,1.6269531,0,22.9,70,3.8,3.5,86,17.09,3.29,0.344,148,0.565344674,-0.824854775,0.5,-0.866025404,2.792489766,0.83774693,6.87,3.183438333,14.44,16.9,7.1,11.2,77,23.9,24.01428571,59,57,62.66666667,61.28571429,1.1,1.142857143,1.9,1.9,24.0473946,62.22183919,2.132582917,0,0
29,5,2018,5/29/2018,1.1992188,0,22.2,71,3.1,4.6,91,17.32,3.23,0.35,149,0.55110164,-0.834438124,0.5,-0.866025404,2.676333659,0.776136761,6.438,2.40602396,9.61,16.4,7.6,11.3,70,23.53333333,24.17142857,59,57,64.33333333,62,2.133333333,1.614285714,3.8,3.8,23.70317622,66.1109196,3.089774875,0,0
30,5,2018,5/30/2018,1.9654948,0,22.7,59,2.6,5.9,75,21.37,3.95,0.34,150,0.536696194,-0.84377556,0.5,-0.866025404,2.758861627,1.131133267,9.307,2.940946494,6.76,14.5,10.3,15.5,71.7,23.03333333,23.81428571,64,57,68.33333333,63.85714286,2.533333333,1.8,3.8,3.8,23.25222335,68.5554598,4.146932463,0,0
31,5,2018,5/31/2018,1.0364584,0,17.7,78,2.5,1.1,87,6.02,1.37,0.346,151,0.522132581,-0.852864331,0.5,-0.866025404,2.02537622,0.445582768,3.894,1.113956921,6.25,13.3,14,21.1,75.6,22.6,23.57142857,59,57,66.66666667,63.57142857,3.166666667,1.942857143,3.8,3.8,23.08655635,63.7777299,5.374079739,0,0
1,6,2018,6/1/2018,2.3645833,0,22.7,56,1.8,0.2,46,26.53,4.91,0.346,152,0.507415093,-0.86170176,1.22E-16,-1,2.758861627,1.213899116,9.988,2.185018408,3.24,13.9,11.6,22.2,76.7,20.86666667,22.45714286,59,59,69.33333333,66.57142857,2.733333333,2.185714286,3.1,3.8,21.47058944,70.88886495,2.382223922,0,0
2,6,2018,6/2/2018,4.8561196,0,23.9,50,3.1,0,12,27.23,4.97,0.324,153,0.492548068,-0.870285241,1.22E-16,-1,2.966054202,1.483027101,11.95,4.597384013,9.61,13.9,7.2,19.4,76.9,21.03333333,22.27142857,56,56,64.33333333,65.28571429,2.3,2.342857143,2.6,3.8,21.83941261,63.44443247,0.854667176,0,0
3,6,2018,6/3/2018,6.4498696,0,23,58,1.8,0,21,27.32,4.96,0.307,154,0.477535886,-0.878612245,1.22E-16,-1,2.809437622,1.179963801,9.66,2.123934843,3.24,14.6,1.3,17.5,76.9,21.43333333,22.3,50,50,61.33333333,64,2.466666667,2.514285714,3.1,3.8,22.45758883,56.72221624,0.256400153,1,1
4,6,2018,6/4/2018,8.977214,0,24,58,1.1,0,12,29.28,5.37,0.291,155,0.462382973,-0.886680318,1.22E-16,-1,2.983917477,1.25324534,10.08,1.378569874,1.21,15.6,0.2,15.3,76,23.2,22.15714286,50,50,54.66666667,63.14285714,2.233333333,2.671428571,3.1,3.8,22.62031218,57.36110812,0.076920046,2,2
5,6,2018,6/5/2018,10.520833,0,26.2,43,3.9,0,55,24.09,4.49,0.274,156,0.447093793,-0.894487082,1.22E-16,-1,3.40138661,1.938790367,14.934,7.561282433,15.21,14.8,0,11.8,76,23.63333333,22.31428571,50,50,55.33333333,61.42857143,2,2.285714286,3.1,3.1,23.03421853,57.68055406,0.023076014,3,3
6,6,2018,6/6/2018,7.1302085,0,25.7,57,5.9,3.3,58,21.47,3.99,0.283,157,0.431672852,-0.902030237,1.22E-16,-1,3.302286327,1.41998312,11.051,8.377900411,34.81,17.1,0,7.2,73.1,24.4,22.88571429,43,43,53,57.42857143,2.266666667,2.4,3.9,3.9,23.98395297,50.34027703,0.006922804,4,4
7,6,2018,6/7/2018,9.647786,0,27.5,42,1.1,0.6,32,25.74,4.85,0.293,158,0.416124696,-0.909307559,1.22E-16,-1,3.671270209,2.129336721,15.95,2.342270394,1.21,15.9,3.3,4.6,63.9,25.3,23.31428571,43,43,52.66666667,57.14285714,3.633333333,2.871428571,5.9,5.9,24.49876708,53.67013851,2.312076841,0,0
8,6,2018,6/8/2018,9.259114,0,26.4,50,0.4,0.3,12,25.03,4.82,0.278,159,0.400453906,-0.916316904,1.22E-16,-1,3.441746435,1.720873217,13.2,0.688349287,0.16,16.4,3.9,4.1,59.4,26.46666667,24.71428571,42,42,47.33333333,52,3.633333333,2.671428571,5.9,5.9,25.39913695,47.83506926,1.113623052,0,0
9,6,2018,6/9/2018,12.524089,0,27.8,48,0.5,0.3,12,29.27,5.73,0.264,160,0.3846651,-0.923056207,1.22E-16,-1,3.736134941,1.942790169,14.456,0.971395085,0.25,17.4,4.2,4.2,56.5,26.53333333,25.24285714,42,42,49.66666667,51.14285714,2.466666667,2.471428571,5.9,5.9,25.69939587,48.91753463,0.544086916,0,0
10,6,2018,6/10/2018,18.164062,0,28.7,44,2,0,11,29.53,5.97,0.245,161,0.368762931,-0.92952348,1.22E-16,-1,3.936753503,2.204581962,16.072,4.409163923,4,17.5,1.2,4.5,48.4,27.23333333,25.8,42,42,46.66666667,50.85714286,0.666666667,2.1,1.1,5.9,26.32957711,48.45876731,0.373226075,0,0
11,6,2018,6/11/2018,20.34961,0,26.8,43,1.8,0,5,28.35,5.71,0.23,162,0.352752087,-0.935716819,1.22E-16,-1,3.523719593,2.008520168,15.276,3.615336302,3.24,15.4,0.6,4.5,45.7,27.63333333,26.61428571,44,42,47.33333333,48.85714286,0.966666667,2.128571429,2,5.9,27.04070398,46.22938366,0.111967822,1,1
12,6,2018,6/12/2018,19.6569,0,25.9,32,3.1,0,0,30.43,5.8,0.212,163,0.336637284,-0.941634398,1.22E-16,-1,3.341620215,2.272301746,17.612,7.044135414,9.61,12.3,0.3,4.5,40.6,27.76666667,27.01428571,43,42,45,46.71428571,1.433333333,2.228571429,2,5.9,26.96849278,44.61469183,0.033590347,2,2
13,6,2018,6/13/2018,18.771484,0,27.6,26,2.6,0,4,30.73,5.96,0.195,164,0.320423273,-0.947274472,1.22E-16,-1,3.69278196,2.732658651,20.424,7.104912492,6.76,12.8,0,4.5,38.7,27.13333333,26.97142857,32,32,39.66666667,45.14285714,2.3,2.114285714,3.1,5.9,26.64794495,38.30734591,0.010077104,3,3
14,6,2018,6/14/2018,18.455078,0,30.7,34,2.1,0,23,26.37,5.47,0.182,165,0.304114832,-0.952635381,1.22E-16,-1,4.416429033,2.914843162,20.262,6.12117064,4.41,17.5,0,1.2,38.7,26.76666667,27.24285714,26,26,33.66666667,40.71428571,2.5,1.642857143,3.1,3.1,26.93356146,32.15367296,0.003023131,4,4
15,6,2018,6/15/2018,20.0319,0,25.6,55,2.4,3.4,66,21.32,4.42,0.184,166,0.287716767,-0.957715543,1.22E-16,-1,3.28277117,1.477247026,11.52,3.545392863,5.76,16.6,0,0.6,37.9,28.06666667,27.7,26,26,30.66666667,39.57142857,2.6,1.785714286,3.1,3.1,28.06349302,33.07683648,0.000906939,5,5
16,6,2018,6/16/2018,22.605469,0,29.4,30,1.3,0.1,41,27.06,5.56,0.175,167,0.271233911,-0.962513463,1.22E-16,-1,4.099208154,2.869445708,20.58,3.73027942,1.69,15.4,3.4,3.7,41.3,27.96666667,27.58571429,26,26,38.33333333,40.28571429,2.366666667,2.071428571,2.6,3.1,27.32444512,44.03841824,2.380272082,0,0
17,6,2018,6/17/2018,6.6634116,0,21.9,63,6,3.2,94,12.91,2.58,0.203,168,0.25467112,-0.967027725,1.22E-16,-1,2.627858844,0.972307772,8.103,5.833846634,36,14.5,3.5,3.5,41.2,28.56666667,27.81428571,30,26,39.66666667,37.71428571,1.933333333,2.185714286,2.4,3.1,27.94711158,37.01920912,0.784081625,0,0
18,6,2018,6/18/2018,1.3847656,0,21.2,75,7.8,7.7,87,14.37,2.7,0.365,169,0.238033277,-0.971256999,1.22E-16,-1,2.517722492,0.629430623,5.3,4.90955886,60.84,16.2,6.7,6.7,42.3,25.63333333,26.84285714,30,26,49.33333333,40.42857143,3.233333333,2.757142857,6,6,26.13297811,50.00960456,2.475224487,0,0
19,6,2018,6/19/2018,1.2786459,0,24.8,59,6,1,64,17.98,3.42,0.346,170,0.221325284,-0.97520004,1.22E-16,-1,3.130235219,1.28339644,10.168,7.70037864,36,16.6,11,14.4,47.5,24.16666667,26.04285714,30,26,56,45,5.033333333,3.614285714,7.8,7.8,24.65308468,62.50480228,6.132567346,0,0
20,6,2018,6/20/2018,2.1412761,0,25.1,57,1.8,4.6,78,21.41,4.12,0.343,171,0.204552066,-0.978855685,1.22E-16,-1,3.186695762,1.370279178,10.793,2.46650252,3.24,16.5,11.9,15.4,46.4,22.63333333,25.88571429,59,26,65.66666667,48.85714286,6.6,4.028571429,7.8,7.8,24.69715927,60.75240114,2.539770204,0,0
21,6,2018,6/21/2018,5.7460938,0,26.7,47,3.5,0.5,52,27.17,5.42,0.316,172,0.187718565,-0.982222857,1.22E-16,-1,3.503068485,1.856626297,14.151,6.498192039,12.25,16.1,13.3,20,47.6,23.7,25.52857143,57,30,63.66666667,53.28571429,5.2,3.914285714,7.8,7.8,24.81801149,58.87620057,3.981931061,0,0
22,6,2018,6/22/2018,5.8450522,0,26.7,54,6.2,0,65,20.33,3.89,0.331,173,0.170829743,-0.985300563,1.22E-16,-1,3.503068485,1.611411503,12.282,9.990751319,38.44,17.5,6.1,20.5,47.7,25.53333333,24.95714286,47,30,54.33333333,55.14285714,3.766666667,4.114285714,6,7.8,25.38260804,52.93810028,1.544579318,0,0
23,6,2018,6/23/2018,3.2441406,0,26,51,5.2,3.9,47,22.73,4.25,0.359,174,0.153890577,-0.988087896,1.22E-16,-1,3.361439829,1.647105516,12.74,8.564948683,27.04,16.2,5.1,17.1,47.4,26.16666667,25.11428571,47,30,52.66666667,55,3.833333333,4.657142857,6.2,7.8,25.77782563,53.46905014,0.463373796,1,1
24,6,2018,6/24/2018,0.4205729,0,22.4,76,4.7,15.2,81,13.37,2.59,0.413,175,0.136906058,-0.990584035,1.22E-16,-1,2.709082405,0.650179777,5.376,3.055844953,22.09,17.6,4.4,20.9,51.3,26.46666667,24.62857143,47,47,50.66666667,58,4.966666667,5.214285714,6.2,7.8,25.84447794,52.23452507,2.869012139,0,0
25,6,2018,6/25/2018,1.2304688,0,24.9,66,1.3,1.4,75,19.39,3.73,0.395,176,0.119881192,-0.992788245,1.22E-16,-1,3.148957679,1.070645611,8.466,1.391839294,1.69,18.1,19.1,32.9,63.5,25.03333333,24.7,51,47,60.33333333,59.85714286,5.366666667,5.028571429,6.2,7.8,24.81113456,64.11726254,11.50070364,0,0
26,6,2018,6/26/2018,3.9101562,0,26.9,63,5.8,0,60,25.14,4.97,0.373,177,0.102820997,-0.994699876,1.22E-16,-1,3.544476671,1.311456368,9.953,7.606446936,33.64,19.5,20.5,26.6,63,24.43333333,25.22857143,51,47,64.33333333,58.57142857,3.733333333,4.1,5.2,6.2,24.83779419,65.05863127,4.430211092,0,0
27,6,2018,6/27/2018,6.3658853,0,28.9,53,2.8,0,15,25.32,5.15,0.352,178,0.0857305,-0.996318363,1.22E-16,-1,3.982587166,1.871815968,13.583,5.24108471,7.84,19.5,16.6,25.6,60.8,24.73333333,25.52857143,63,47,68.33333333,59.14285714,3.933333333,4.071428571,5.8,6.2,25.45645593,64.02931563,1.329063328,1,1
28,6,2018,6/28/2018,9.1119795,0,28.4,60,1,0,12,26.16,5.31,0.336,179,0.068614738,-0.997643232,1.22E-16,-1,3.868863717,1.547545487,11.36,1.547545487,1,20.4,1.4,21,57.3,26.9,26.07142857,53,47,60.66666667,58.57142857,3.3,4.214285714,5.8,6.2,26.48951915,58.51465782,0.398718998,2,2
29,6,2018,6/29/2018,9.016276,0,25.3,56,0.8,0.2,46,22.71,4.35,0.322,180,0.051478755,-0.99867409,1.22E-16,-1,3.224827591,1.41892414,11.132,1.135139312,0.64,16.5,0,20.5,52.7,28.06666667,26.31428571,53,51,58.66666667,60.42857143,3.2,3.857142857,5.8,6.2,27.06266341,59.25732891,0.119615699,3,3
30,6,2018,6/30/2018,4.6015625,0,24.9,64,6.1,0.5,22,23.69,4.38,0.34,181,0.034327601,-0.999410634,1.22E-16,-1,3.148957679,1.133624765,8.964,6.915111064,37.21,17.7,0.2,20.7,47,27.53333333,26.11428571,53,51,56.33333333,60.71428571,1.533333333,3.085714286,2.8,5.8,26.53386439,57.62866445,0.17588471,0,0
1,7,2018,7/1/2018,4.5677085,0,26.6,52,6.8,1.5,25,23.69,4.5,0.34,182,0.01716633,-0.999852648,-0.5,-0.866025404,3.482522891,1.671610988,12.768,11.36695472,46.24,17,0.7,17.3,46.4,26.2,25.95714286,56,53,60,62.57142857,2.633333333,3.214285714,6.1,6.1,26.04370507,60.81433223,0.402765413,0,0
2,7,2018,7/2/2018,5.015625,0,25.9,55,6.1,0.8,26,28.1,5.41,0.328,183,1.22E-16,-1,-0.5,-0.866025404,3.341620215,1.503729097,11.655,9.172747491,37.21,16.9,2.2,3.6,47.7,25.6,26.55714286,52,52,57.33333333,59.14285714,4.566666667,3.514285714,6.8,6.8,26.21059355,56.40716611,1.170829624,0,0
3,7,2018,7/3/2018,14.324219,0,27.6,43,1.5,0,1,30.28,6.01,0.307,184,-0.01716633,-0.999852648,-0.5,-0.866025404,3.69278196,2.104885717,15.732,3.157328576,2.25,16.2,2.8,3,48.5,25.8,26.7,52,52,57,57.57142857,6.333333333,4.2,6.8,6.8,26.11741548,55.70358306,0.911248887,0,0
4,7,2018,7/4/2018,18.259115,0,27.4,40,1,0,0,30.2,5.96,0.288,185,-0.034327601,-0.999410634,-0.5,-0.866025404,3.64986766,2.189920596,16.44,2.189920596,1,15.4,2.3,3,48.5,26.7,26.8,43,43,50,54.71428571,4.8,3.585714286,6.8,6.8,26.56219084,49.35179153,0.273374666,1,1
5,7,2018,7/5/2018,20.095053,0,26.5,42,2.3,0,0,30.37,5.82,0.267,186,-0.051478755,-0.99867409,-0.5,-0.866025404,3.462082359,2.008007768,15.37,4.618417867,5.29,14.9,0.8,3,48.5,26.96666667,26.58571429,40,40,46,52.85714286,2.866666667,3.328571429,6.1,6.8,26.81353359,44.67589576,0.0820124,2,2
6,7,2018,7/6/2018,18.78776,0,26.3,38,0.8,0,2,29.61,5.69,0.252,187,-0.068614738,-0.997643232,-0.5,-0.866025404,3.421514668,2.121339094,16.306,1.697071275,0.64,13.9,0,3,48.5,27.16666667,26.31428571,40,40,41.66666667,50.28571429,1.6,3.514285714,2.3,6.8,26.71947351,43.33794788,0.02460372,3,3
7,7,2018,7/7/2018,19.630209,0,27.6,39,0.5,0,6,28.46,5.59,0.238,188,-0.0857305,-0.996318363,-0.5,-0.866025404,3.69278196,2.252596996,16.836,1.126298498,0.25,15.4,0,2.8,45.2,26.73333333,26.45714286,38,38,40,47.71428571,1.366666667,3.514285714,2.3,6.8,26.59363146,40.66897394,0.007381116,4,4
8,7,2018,7/8/2018,17.540365,0,29.6,44,6.8,0,18,25.64,5.09,0.229,189,-0.102820997,-0.994699876,-0.5,-0.866025404,4.14668165,2.322141724,16.576,15.79056372,46.24,18.4,0,2.3,44.6,26.8,26.84285714,38,38,39.66666667,44.14285714,1.2,2.714285714,2.3,6.8,26.89554202,39.83448697,0.002214335,5,5
9,7,2018,7/9/2018,11.835286,0,27.6,58,3,1,51,22.19,4.47,0.234,190,-0.119881192,-0.992788245,-0.5,-0.866025404,3.69278196,1.550968423,11.592,4.65290527,9,19.2,0,0.8,44.3,27.83333333,27.27142857,38,38,40.33333333,43,2.7,2.714285714,6.8,6.8,27.70687941,41.91724349,0.0006643,6,6
10,7,2018,7/10/2018,15.283203,0,29.4,57,3.4,1,33,24.91,5.14,0.229,191,-0.136906058,-0.990584035,-0.5,-0.866025404,4.099208154,1.762659506,12.642,5.993042321,11.56,20.8,1,1,45,28.26666667,27.51428571,39,38,47,43.42857143,3.433333333,2.271428571,6.8,6.8,27.67481559,49.95862174,0.70019929,0,0
11,7,2018,7/11/2018,16.753906,0,30.1,43,3.1,0.1,12,28.38,5.75,0.216,192,-0.153890577,-0.988087896,-0.5,-0.866025404,4.267463105,2.43245397,17.157,7.540607306,9.61,18.7,2,2,46,28.86666667,27.77142857,44,38,53,45.42857143,4.4,2.542857143,6.8,6.8,28.19237091,53.47931087,0.910059787,0,0
12,7,2018,7/12/2018,14.649089,0,23.8,66,3.1,2,56,17.18,3.58,0.218,193,-0.170829743,-0.985300563,-0.5,-0.866025404,2.948284305,1.002416664,8.092,3.107491657,9.61,17,2.1,2.1,46.1,29.03333333,28.15714286,43,38,52.66666667,45.85714286,3.166666667,2.842857143,3.4,6.8,28.76465964,48.23965544,0.343017936,0,0
13,7,2018,7/13/2018,18.001953,0,28.9,46,1.8,0,33,25.59,5.15,0.212,194,-0.187718565,-0.982222857,-0.5,-0.866025404,3.982587166,2.150597069,15.606,3.871074725,3.24,18.1,3.1,4.1,48.1,27.76666667,27.77142857,43,38,55.33333333,49.28571429,3.2,2.957142857,3.4,6.8,27.27526175,57.11982772,1.502905381,0,0
14,7,2018,7/14/2018,18.771484,0,27.8,55,4.8,0.1,53,20.31,3.99,0.214,195,-0.204552066,-0.978855685,-0.5,-0.866025404,3.736134941,1.681260723,12.51,8.070051472,23.04,18.8,2.1,4.1,48.1,27.6,28.14285714,43,39,51.66666667,50.42857143,2.666666667,3.1,3.1,6.8,27.76268322,51.55991386,0.450871614,1,1
15,7,2018,7/15/2018,3.1588542,0,24.9,52,9.4,3.1,39,22.18,4.19,0.226,196,-0.221325284,-0.97520004,-0.5,-0.866025404,3.148957679,1.511499686,11.952,14.20809705,88.36,15.3,2.1,4.2,48.2,26.83333333,28.17142857,46,43,55.66666667,52.71428571,3.233333333,3.714285714,4.8,6.8,27.77387826,53.27995693,0.205261484,0,0
16,7,2018,7/16/2018,6.6080728,0,25,52,7.7,1.9,30,21.2,4.15,0.224,197,-0.238033277,-0.971256999,-0.5,-0.866025404,3.167777718,1.520533304,12,11.70810644,59.29,15.4,3.2,7.3,47.9,27.2,27.5,46,43,51,53.85714286,5.333333333,4.085714286,9.4,9.4,26.91171478,52.63997846,2.231578445,0,0
17,7,2018,7/17/2018,13.507161,0,28.2,36,4.7,0.1,2,28.74,5.72,0.213,198,-0.25467112,-0.967027725,-0.5,-0.866025404,3.824172018,2.447470092,18.048,11.50310943,22.09,15.4,5.1,8.2,49.7,25.9,27.12857143,52,43,53,53,7.3,4.757142857,9.4,9.4,26.33820035,52.31998923,1.999473534,0,0
18,7,2018,7/18/2018,10.430339,0,26.3,52,8.2,0,46,15.82,3.19,0.212,199,-0.271233911,-0.962513463,-0.5,-0.866025404,3.421514668,1.642327041,12.624,13.46708173,67.24,16.7,5.1,7.3,46.6,26.03333333,26.95714286,36,36,46.66666667,50,7.266666667,4.942857143,9.4,9.4,26.89674024,44.15999462,0.66984206,0,0
19,7,2018,7/19/2018,4.5904946,0,26.6,46,10.8,3.8,68,22.39,4.25,0.227,200,-0.287716767,-0.957715543,-0.5,-0.866025404,3.482522891,1.880562361,14.364,20.3100735,116.64,15.8,2,7.2,38.9,26.5,26.41428571,36,36,46.66666667,51.28571429,6.866666667,5.671428571,8.2,9.4,26.71771817,48.07999731,0.200952618,1,1
20,7,2018,7/20/2018,4.0950522,0,26.9,46,4.4,0.8,32,23.77,4.57,0.225,201,-0.304114832,-0.952635381,-0.5,-0.866025404,3.544476671,1.914017402,14.526,8.42167657,19.36,16.1,3.9,9,41.7,27.03333333,26.81428571,36,36,44.66666667,48.42857143,7.9,6.771428571,10.8,10.8,26.68240272,47.03999865,2.720285785,0,0
21,7,2018,7/21/2018,6.3183594,0,28,45,2.3,0.7,56,21.4,4.28,0.229,202,-0.320423273,-0.947274472,-0.5,-0.866025404,3.779930364,2.0789617,15.4,4.78161191,5.29,17,4.6,9.8,37.9,26.6,26.52857143,46,36,48,48.42857143,7.8,7.142857143,10.8,10.8,26.7476819,46.51999933,1.376085736,0,0
22,7,2018,7/22/2018,11.1328125,0,28.3,43,4.2,0.8,34,23.04,4.48,0.245,203,-0.336637284,-0.941634398,-0.5,-0.866025404,3.846461372,2.192482982,16.131,9.208428525,17.64,16.9,5.3,10.4,38.1,27.16666667,26.55714286,45,36,45.66666667,47,5.833333333,6.785714286,10.8,10.8,27.12337733,45.75999966,0.902825721,0,0
23,7,2018,7/23/2018,10.509114,0,29.7,33,3.6,0.6,28,27.13,5.54,0.249,204,-0.352752087,-0.935716819,-0.5,-0.866025404,4.170597197,2.794300122,19.899,10.05948044,12.96,16.3,2.3,8.1,38.9,27.73333333,27.04285714,43,36,44.66666667,45.71428571,3.633333333,6.042857143,4.4,10.8,27.47636413,44.37999983,0.830847716,0,0
24,7,2018,7/24/2018,9.8984375,0,30.8,36,0,0,45,19.65,4.04,0.239,205,-0.368762931,-0.92952348,-0.5,-0.866025404,4.441691099,2.842682303,19.712,0,0,18,2.1,6.8,35.6,28.66666667,27.71428571,33,33,40.33333333,43,3.366666667,5.457142857,4.2,10.8,28.14345489,38.68999992,0.669254315,0,0
25,7,2018,7/25/2018,7.8632812,0,26.6,56,4.7,1.1,50,22.27,4.35,0.244,206,-0.3846651,-0.923056207,-0.5,-0.866025404,3.482522891,1.532310072,11.704,7.20185734,22.09,17.8,1.4,6.7,20.4,29.6,28.08571429,33,33,37.33333333,43,2.6,4.785714286,4.2,10.8,28.94041842,37.34499996,0.200776294,1,1
26,7,2018,7/26/2018,9.457031,0,29,49,3.7,0.3,41,24.48,4.89,0.237,207,-0.400453906,-0.916316904,-0.5,-0.866025404,4.0056776,2.042895576,14.79,7.558713631,13.69,18.8,1.7,7.8,20.1,29.03333333,28.12857143,33,33,41.66666667,43.57142857,2.766666667,4.285714286,4.7,10.8,28.2382929,46.67249998,0.830232888,0,0
27,7,2018,7/27/2018,12.342448,0,29.4,50,3.7,0.3,56,21.37,4.26,0.239,208,-0.416124696,-0.909307559,-0.5,-0.866025404,4.099208154,2.049604077,14.7,7.583535085,13.69,19.4,1.4,4.3,20.4,28.8,28.47142857,36,33,47,44,2.8,3.271428571,4.7,4.7,28.46680503,47.83624999,0.459069867,0,0
28,7,2018,7/28/2018,9.5442705,0,28,56,2.3,1.3,62,15.88,3.24,0.28,209,-0.431672852,-0.902030237,-0.5,-0.866025404,3.779930364,1.66316936,12.32,3.825289528,5.29,19.2,1.7,3.8,20.7,28.33333333,28.82857143,49,33,51.66666667,44.57142857,4.033333333,3.171428571,4.7,4.7,28.74676352,48.91812499,0.34772096,0,0
29,7,2018,7/29/2018,6.75,0,27.3,61,3,1.1,58,17.88,3.65,0.292,210,-0.447093793,-0.894487082,-0.5,-0.866025404,3.628573846,1.4151438,10.647,4.2454314,9,19.5,1.9,4.4,22,28.8,28.82857143,49,33,51.66666667,46.14285714,3.233333333,3.171428571,3.7,4.7,28.52273446,52.4590625,1.014316288,0,0
30,7,2018,7/30/2018,10.105469,0,27.7,62,1,0.4,56,18.5,3.82,0.288,211,-0.462382973,-0.886680318,-0.5,-0.866025404,3.714403381,1.411473285,10.526,1.411473285,1,20.1,2.7,4.7,22.9,28.23333333,28.68571429,50,33,55.66666667,48.71428571,3,3,3.7,4.7,28.15591412,56.72953125,1.074294886,0,0
31,7,2018,7/31/2018,13.542317,0,29.8,56,2.1,0.4,76,20.16,4.27,0.269,212,-0.477535886,-0.878612245,-0.5,-0.866025404,4.194632611,1.845638349,13.112,3.875840532,4.41,21,2.8,4.5,22.8,27.66666667,28.4,56,36,59.66666667,52.85714286,2.1,2.628571429,3,4.7,28.01913989,59.36476562,0.602288466,0,0
1,8,2018,8/1/2018,13.421224,0,29.6,51,0.4,0.4,56,20.82,4.23,0.277,213,-0.492548068,-0.870285241,-0.866025404,-0.5,4.14668165,2.031874009,14.504,0.812749603,0.16,19.8,1.9,4.9,21.7,28.26666667,28.25714286,56,49,59.66666667,55.71428571,2.033333333,2.928571429,3,4.7,28.55339792,57.68238281,0.46068654,0,0
2,8,2018,8/2/2018,6.3352866,0,30.3,51,2.6,0.8,47,20.78,4.32,0.272,214,-0.507415093,-0.86170176,-0.866025404,-0.5,4.316625383,2.115146438,14.847,5.499380738,6.76,20.5,1.2,4.2,21.3,29.03333333,28.68571429,51,49,56.33333333,55,1.166666667,2.314285714,2.1,3.7,28.86737854,54.34119141,0.418205962,0,0
3,8,2018,8/3/2018,7.450521,0,29.2,51,2.9,2.3,54,18.99,3.95,0.26,215,-0.522132581,-0.852864331,-0.866025404,-0.5,4.052208127,1.985581982,14.308,5.758187749,8.41,19.4,1.6,4.7,22.1,29.9,28.87142857,51,50,52.66666667,55.28571429,1.7,2.157142857,2.6,3.7,29.29716498,52.6705957,0.685461789,0,0
4,8,2018,8/4/2018,14.309245,0,27.8,41,2.9,0.3,25,21.65,4.46,0.248,216,-0.536696194,-0.84377556,-0.866025404,-0.5,3.736134941,2.204319615,16.402,6.392526884,8.41,16,3.5,6.7,24.4,29.7,28.84285714,51,51,51,55.42857143,1.966666667,2.042857143,2.9,3,29.26801549,51.83529785,1.815638537,0,0
5,8,2018,8/5/2018,20.046225,0,29.2,27,1.9,0,37,26.24,5.33,0.231,217,-0.55110164,-0.834438124,-0.866025404,-0.5,4.052208127,2.958111933,21.316,5.620412672,3.61,14.6,3.4,5.7,24.7,29.1,28.81428571,41,41,47.66666667,53.28571429,2.8,2.128571429,2.9,3,28.82761084,46.41764893,0.754691561,0,0
6,8,2018,8/6/2018,20.893229,0,29.8,35,2.2,0,12,25.03,5.13,0.213,218,-0.565344674,-0.824854775,-0.866025404,-0.5,4.194632611,2.726511197,19.37,5.998324634,4.84,16.8,2.6,4.6,24.7,28.73333333,29.08571429,27,27,39.66666667,48.42857143,2.566666667,1.971428571,2.9,2.9,28.93932759,36.70882446,0.226407468,1,1
7,8,2018,8/7/2018,24.210938,0,30.6,30,1.6,0,32,23.36,5.05,0.199,219,-0.579421098,-0.815028338,-0.866025404,-0.5,4.391291947,3.073904363,21.42,4.91824698,2.56,16.6,0.3,4.2,24.7,28.93333333,29.38571429,27,27,34.33333333,44.57142857,2.333333333,2.142857143,2.9,2.9,29.19752931,35.85441223,0.06792224,2,2
8,8,2018,8/8/2018,20.542969,0,30.3,31,3.4,0,52,22.9,4.66,0.192,220,-0.593326764,-0.804961708,-0.866025404,-0.5,4.316625383,2.978471514,20.907,10.12680315,11.56,16.5,0,3.8,24.7,29.86666667,29.5,27,27,30.66666667,40.85714286,1.9,2.071428571,2.2,2.9,29.61827052,32.92720612,0.020376672,3,3
9,8,2018,8/9/2018,10.341797,0,28.6,41,3.2,0.9,31,21.14,4.25,0.189,221,-0.607057574,-0.794657852,-0.866025404,-0.5,3.914009299,2.309265486,16.874,7.389649556,10.24,16.8,0,3.4,23.7,30.23333333,29.6,30,27,32,38,2.4,2.5,3.4,3.4,29.82278936,31.96360306,0.006113002,4,4
10,8,2018,8/10/2018,19.96289,0,28.6,38,3.3,1.1,12,22.96,4.91,0.184,222,-0.620609482,-0.784119807,-0.866025404,-0.5,3.914009299,2.426685765,17.732,8.008063025,10.89,16.2,0.9,3.5,23.6,29.83333333,29.35714286,30,27,34,36.57142857,2.733333333,2.585714286,3.4,3.4,29.45595255,36.48180153,0.6318339,0,0
11,8,2018,8/11/2018,23.260416,0,27,36,4.7,0,8,25.28,4.99,0.173,223,-0.633978493,-0.773350678,-0.866025404,-0.5,3.565340176,2.281817713,17.28,10.72454325,22.09,14.2,2,2.3,24.6,29.16666667,29.27142857,31,27,36.66666667,34.71428571,3.3,2.642857143,3.4,3.4,29.19916679,37.24090076,0.95955017,0,0
12,8,2018,8/12/2018,22.316406,0,25.2,43,2.3,0,24,21.46,4.21,0.164,224,-0.647160667,-0.762353639,-0.866025404,-0.5,3.205712243,1.827255978,14.364,4.20268875,5.29,13.8,2,2,22.6,28.06666667,29.15714286,36,27,38.33333333,34,3.733333333,2.9,4.7,4.7,28.53941675,36.62045038,0.287865051,1,1
13,8,2018,8/13/2018,24.602865,0,26.9,28,3.7,0,0,27.31,5.4,0.158,225,-0.660152121,-0.751131931,-0.866025404,-0.5,3.544476671,2.552023203,19.368,9.442485851,13.69,12.5,1.1,2,22.6,26.93333333,28.58571429,36,30,39,36.28571429,3.433333333,2.957142857,4.7,4.7,27.53759173,39.81022519,0.086359515,2,2
14,8,2018,8/14/2018,29.560547,0,28.8,24,3.2,0,0,26.86,5.74,0.152,226,-0.672949024,-0.739688861,-0.866025404,-0.5,3.95961263,3.009305598,21.888,9.629777915,10.24,13.6,0,2,22.5,26.36666667,28.17142857,28,28,35.66666667,35.28571429,3.566666667,3.171428571,4.7,4.7,27.34631421,33.9051126,0.025907855,3,3
15,8,2018,8/15/2018,30.090494,0,30.2,25,3.7,0,0,26.84,5.54,0.147,227,-0.685547606,-0.728027801,-0.866025404,-0.5,4.291983042,3.218987282,22.65,11.91025294,13.69,15.2,0,2,19.4,26.96666667,27.91428571,24,24,31.66666667,34.42857143,3.066666667,3.4,3.7,4.7,27.78241995,28.9525563,0.007772356,4,4
16,8,2018,8/16/2018,27.10612,0,32.1,31,0.8,0,9,23.77,5.03,0.14,228,-0.697944155,-0.716152188,-0.866025404,-0.5,4.78171017,3.299380017,22.149,2.639504014,0.64,18.3,0,2,17.5,28.63333333,27.9,24,24,25.66666667,33.57142857,3.533333333,3.442857143,3.7,4.7,28.50769396,26.97627815,0.002331707,5,5
17,8,2018,8/17/2018,28.523438,0,32.7,31,1.1,0,24,24.13,5.11,0.136,229,-0.710135016,-0.704065522,-0.866025404,-0.5,4.946118775,3.412821955,22.563,3.754104151,1.21,18.9,0,1.1,17.4,30.36666667,28.4,24,24,26.66666667,32.14285714,2.566666667,3.1,3.7,4.7,29.58538577,28.98813907,0.000699512,6,6
18,8,2018,8/18/2018,27.911459,0,31.7,30,5.8,0.1,32,21.66,4.75,0.139,230,-0.722116597,-0.691771365,-0.866025404,-0.5,4.67476018,3.272332126,22.19,18.97952633,33.64,17.7,0,0,17.4,31.66666667,28.98571429,25,24,29,31.14285714,1.866666667,2.785714286,3.7,4.7,30.51977004,29.99406954,0.000209854,7,7
19,8,2018,8/19/2018,30.522135,0,30.7,29,5.2,0,17,19.42,4.32,0.136,231,-0.733885366,-0.679273339,-0.866025404,-0.5,4.416429033,3.135664614,21.797,16.30545599,27.04,16.5,0.1,0.1,13.7,32.16666667,29.65714286,30,24,30.66666667,30.28571429,2.566666667,2.942857143,5.8,5.8,30.87383903,29.99703477,0.070062956,0,0
20,8,2018,8/20/2018,29.97526,0,29.2,27,1.6,0.1,0,25.35,5.13,0.134,232,-0.745437857,-0.666575128,-0.866025404,-0.5,4.052208127,2.958111933,21.316,4.732979093,2.56,14.6,0.1,0.1,12.9,31.7,30.44285714,29,24,30,28.28571429,4.033333333,3.357142857,5.8,5.8,30.82168732,29.49851738,0.021018887,1,1
21,8,2018,8/21/2018,29.169271,0,30.5,32,1.6,0,7,23.95,4.92,0.132,233,-0.756770663,-0.653680475,-0.866025404,-0.5,4.366279321,2.969069938,20.74,4.750511901,2.56,16.9,0.2,0.2,12.3,30.53333333,30.77142857,27,24,28.66666667,28.14285714,4.2,3.057142857,5.8,5.8,30.33518112,28.24925869,0.076305666,0,0
22,8,2018,8/22/2018,36.641926,1,31,24,2.6,0,0,25.46,5.41,0.128,234,-0.767880446,-0.640593179,-0.866025404,-0.5,4.492592251,3.414370111,23.56,8.877362288,6.76,15.8,0.1,0.2,11.5,30.13333333,31.01428571,27,25,29.33333333,29.28571429,2.8,2.828571429,5.2,5.8,30.38462679,30.12462935,0.0228917,1,1
23,8,2018,8/23/2018,39.003254,1,29.9,14,2.5,0,1,25.83,5.63,0.126,235,-0.778763931,-0.627317097,-0.866025404,-0.5,4.218788397,3.628158021,25.714,9.070395053,6.25,12.7,0.1,0.2,10.9,30.23333333,31.12857143,24,24,27.66666667,29.14285714,1.933333333,2.671428571,2.6,5.8,30.56923875,27.06231467,0.00686751,2,2
24,8,2018,8/24/2018,38.6237,1,32,23,1.8,0,2,23.83,5.17,0.123,236,-0.78941791,-0.613856142,-0.866025404,-0.5,4.754775396,3.661177055,24.64,6.590118699,3.24,16.6,0,0.2,10.9,30.46666667,30.81428571,14,14,23.33333333,26.71428571,2.233333333,2.914285714,2.6,5.8,30.36846713,20.53115734,0.002060253,3,3
25,8,2018,8/25/2018,34.25651,0,34.6,23,3.8,0,12,21.86,4.82,0.122,237,-0.799839245,-0.600214281,-0.866025404,-0.5,5.499558649,4.23466016,26.642,16.09170861,14.44,19.2,0,0.2,9.8,30.96666667,30.71428571,14,14,20.33333333,25.57142857,2.3,3.014285714,2.6,5.8,30.85792699,21.76557867,0.000618076,4,4
26,8,2018,8/26/2018,29.538412,0,32.8,38,1.1,0,36,22.46,4.88,0.118,238,-0.810024863,-0.586395533,-0.866025404,-0.5,4.973991993,3.083875036,20.336,3.392262539,1.21,20.4,0,0.1,9.5,32.16666667,31.12857143,14,14,20,24.57142857,2.7,2.728571429,3.8,5.2,31.98054889,22.38278933,0.000185423,5,5
27,8,2018,8/27/2018,27.728516,0,31.3,41,1,0.5,45,19.86,4.32,0.115,239,-0.819971763,-0.572403973,-0.866025404,-0.5,4.569894388,2.696237689,18.467,2.696237689,1,19.5,0,0.1,9.2,33.13333333,31.42857143,23,14,28,25.85714286,2.233333333,2.142857143,3.8,3.8,32.22638422,30.19139467,5.56E-05,6,6
28,8,2018,8/28/2018,34.159504,0,32.5,31,2.3,0,49,20.09,4.48,0.112,240,-0.829677014,-0.558243722,-0.866025404,-0.5,4.89077893,3.374637462,22.425,7.761666162,5.29,18.7,0.5,0.5,8.4,32.9,31.72857143,23,14,34,27.85714286,1.966666667,2.057142857,3.8,3.8,31.94846896,35.59569733,0.350016688,0,0
29,8,2018,8/29/2018,31.782553,0,29.7,44,1.8,0,75,17.49,3.84,0.108,241,-0.839137755,-0.543918954,-0.866025404,-0.5,4.170597197,2.33553443,16.632,4.203961974,3.24,18.5,0.5,0.5,7.3,32.2,32.01428571,31,14,36.66666667,27.71428571,1.466666667,2.157142857,2.3,3.8,32.11392827,33.29784867,0.105005006,1,1
30,8,2018,8/30/2018,29.03776,0,30.2,40,1.8,0,40,21.15,4.41,0.102,242,-0.848351198,-0.529433891,-0.866025404,-0.5,4.291983042,2.575189825,18.12,4.635341686,3.24,18.2,0.5,0.5,6.9,31.16666667,31.82857143,31,14,38.66666667,30.57142857,1.7,2.042857143,2.3,3.8,31.38974979,38.64892433,0.031501502,2,2
31,8,2018,8/31/2018,28.8125,0,31.5,34,3.4,0,8,21.34,4.66,0.105,243,-0.857314628,-0.514792802,-0.866025404,-0.5,4.622068903,3.050565476,20.79,10.37192262,11.56,18.3,0,0.5,6.5,30.8,31.87142857,31,23,38.33333333,34.28571429,1.966666667,1.942857143,2.3,3.8,31.03282485,39.32446217,0.009450451,3,3
1,9,2018,9/1/2018,37.63802,1,32.9,21,4.2,0,2,23.4,5.11,0.103,244,-0.866025404,-0.5,-1,-1.84E-16,5.002001481,3.95158117,25.991,16.59664091,17.64,17.1,0,0.5,6.1,30.46666667,31.8,34,23,39.33333333,35.85714286,2.333333333,2.171428571,3.4,3.8,31.1729774,36.66223108,0.002835135,4,4
2,9,2018,9/2/2018,39.71745,1,32.3,27,0.7,0,12,22.7,4.93,0.099,245,-0.874480958,-0.485059846,-1,-1.84E-16,4.835977526,3.530263594,23.579,2.471184516,0.49,17.7,0,0.5,5.3,31.53333333,31.55714286,21,21,31.66666667,35.57142857,3.133333333,2.228571429,4.2,4.2,31.69108418,28.83111554,0.000850541,5,5
3,9,2018,9/3/2018,36.364582,1,30.8,33,0.8,0,9,20.71,4.37,0.098,246,-0.882678798,-0.469976743,-1,-1.84E-16,4.441691099,2.975933036,20.636,2.380746429,0.64,17.4,0,0.5,3,32.23333333,31.48571429,21,21,27.33333333,34,2.766666667,2.171428571,4.2,4.2,31.87375892,27.91555777,0.000255162,6,6
4,9,2018,9/4/2018,32.938152,0,31.7,35,3,0,8,20.82,4.47,0.098,247,-0.890616509,-0.454755136,-1,-1.84E-16,4.67476018,3.038594117,20.605,9.115782352,9,18.7,0,0,2.7,32,31.41428571,21,21,27,32.85714286,1.9,2.142857143,4.2,4.2,31.55163125,30.45777889,7.65E-05,7,7
5,9,2018,9/5/2018,30.68099,0,30.6,46,1.6,0.3,38,19.54,4.16,0.1,248,-0.898291752,-0.43939951,-1,-1.84E-16,4.391291947,2.371297651,16.524,3.794076242,2.56,19.8,0,0,2.7,31.6,31.3,27,21,31.66666667,33.42857143,1.5,2.242857143,3,4.2,31.59614187,32.72888944,2.30E-05,8,8
6,9,2018,9/6/2018,3.4186199,0,23.8,67,14.3,15,80,11.23,2.19,0.156,249,-0.905702263,-0.423914391,-1,-1.84E-16,2.948284305,0.972933821,7.854,13.91295364,204.49,17.2,0.3,0.3,3,31.03333333,31.42857143,33,21,38,33.71428571,1.8,2.214285714,3,4.2,31.29729931,39.36444472,0.210006889,0,0
7,9,2018,9/7/2018,2.7278645,0,22.8,54,11.6,2.3,73,12.28,2.31,0.196,250,-0.91284586,-0.408304342,-1,-1.84E-16,2.775631234,1.276790367,10.488,14.81076826,134.56,13.6,15.3,15.3,18,28.7,30.51428571,35,21,49.33333333,37.57142857,6.3,4,14.3,14.3,29.04810952,53.18222236,10.56300207,0,0
8,9,2018,9/8/2018,3.0026042,0,24.4,48,8,1.4,27,16.83,3.26,0.217,251,-0.919720437,-0.392573965,-1,-1.84E-16,3.056312653,1.58928258,12.688,12.71426064,64,14,17.6,17.6,20.3,25.73333333,29.27142857,46,21,55.66666667,40.42857143,9.166666667,5.171428571,14.3,14.3,27.17367666,53.59111118,4.77890062,0,0
9,9,2018,9/9/2018,5.814453,0,24.4,44,3.7,0.6,28,18.43,3.39,0.214,252,-0.926323968,-0.376727894,-1,-1.84E-16,3.056312653,1.711535086,13.664,6.332679817,13.69,13.2,18.7,19,20.8,23.66666667,28.05714286,48,27,56.33333333,44.28571429,11.3,5.714285714,14.3,14.3,26.34157366,50.79555559,2.413670186,0,0
10,9,2018,9/10/2018,4.658203,0,23.6,46,8.6,0.2,47,16.55,2.99,0.216,253,-0.932654508,-0.360770799,-1,-1.84E-16,2.913023,1.57303242,12.744,13.52807881,73.96,12.8,4.3,19.6,20.3,23.86666667,26.92857143,44,33,48.66666667,46.71428571,7.766666667,6.142857143,11.6,14.3,25.75910156,47.3977778,1.144101056,0,0
11,9,2018,9/11/2018,4.2115884,0,23,46,1.5,0.8,40,17.71,3.25,0.213,254,-0.938710189,-0.344707384,-1,-1.84E-16,2.809437622,1.517096316,12.42,2.275644474,2.25,12.2,2.2,19.8,20.5,24.13333333,25.9,44,35,46,48.57142857,6.766666667,7.257142857,8.6,14.3,25.1113711,46.6988889,0.483230317,0,0
12,9,2018,9/12/2018,5.4908853,0,23.7,45,2.9,0.2,7,20.56,3.82,0.201,255,-0.944489229,-0.328542382,-1,-1.84E-16,2.930607375,1.611834056,13.035,4.674318763,8.41,12.7,1.6,20.6,21.3,23.66666667,24.65714286,44,44,45.33333333,50.14285714,4.6,7.042857143,8.6,14.3,24.47795977,46.34944445,0.704969095,0,0
13,9,2018,9/13/2018,8.332683,0,22.7,60,6.9,0.3,48,14.04,2.68,0.193,256,-0.949989923,-0.312280557,-1,-1.84E-16,2.758861627,1.103544651,9.08,7.614458089,47.61,14.7,1.2,20.5,21.5,23.43333333,23.67142857,45,44,45.66666667,50,4.333333333,7.228571429,8.6,14.3,24.24457184,45.67472222,0.351490729,0,0
14,9,2018,9/14/2018,0.11328125,0,24.5,57,5.4,3.4,83,13.92,2.64,0.234,257,-0.955210651,-0.295926701,-1,-1.84E-16,3.074649051,1.322099092,10.535,7.139335096,29.16,15.9,1.3,5.8,21.8,23.13333333,23.51428571,45,44,50.33333333,49,3.766666667,6.171428571,6.9,11.6,23.78120029,52.83736111,0.315447219,0,0
15,9,2018,9/15/2018,0.39322916,0,22.4,61,9.4,0.7,56,13.13,2.44,0.244,258,-0.960149874,-0.279485635,-1,-1.84E-16,2.709082405,1.056542138,8.736,9.931496098,88.36,14.6,3.9,6.9,25.2,23.63333333,23.75714286,45,44,54,49.42857143,5.066666667,5.285714286,6.9,8.6,23.9968402,54.91868056,2.474634166,0,0
16,9,2018,9/16/2018,1.4296875,0,24.4,49,10.3,1,41,16.65,3.13,0.245,259,-0.964806136,-0.262962203,-1,-1.84E-16,3.056312653,1.558719453,12.444,16.05481037,106.09,14.2,4.4,6.2,25.9,23.2,23.47142857,57,44,59.33333333,51.28571429,7.233333333,5.485714286,9.4,9.4,23.51778814,57.95934028,1.23239025,0,0
17,9,2018,9/17/2018,1.5058594,0,22.9,57,1.5,0.9,60,13.63,2.61,0.239,260,-0.969178065,-0.246361274,-1,-1.84E-16,2.792489766,1.200770599,9.847,1.801155899,2.25,14.3,5.1,6.6,26.9,23.76666667,23.47142857,49,45,55.66666667,52,8.366666667,6.428571429,10.3,10.3,23.7824517,53.47967014,1.069717075,0,0
18,9,2018,9/18/2018,2.9609375,0,21.6,57,1.8,0.1,28,14.98,2.84,0.233,261,-0.973264374,-0.229687742,-1,-1.84E-16,2.580152726,1.109465672,9.288,1.99703821,3.24,13,2.6,7.3,27.7,23.23333333,23.37142857,49,45,55.66666667,53.57142857,7.066666667,5.414285714,10.3,10.3,23.51771619,55.23983507,0.950915122,0,0
19,9,2018,9/19/2018,8.059245,0,21.5,50,3.6,0,9,20.89,3.81,0.219,262,-0.977063856,-0.21294652,-1,-1.84E-16,2.564419721,1.28220986,10.75,4.615955497,12.96,11.5,2,6.6,27.8,22.96666667,23.17142857,49,45,54.33333333,55.14285714,4.533333333,5.457142857,10.3,10.3,22.94240133,56.11991753,0.355274537,0,0
20,9,2018,9/20/2018,10.729167,0,23.6,31,3.6,0,14,20.34,3.88,0.207,263,-0.980575394,-0.196142541,-1,-1.84E-16,2.913023,2.00998587,16.284,7.235949133,12.96,9.8,1,6.4,27.7,22,22.85714286,50,49,54.66666667,55.85714286,2.3,5.557142857,3.6,10.3,22.50968093,53.05995877,0.106582361,1,1
21,9,2018,9/21/2018,11.253906,0,24.2,39,1.5,0,33,19.88,3.76,0.196,264,-0.983797952,-0.179280759,-1,-1.84E-16,3.019925818,1.842154749,14.762,2.763232124,2.25,12,0.1,6.1,27.7,22.23333333,22.98571429,31,31,46,51.71428571,3,5.085714286,3.6,10.3,22.83677665,42.02997938,0.031974708,2,2
22,9,2018,9/22/2018,12.402995,0,25.7,43,0.4,0,18,19.46,3.7,0.185,265,-0.986730579,-0.162366141,-1,-1.84E-16,3.302286327,1.882303206,14.649,0.752921282,0.16,14.3,0,2.7,27.7,23.1,22.94285714,31,31,40,49.14285714,2.9,4.528571429,3.6,10.3,23.24574366,40.51498969,0.009592412,3,3
23,9,2018,9/23/2018,13.681641,0,26.6,35,1.1,0,32,18.18,3.5,0.177,266,-0.989372413,-0.145403674,-1,-1.84E-16,3.482522891,2.263639879,17.29,2.490003867,1.21,13.6,0,2,27.7,24.5,23.41428571,31,31,37.66666667,46.57142857,1.833333333,3.242857143,3.6,10.3,23.98202056,41.75749485,0.002877724,4,4
24,9,2018,9/24/2018,18.802734,0,28,33,8,0,2,19.36,3.76,0.171,267,-0.991722674,-0.128398355,-1,-1.84E-16,3.779930364,2.532553344,18.76,20.26042675,64,14.6,0,1,27.7,25.5,23.72857143,35,31,39,44.57142857,1,1.928571429,1.5,3.6,24.76741439,38.37874742,0.000863317,5,5
25,9,2018,9/25/2018,2.5664062,0,19.7,69,8.2,0.5,74,5.39,1.19,0.175,268,-0.99378067,-0.111355197,-1,-1.84E-16,2.295208371,0.711514595,6.107,5.834419679,67.24,13.5,0,0.1,27.7,26.76666667,24.45714286,33,31,37,41.14285714,3.166666667,2.857142857,8,8,25.73719007,35.68937371,0.000258995,6,6
26,9,2018,9/26/2018,0.2890625,0,15.6,49,7.7,4.8,96,5.08,1.29,0.192,269,-0.995545794,-0.094279222,-1,-1.84E-16,1.772347472,0.903897211,7.956,6.960008521,59.29,5.4,0.5,0.5,28.2,24.76666667,24.18571429,33,31,45.66666667,42.85714286,5.766666667,3.771428571,8.2,8.2,23.92603305,52.34468686,0.350077699,0,0
27,9,2018,9/27/2018,1.7278646,0,18.4,46,5.6,0.1,85,11.69,2.24,0.189,270,-0.997017526,-0.077175462,-1,-1.84E-16,2.116474806,1.142896395,9.936,6.400219814,31.36,7.6,5.3,5.3,32.5,21.1,23.34285714,33,31,50.33333333,42.71428571,7.966666667,4.357142857,8.2,8.2,21.42822314,50.67234343,3.46502331,0,0
28,9,2018,9/28/2018,4.547526,0,20.2,47,3.2,0,35,17.98,3.16,0.182,271,-0.998195433,-0.060048959,-1,-1.84E-16,2.367387698,1.25471548,10.706,4.015089535,10.24,9.6,5.4,5.4,32.6,17.9,22.6,46,33,54.66666667,44.85714286,7.166666667,4.642857143,8.2,8.2,20.5197562,48.33617171,1.109506993,0,0
29,9,2018,9/29/2018,8.876302,0,25.7,37,5.3,0,31,17.46,3.31,0.175,272,-0.999079167,-0.042904758,-1,-1.84E-16,3.302286327,2.080440386,16.191,11.02633404,28.09,13.1,4.9,5.4,32.6,18.06666667,22.02857143,46,33,47.33333333,46,5.5,4.885714286,7.7,8.2,20.42382934,47.66808586,0.332852098,1,1
30,9,2018,9/30/2018,10.2369795,0,24.1,54,3.1,0.4,50,15.35,2.91,0.173,273,-0.999668468,-0.025747914,-1,-1.84E-16,3.001874544,1.38086229,11.086,4.2806731,9.61,14.9,0.1,5.4,32.6,21.43333333,22.02857143,37,33,43.33333333,45.14285714,4.7,5.585714286,5.6,8.2,22.00668054,42.33404293,0.099855629,2,2
1,10,2018,10/1/2018,11.123047,0,24.5,60,3.1,1.4,72,13.09,2.54,0.172,274,-0.999963161,-0.008583481,-0.866025404,0.5,3.074649051,1.22985962,9.8,3.812564823,9.61,16.5,0.4,5.8,33,23.33333333,21.67142857,37,33,46,47.85714286,3.866666667,5.871428571,5.3,8.2,22.63467638,48.16702146,0.309956689,0,0
2,10,2018,10/2/2018,3.2135417,0,24.4,42,5.3,2.1,55,13.5,2.53,0.185,275,-0.999963161,0.008583481,-0.866025404,0.5,3.056312653,1.772661339,14.152,9.395105095,28.09,12.8,1.8,7.2,34.4,24.76666667,21.17142857,37,37,50.33333333,51.71428571,3.833333333,5.171428571,5.3,8.2,23.19427346,54.08351073,1.072987007,0,0
3,10,2018,10/3/2018,3.4960938,0,24,47,2,0.3,54,16.06,2.97,0.189,276,-0.999668468,0.025747914,-0.866025404,0.5,2.983917477,1.581476263,12.72,3.162952526,4,13.4,3.9,8.8,36.5,24.33333333,21.84285714,42,37,52,47.85714286,3.833333333,4.757142857,5.3,7.7,23.55599142,48.04175537,1.791896102,0,0
4,10,2018,10/4/2018,0.38867188,0,20.8,67,7.7,1.5,91,9.11,1.71,0.193,277,-0.999079167,0.042904758,-0.866025404,0.5,2.456616326,0.810683388,6.864,6.242262085,59.29,14.2,3.8,4.3,36.8,24.3,23.04285714,42,37,49.66666667,47.57142857,3.466666667,3.942857143,5.3,5.6,23.689194,47.52087768,0.747568831,0,0
5,10,2018,10/5/2018,1.3873698,0,17.9,46,2.6,0.9,24,16.12,2.75,0.2,278,-0.998195433,0.060048959,-0.866025404,0.5,2.051047219,1.107565498,9.666,2.879670295,6.76,7.1,3.9,5.7,38.3,23.06666667,23.38571429,42,37,52,50.57142857,5,4.242857143,7.7,7.7,22.8224358,57.26043884,1.274270649,0,0
6,10,2018,10/6/2018,3.7239583,0,18.8,47,5.8,0,0,17.57,2.91,0.191,279,-0.997017526,0.077175462,-0.866025404,0.5,2.170124842,1.150166166,9.964,6.670963763,33.64,8.2,2.7,6.6,38.9,20.9,23.05714286,46,37,53.33333333,50.42857143,4.1,4.157142857,7.7,7.7,21.34570506,51.63021942,1.012281195,0,0
7,10,2018,10/7/2018,7.830729,0,19.6,40,5.1,0,0,17.62,2.97,0.183,280,-0.995545794,0.094279222,-0.866025404,0.5,2.281005773,1.368603464,11.76,6.979877665,26.01,7.6,2.4,6.6,23.9,19.16666667,22.07142857,46,42,53.33333333,51.85714286,5.366666667,4.228571429,7.7,7.7,20.58199354,49.31510971,0.303684358,1,1
8,10,2018,10/8/2018,10.316406,0,20.6,31,1.1,0,9,17.05,2.94,0.178,281,-0.99378067,0.111355197,-0.866025404,0.5,2.426552312,1.674321095,14.214,1.841753205,1.21,6.8,0.9,6.2,21.6,18.76666667,21.42857143,40,40,44.33333333,49.85714286,4.5,4.514285714,5.8,7.7,20.28739548,44.65755486,0.091105308,2,2
9,10,2018,10/9/2018,9.19987,0,20,59,2.2,0,61,14.77,2.6,0.172,282,-0.991722674,0.128398355,-0.866025404,0.5,2.338281271,0.958695321,8.2,2.109129706,4.84,11.8,0,4.8,20.2,19.66666667,20.87142857,31,31,39.33333333,45.71428571,4,4.228571429,5.8,7.7,20.38117684,37.82877743,0.027331592,3,3
10,10,2018,10/10/2018,7.6770835,0,18.8,60,4,0,78,10.33,1.96,0.169,283,-0.989372413,0.145403674,-0.866025404,0.5,2.170124842,0.868049937,7.52,3.472199746,16,10.8,0,2.7,19.6,20.06666667,20.24285714,31,31,43.33333333,48.14285714,2.8,3.785714286,5.1,7.7,20.26682378,48.41438871,0.008199478,4,4
11,10,2018,10/11/2018,7.0898438,0,19.8,58,8.9,0,55,12.21,2.23,0.165,284,-0.986730579,0.162366141,-0.866025404,0.5,2.309488249,0.969985065,8.316,8.632867077,79.21,11.4,0,2.4,19.4,19.8,19.5,31,31,50,50,2.433333333,4.071428571,4,7.7,19.82677665,54.20719436,0.002459843,5,5
12,10,2018,10/12/2018,8.904948,0,20,62,4.9,0,56,12.84,2.35,0.164,285,-0.983797952,0.179280759,-0.866025404,0.5,2.338281271,0.888546883,7.6,4.353879726,24.01,12.4,0,0.9,18.6,19.53333333,19.35714286,58,31,59,48.71428571,5.033333333,4.242857143,8.9,8.9,19.81874365,56.10359718,0.000737953,6,6
13,10,2018,10/13/2018,9.401042,0,21,59,4.7,0.1,50,14.01,2.58,0.16,286,-0.980575394,0.196142541,-0.866025404,0.5,2.487005397,1.019672213,8.61,4.792459401,22.09,12.8,0,0,18.4,19.53333333,19.65714286,58,31,60,51,5.933333333,4.571428571,8.9,8.9,19.87312056,59.05179859,0.000221386,7,7
14,10,2018,10/14/2018,9.569011,0,22,60,0.5,0,72,12.22,2.2,0.161,287,-0.977063856,0.21294652,-0.866025404,0.5,2.643931192,1.057572477,8.8,0.528786238,0.25,14,0.1,0.1,18.2,20.26666667,19.97142857,58,31,59.66666667,52.71428571,6.166666667,4.414285714,8.9,8.9,20.21118439,59.02589929,0.070066416,0,0
15,10,2018,10/15/2018,9.3932295,0,21.1,64,3.3,1.5,58,13.36,2.47,0.162,288,-0.973264374,0.229687742,-0.866025404,0.5,2.502322755,0.900836192,7.596,2.972759434,10.89,13.9,0.1,0.1,14.8,21,20.31428571,59,31,60.33333333,55.57142857,3.366666667,3.757142857,4.9,8.9,20.74782907,59.51294965,0.021019925,1,1
16,10,2018,10/16/2018,10.900391,0,22.6,56,0.8,0,62,13.92,2.61,0.155,289,-0.969178065,0.246361274,-0.866025404,0.5,2.742180549,1.206559442,9.944,0.965247553,0.64,13.8,1.6,1.6,15.6,21.36666667,20.38571429,59,58,61,60.28571429,2.833333333,4.071428571,4.7,8.9,20.85348035,61.75647482,1.056305977,0,0
17,10,2018,10/17/2018,10.813151,0,22,61,2.2,0.2,59,13.15,2.49,0.151,290,-0.964806136,0.262962203,-0.866025404,0.5,2.643931192,1.031133165,8.58,2.268492963,4.84,14.2,1.5,1.6,14.6,21.9,20.75714286,56,56,60,59.85714286,1.533333333,3.871428571,3.3,8.9,21.37743625,58.87823741,0.316891793,1,1
18,10,2018,10/18/2018,10.734375,0,23.1,54,2.5,0.5,80,12.09,2.33,0.154,291,-0.960149874,0.279485635,-0.866025404,0.5,2.826475201,1.300178593,10.626,3.250446481,6.25,13.9,1.7,1.8,13.9,21.9,21.21428571,56,56,60.33333333,60,2.1,3.614285714,3.3,8.9,21.56420537,59.93911871,0.235067538,0,0
19,10,2018,10/19/2018,11.291016,0,22.6,51,1.1,0.1,86,11.1,2.09,0.16,292,-0.955210651,0.295926701,-0.866025404,0.5,2.742180549,1.343668469,11.074,1.478035316,1.21,12.8,0.7,2.3,14.3,22.56666667,21.68571429,54,54,57,59.42857143,1.833333333,2.7,2.5,4.9,22.02494376,56.96955935,0.420520261,0,0
20,10,2018,10/20/2018,4.207682,0,21.8,62,0.8,1.3,90,9.13,1.64,0.167,293,-0.949989923,0.312280557,-0.866025404,0.5,2.611871906,0.992511324,8.284,0.794009059,0.64,14.2,0.8,2.4,14.4,22.56666667,22.05714286,51,51,55.33333333,57.85714286,1.933333333,2.157142857,2.5,4.7,22.19746063,53.98477968,0.196156078,0,0
21,10,2018,10/21/2018,0.000651043,0,17,75,3.8,10.3,83,6.69,1.19,0.269,294,-0.944489229,0.328542382,-0.866025404,0.5,1.937729352,0.484432338,4.25,1.840842884,14.44,12,1.9,3.6,15.7,22.5,22.17142857,51,51,55.66666667,58.28571429,1.466666667,1.6,2.5,3.3,22.07822244,57.99238984,0.968846824,0,0
22,10,2018,10/22/2018,0.027343752,0,17.2,62,5.4,0.9,75,10.11,1.7,0.268,295,-0.938710189,0.344707384,-0.866025404,0.5,1.962425658,0.74572175,6.536,4.026897449,29.16,9.6,11.7,13.9,26,20.46666667,21.45714286,51,51,62.66666667,60.42857143,1.9,2.071428571,3.8,3.8,20.55475571,66.49619492,7.500654047,0,0
23,10,2018,10/23/2018,0.5175781,0,17.8,62,0.8,0,66,11.3,1.87,0.251,296,-0.932654508,0.360770799,-0.866025404,0.5,2.038176335,0.774507007,6.764,0.619605606,0.64,10.2,12.5,13.3,26.9,18.66666667,20.9,62,51,66.33333333,60.14285714,3.333333333,2.371428571,5.4,5.4,19.548329,64.24809746,2.880196214,0,0
24,10,2018,10/24/2018,0.296875,0,19,68,7.2,1,75,8.34,1.4,0.273,297,-0.926323968,0.376727894,-0.866025404,0.5,2.197393324,0.703165864,6.08,5.062794218,51.84,12.6,11.2,13.3,26.9,17.33333333,20.21428571,62,51,66.33333333,61,3.333333333,2.371428571,5.4,5.4,19.0238303,63.12404873,0.864058864,1,1
25,10,2018,10/25/2018,1.85E-09,0,8,87,6.5,33.8,98,3.24,0.51,0.397,298,-0.919720437,0.392573965,-0.866025404,0.5,1.072768826,0.139459947,1.04,0.906489658,42.25,5.4,1.9,14.1,27.9,18,19.78571429,62,51,64,62,4.466666667,3.085714286,7.2,7.2,19.01668121,65.56202436,0.959217659,0,0
26,10,2018,10/26/2018,0.039062504,0,12.3,40,10.1,4.8,75,8.62,1.45,0.362,299,-0.91284586,0.408304342,-0.866025404,0.5,1.430551404,0.858330843,7.38,8.669141511,102.01,0.3,34.8,47.4,61.2,14.93333333,17.62857143,62,51,72.33333333,66.71428571,4.833333333,3.657142857,7.2,7.2,15.71167685,76.28101218,23.9477653,0,0
27,10,2018,10/27/2018,0.34309897,0,15.6,51,5.2,0,24,13.53,2.06,0.334,300,-0.905702263,0.423914391,-0.866025404,0.5,1.772347472,0.868450261,7.644,4.515941358,27.04,5.8,39.6,52.1,61.2,13.1,16.15714286,40,40,65,65.14285714,7.933333333,4.942857143,10.1,10.1,14.68817379,58.14050609,10.54432959,0,0
28,10,2018,10/28/2018,1.1764323,0,14.7,48,5.8,0,23,13.56,2.05,0.321,301,-0.898291752,0.43939951,-0.866025404,0.5,1.672686407,0.869796932,7.644,5.044822204,33.64,4.3,38.6,50.8,61.1,11.96666667,15.27142857,40,40,59.33333333,63.57142857,7.266666667,5.571428571,10.1,10.1,14.96172165,54.57025305,3.163298877,1,1
29,10,2018,10/29/2018,4.0585938,0,15.1,47,5.4,0,9,13.51,2.04,0.313,302,-0.890616509,0.454755136,-0.866025404,0.5,1.716356408,0.909668896,8.003,4.912212039,29.16,4.5,4.8,40.5,61.1,14.2,14.94285714,40,40,46.33333333,59.71428571,7.033333333,5.857142857,10.1,10.1,14.88320516,51.28512652,0.948989663,2,2
30,10,2018,10/30/2018,5.8678384,0,15.6,48,4.7,0,71,12.77,1.96,0.306,303,-0.882678798,0.469976743,-0.866025404,0.5,1.772347472,0.921620685,8.112,4.331617221,22.09,5.2,0,39.6,61.1,15.13333333,14.64285714,47,40,48.66666667,57.57142857,5.466666667,5.857142857,5.8,10.1,14.94824361,49.14256326,0.284696899,3,3
31,10,2018,10/31/2018,7.2571616,0,17,48,1.8,0,43,12.74,2.05,0.3,304,-0.874480958,0.485059846,-0.866025404,0.5,1.937729352,1.007619263,8.84,1.813714673,3.24,6.6,0,39.6,60.7,15.13333333,14.32857143,47,40,47.66666667,55.57142857,5.3,6.414285714,5.8,10.1,15.14377053,48.57128163,0.08540907,4,4
1,5,2019,5/1/2019,7.2083335,0,24.6,35,2.4,1,78,23.99,4.53,0.296,121,0.874480958,-0.485059846,0.5,-0.866025404,3.09308133,2.010502864,15.99,4.825206874,5.76,11.6,0,38.6,59.3,15.9,14.04285714,47,40,47.66666667,52.71428571,3.966666667,5.642857143,5.4,10.1,15.70063937,48.28564082,0.025622721,5,5
2,5,2019,5/2/2019,0.75911456,0,15.9,72,3.3,2.9,80,9.05,1.58,0.319,122,0.866025404,-0.5,0.5,-0.866025404,1.806705129,0.505877436,4.452,1.669395539,10.89,10.3,1,5.8,58.2,19.06666667,16.41428571,35,35,43.66666667,45.28571429,2.966666667,5.057142857,4.7,10.1,18.37044756,41.64282041,0.707686816,0,0
3,5,2019,5/3/2019,1.0924479,0,16.9,64,7.3,5.5,34,21.11,3.33,0.336,123,0.857314628,-0.514792802,0.5,-0.866025404,1.925483602,0.693174097,6.084,5.060170907,53.29,9.7,3.9,3.9,60.8,19.16666667,16.92857143,35,35,51.66666667,49.85714286,2.5,4.085714286,3.3,5.8,17.62931329,56.8214102,2.242306045,0,0
4,5,2019,5/4/2019,2.6959636,0,20.5,37,3.3,0.2,43,26.42,4.54,0.317,124,0.848351198,-0.529433891,0.5,-0.866025404,2.41164128,1.519334007,12.915,5.013802222,10.89,7.9,9.4,9.4,64.8,19.13333333,17.11428571,35,35,57,51.71428571,4.333333333,4.385714286,7.3,7.3,17.4105193,60.4107051,4.522691813,0,0
5,5,2019,5/5/2019,7.285807,0,23.2,43,3.3,0.9,81,21.57,3.95,0.311,125,0.839137755,-0.543918954,0.5,-0.866025404,2.843602903,1.620853655,13.224,5.34881706,10.89,11.8,8.6,9.6,64.1,17.76666667,17.94285714,37,35,57.66666667,50.14285714,4.633333333,4.028571429,7.3,7.3,18.33736351,48.70535255,1.496807544,0,0
6,5,2019,5/6/2019,2.0514324,0,25.1,44,2,0.9,31,24.39,4.47,0.325,126,0.829677014,-0.558243722,0.5,-0.866025404,3.186695762,1.784549627,14.056,3.569099254,4,13.9,6.6,10.5,65,20.2,19.1,37,35,48,49.57142857,4.633333333,3.728571429,7.3,7.3,19.79615446,45.85267628,1.079042263,0,0
7,5,2019,5/7/2019,1.9902344,0,18.7,64,4.9,0.1,57,16.74,2.88,0.324,127,0.819971763,-0.572403973,0.5,-0.866025404,2.15660198,0.776376713,6.732,3.804245893,24.01,11.5,2,11.4,65.9,22.93333333,20.45714286,37,35,41.33333333,49,2.866666667,3.342857143,3.3,7.3,21.38730812,44.92633814,0.953712679,0,0
8,5,2019,5/8/2019,1.83E-09,0,11,81,8.4,21.7,98,5.82,1.05,0.399,128,0.810024863,-0.586395533,0.5,-0.866025404,1.312714139,0.249415686,2.09,2.095091766,70.56,7.2,1.9,11.5,66,22.33333333,20.7,43,35,50.33333333,51.28571429,3.4,3.785714286,4.9,7.3,20.58111568,54.46316907,0.356113804,0,0
9,5,2019,5/9/2019,0.016927084,0,14.8,54,4,6,51,19.49,2.99,0.373,129,0.799839245,-0.600214281,0.5,-0.866025404,1.683511528,0.774415303,6.808,3.097661212,16,5.6,22.7,32.2,87.7,18.26666667,18.75714286,44,37,63,57.85714286,5.1,4.642857143,8.4,8.4,17.70678098,67.73158453,15.29683414,0,0
10,5,2019,5/10/2019,0.26236978,0,16.8,56,8.4,0.1,86,10.64,1.86,0.365,130,0.78941791,-0.613856142,0.5,-0.866025404,1.913305695,0.841854506,7.392,7.071577847,70.56,8,27.8,35.3,93.7,14.83333333,18.6,54,37,66.33333333,55.28571429,5.766666667,4.742857143,8.4,8.4,16.83474669,60.86579227,8.789050242,0,0
11,5,2019,5/11/2019,0.13020833,0,18.1,66,5.9,2.6,74,18.52,2.98,0.37,131,0.778763931,-0.627317097,0.5,-0.866025404,2.077002619,0.70618089,6.154,4.166467253,34.81,11.3,27.8,29.9,93.8,14.2,18.58571429,54,37,63.66666667,54.14285714,6.933333333,4.9,8.4,8.4,16.82432268,58.43289613,2.706715073,0,0
12,5,2019,5/12/2019,0.2311198,0,18.3,51,3.3,2.1,33,20.41,3.38,0.36,132,0.767880446,-0.640593179,0.5,-0.866025404,2.103245085,1.030590092,8.967,3.400947302,10.89,8.5,8.7,32.3,96.4,16.56666667,18.24285714,54,43,58.66666667,58.28571429,6.1,5.271428571,8.4,8.4,17.20702588,62.21644807,2.632014522,0,0
13,5,2019,5/13/2019,0.9746094,0,21.8,46,5.2,0,25,27.42,4.8,0.341,133,0.756770663,-0.653680475,0.5,-0.866025404,2.611871906,1.410410829,11.772,7.334136313,27.04,11,4.8,33.5,98.4,17.73333333,17.54285714,51,44,57.66666667,59.42857143,5.866666667,5.271428571,8.4,8.4,17.53491811,56.60822403,2.259604357,0,0
14,5,2019,5/14/2019,3.8854167,0,24.7,50,7.6,0,70,27.38,5.09,0.324,134,0.745437857,-0.666575128,0.5,-0.866025404,3.111609911,1.555804956,12.35,11.82411766,57.76,14.7,4.7,32.6,98.4,19.4,17.07142857,46,46,54.33333333,59.71428571,4.8,5.728571429,5.9,8.4,18.81444268,51.30411202,0.677881307,1,1
15,5,2019,5/15/2019,9.185547,0,29.2,45,5.9,0,52,27.55,5.58,0.309,135,0.733885366,-0.679273339,0.5,-0.866025404,4.052208127,2.22871447,16.06,13.14941537,34.81,18.2,2.1,32.5,96.9,21.6,17.92857143,46,46,49,57.71428571,5.366666667,6.114285714,7.6,8.4,20.58010988,50.65205601,0.203364392,2,2
16,5,2019,5/16/2019,7.557943,0,27.3,52,5,0,55,23.63,4.65,0.299,136,0.722116597,-0.691771365,0.5,-0.866025404,3.628573846,1.741715446,13.104,8.70857723,25,17.7,0,10.8,96.9,25.23333333,20.52857143,45,45,47,52.57142857,6.233333333,5.757142857,7.6,8.4,23.16607691,47.826028,0.061009318,3,3
17,5,2019,5/17/2019,10.707031,0,27.3,48,6.2,0.7,42,24.52,4.63,0.29,137,0.710135016,-0.704065522,0.5,-0.866025404,3.628573846,1.8868584,14.196,11.69852208,38.44,16.9,0,4.8,96.7,27.06666667,22.31428571,45,45,49,52.28571429,6.166666667,5.9,7.6,8.4,24.40625384,49.913014,0.018302795,4,4
18,5,2019,5/18/2019,2.5878906,0,21.8,67,3,2.2,90,11.32,2.09,0.34,138,0.697944155,-0.716152188,0.5,-0.866025404,2.611871906,0.861917729,7.194,2.585753187,9,15.2,0.7,5.4,96.9,27.93333333,23.81428571,45,45,48.33333333,51.14285714,5.7,5.585714286,6.2,7.6,25.27437769,48.956507,0.495490839,0,0
19,5,2019,5/19/2019,0.15039062,0,19,74,9.6,26,72,12.78,2.33,0.422,139,0.685547606,-0.728027801,0.5,-0.866025404,2.197393324,0.571322264,4.94,5.484693736,92.16,13.8,2.9,5,99,25.46666667,24.34285714,48,45,55.66666667,51.28571429,4.733333333,5.171428571,6.2,7.6,24.23206438,57.9782535,1.688647252,0,0
20,5,2019,5/20/2019,1.3535156,0,23.7,55,3.3,0.6,44,26.39,5.06,0.393,140,0.672949024,-0.739688861,0.5,-0.866025404,2.930607375,1.318773319,10.665,4.351951951,10.89,14.7,28.9,28.9,123.7,22.7,24.44285714,48,45,63,54.57142857,6.266666667,6.071428571,9.6,9.6,22.66244507,65.98912675,18.70659418,0,0
21,5,2019,5/21/2019,5.358724,0,24.8,54,4.2,0,79,20.62,4.08,0.377,141,0.660152121,-0.751131931,0.5,-0.866025404,3.130235219,1.439908201,11.408,6.047614444,17.64,15.6,28.8,29.5,114,21.5,24.71428571,55,45,65.33333333,55.85714286,5.3,5.8,9.6,9.6,22.97371155,60.49456338,6.031978253,0,0
22,5,2019,5/22/2019,1.2415365,0,25.4,48,4.9,2.4,75,23.21,4.36,0.377,142,0.647160667,-0.762353639,0.5,-0.866025404,3.244042238,1.686901964,13.208,8.265819623,24.01,15,26.6,29.5,113.1,22.5,24.72857143,54,45,61,56.42857143,5.7,5.314285714,9.6,9.6,23.52159808,57.24728169,1.809593476,1,1
23,5,2019,5/23/2019,1.3183594,0,22.4,67,0.7,8.3,84,11.49,2.23,0.399,143,0.633978493,-0.773350678,0.5,-0.866025404,2.709082405,0.893997194,7.392,0.625798036,0.49,15.8,3,31.9,115.5,24.63333333,24.18571429,48,48,52.33333333,56.85714286,4.133333333,5.171428571,4.9,9.6,24.08511866,52.62364084,2.222878043,0,0
24,5,2019,5/24/2019,0.037760418,0,21.8,71,7.9,2.5,59,18.49,3.28,0.394,144,0.620609482,-0.784119807,0.5,-0.866025404,2.611871906,0.757442853,6.322,5.983798537,62.41,16,10.7,40.2,122.8,24.2,23.48571429,48,48,56.33333333,59,3.266666667,4.557142857,4.9,9.6,23.57958306,59.81182042,6.476863413,0,0
25,5,2019,5/25/2019,0.17122395,0,19.7,60,11.2,4.9,70,19.99,3.33,0.395,145,0.607057574,-0.794657852,0.5,-0.866025404,2.295208371,0.918083348,7.88,10.2825335,125.44,11.7,13.2,42,91.5,23.2,22.7,48,48,62,62.28571429,4.5,4.8,7.9,9.6,23.04570814,65.40591021,3.693059024,0,0
26,5,2019,5/26/2019,0.9557292,0,21.8,53,7.3,0.6,19,22.77,4.04,0.38,146,0.593326764,-0.804961708,0.5,-0.866025404,2.611871906,1.227579796,10.246,8.96133251,53.29,12.4,15.7,44.7,91.6,21.3,22.4,60,48,66,61.28571429,6.6,5.971428571,11.2,11.2,22.0419957,62.70295511,4.537917707,0,0
27,5,2019,5/27/2019,2.3704426,0,23.9,56,7.6,0,25,28.58,5.28,0.362,147,0.579421098,-0.815028338,0.5,-0.866025404,2.966054202,1.305063849,10.516,9.918485251,57.76,15.1,8,19.3,92.2,21.1,22.8,53,48,61.33333333,58.28571429,8.8,5.642857143,11.2,11.2,21.96939699,57.85147755,1.781375312,0,0
28,5,2019,5/28/2019,5.608724,0,27.5,56,5.6,0,32,28.82,5.74,0.344,148,0.565344674,-0.824854775,0.5,-0.866025404,3.671270209,1.615358892,12.1,9.046009796,31.36,18.7,5.5,18.7,92.2,21.8,22.82857143,53,48,56.33333333,58.42857143,8.7,6.257142857,11.2,11.2,22.54857789,56.92573878,0.534412594,1,1
29,5,2019,5/29/2019,8.457683,0,29.6,47,7.1,0,11,27.13,5.59,0.332,149,0.55110164,-0.834438124,0.5,-0.866025404,4.14668165,2.197741275,15.688,15.60396305,50.41,19,0.6,18.7,92.2,24.4,23.21428571,53,48,55,58.71428571,6.833333333,6.457142857,7.6,11.2,24.03400452,56.46286939,0.160323778,2,2
30,5,2019,5/30/2019,10.0546875,0,27.6,46,1.5,0,37,28.53,5.61,0.321,150,0.536696194,-0.84377556,0.5,-0.866025404,3.69278196,1.994102259,14.904,2.991153388,2.25,16.8,0,16.3,92.2,27,23.81428571,47,47,53,58.57142857,6.766666667,6.771428571,7.6,11.2,25.70380317,51.73143469,0.048097133,3,3
31,5,2019,5/31/2019,11.134114,0,26.9,43,2.6,0,17,28.77,5.59,0.306,151,0.522132581,-0.852864331,0.5,-0.866025404,3.544476671,2.020351702,15.333,5.252914426,6.76,15.5,0,8,92.2,28.23333333,24.55714286,46,46,49.66666667,55.57142857,4.733333333,6.885714286,7.1,11.2,26.27266222,48.86571735,0.01442914,4,4
1,6,2019,6/1/2019,8.744792,0,26.2,57,4.1,0,65,19.36,3.77,0.311,152,0.507415093,-0.86170176,1.22E-16,-1,3.40138661,1.462596242,11.266,5.996644593,16.81,17.6,0,5.5,91.2,28.03333333,25.28571429,43,43,45.33333333,51.57142857,3.733333333,6.128571429,7.1,11.2,26.46086355,45.93285867,0.004328742,5,5
2,6,2019,6/2/2019,7.9811196,0,27.6,55,1.3,0,78,16.58,3.34,0.325,153,0.492548068,-0.870285241,1.22E-16,-1,3.69278196,1.661751882,12.42,2.160277447,1.69,18.6,0,0.6,88.3,26.9,26.21428571,43,43,48.66666667,51.14285714,2.733333333,5.114285714,4.1,7.6,26.38260449,51.46642934,0.001298623,6,6
3,6,2019,6/3/2019,4.4746094,0,27.4,56,3.8,0.7,52,25.52,5.04,0.316,154,0.477535886,-0.878612245,1.22E-16,-1,3.64986766,1.60594177,12.056,6.102578727,14.44,18.6,0,0,82.8,26.9,27.04285714,43,43,51.66666667,51.42857143,2.666666667,4.257142857,4.1,7.6,26.74782314,53.23321467,0.000389587,7,7
4,6,2019,6/4/2019,6.4095054,0,27.4,47,7.7,0,36,23.65,4.5,0.304,155,0.462382973,-0.886680318,1.22E-16,-1,3.64986766,1.93442986,14.522,14.89510992,59.29,16.8,0.7,0.7,83.3,27.06666667,27.54285714,55,43,56,51.42857143,3.066666667,3.714285714,4.1,7.1,26.9434762,54.61660733,0.490116876,0,0
5,6,2019,6/5/2019,2.1920574,0,25.9,62,2.3,0.4,58,20.11,3.87,0.299,156,0.447093793,-0.894487082,1.22E-16,-1,3.341620215,1.269815682,9.842,2.920576068,5.29,18.3,0.7,0.7,82.4,27.46666667,27.52857143,47,43,52.66666667,50.14285714,4.266666667,4.014285714,7.7,7.7,27.08043334,50.80830367,0.147035063,1,1
6,6,2019,6/6/2019,3.6595051,0,25.2,62,6.6,1.9,82,19.49,3.82,0.303,157,0.431672852,-0.902030237,1.22E-16,-1,3.205712243,1.218170652,9.576,8.039926305,43.56,17.6,1.1,1.1,81.9,26.9,27,47,43,55,52.28571429,4.6,3.328571429,7.7,7.7,26.72630334,56.40415183,0.324110519,0,0
7,6,2019,6/7/2019,4.4739585,0,24.8,59,2.5,2.2,49,20.49,3.92,0.317,158,0.416124696,-0.909307559,1.22E-16,-1,3.130235219,1.28339644,10.168,3.2084911,6.25,16.6,2.3,3,83.7,26.16666667,26.65714286,47,43,57,54.57142857,5.533333333,4.057142857,7.7,7.7,26.26841234,59.20207592,1.427233156,0,0
8,6,2019,6/8/2019,7.1679688,0,25.7,56,2.8,0.1,38,26.09,5.02,0.304,159,0.400453906,-0.916316904,1.22E-16,-1,3.302286327,1.453005984,11.308,4.068416754,7.84,16.9,4.5,5.2,64.2,25.3,26.35714286,59,47,61,56.85714286,3.8,4.042857143,6.6,7.7,25.82788864,59.10103796,1.968169947,0,0
9,6,2019,6/9/2019,10.621745,0,26.3,55,2.8,0,45,23.39,4.52,0.283,160,0.3846651,-0.923056207,1.22E-16,-1,3.421514668,1.539681601,11.835,4.311108482,7.84,17.3,4.2,5.3,58.3,25.23333333,26.28571429,56,47,59,56.71428571,3.966666667,3.857142857,6.6,7.7,25.78952204,57.55051898,0.660450984,0,0
10,6,2019,6/10/2019,11.050781,0,24.7,61,3.2,0.6,75,22.27,4.39,0.286,161,0.368762931,-0.92952348,1.22E-16,-1,3.111609911,1.213527865,9.633,3.883289169,10.24,16.9,2.3,5.3,58.2,25.6,26.1,55,47,56.66666667,56.71428571,2.7,4.071428571,2.8,7.7,25.94266543,56.27525949,0.198135295,1,1
11,6,2019,6/11/2019,10.953125,0,27,58,2.6,1.9,79,18.69,3.62,0.312,162,0.352752087,-0.935716819,1.22E-16,-1,3.565340176,1.497442874,11.34,3.893351472,6.76,18.6,0.7,5.2,56.2,25.56666667,25.71428571,55,47,57.33333333,57.42857143,2.933333333,3.985714286,3.2,7.7,25.5698658,58.63762974,0.479440589,0,0
12,6,2019,6/12/2019,5.4166665,0,21.2,84,6,16.8,89,12.21,2.35,0.384,163,0.336637284,-0.941634398,1.22E-16,-1,2.517722492,0.402835599,3.392,2.417013592,36,18,2.5,7.1,56,26,25.65714286,55,55,58,59,2.866666667,3.257142857,3.2,6.6,25.99890606,58.31881487,1.473832177,0,0
13,6,2019,6/13/2019,2.7460938,0,26,60,8.4,4.5,52,21.81,4.06,0.352,164,0.320423273,-0.947274472,1.22E-16,-1,3.361439829,1.344575931,10.4,11.29443782,70.56,18,19.3,23.5,72.8,24.3,24.98571429,58,55,67.66666667,62.14285714,3.933333333,3.785714286,6,6.6,24.55923424,71.15940744,12.20214965,0,0
14,6,2019,6/14/2019,1.1028646,0,25.1,65,7.6,4.1,77,20.41,3.83,0.345,165,0.304114832,-0.952635381,1.22E-16,-1,3.186695762,1.115343517,8.785,8.476610727,57.76,18.1,23.2,26.1,77.3,24.73333333,25.1,58,55,67.33333333,61.85714286,5.666666667,4.042857143,8.4,8.4,24.99146397,65.57970372,6.810644896,0,0
15,6,2019,6/15/2019,1.3404948,0,25.3,59,1,0.6,90,22.26,4.29,0.339,166,0.287716767,-0.957715543,1.22E-16,-1,3.224827591,1.322179312,10.373,1.322179312,1,17.1,25.4,28,81.4,24.1,25.14285714,60,55,69.66666667,62.71428571,7.333333333,4.771428571,8.4,8.4,25.02402478,65.28985186,4.913193469,0,0
16,6,2019,6/16/2019,1.5091146,0,24.8,63,4.1,1.2,86,17,3.33,0.337,167,0.271233911,-0.962513463,1.22E-16,-1,3.130235219,1.158187031,9.176,4.748566828,16.81,17.4,9.2,28.5,82,25.46666667,25.08571429,59,55,61.33333333,63.14285714,5.666666667,4.514285714,8.4,8.4,25.10681735,62.14492593,1.893958041,0,0
17,6,2019,6/17/2019,3.1809895,0,27.6,57,1.8,0.6,83,20.49,4.05,0.325,168,0.25467112,-0.967027725,1.22E-16,-1,3.69278196,1.587896243,11.868,2.858213237,3.24,19,5.9,29.7,82.5,25.06666667,24.87142857,59,58,62.33333333,64.28571429,4.233333333,4.7,7.6,8.4,25.01477214,62.57246296,1.408187412,0,0
18,6,2019,6/18/2019,1.485026,0,27.7,54,1.1,0.9,76,21,4.04,0.337,169,0.238033277,-0.971256999,1.22E-16,-1,3.714403381,1.708625555,12.742,1.879488111,1.21,18.5,2.4,29.7,80.9,25.9,25.28571429,57,57,59.66666667,63.71428571,2.3,4.5,4.1,8.4,25.7903405,59.78623148,0.842456224,0,0
19,6,2019,6/19/2019,1.5227865,0,25.9,60,2.3,1.4,59,18.59,3.55,0.355,170,0.221325284,-0.97520004,1.22E-16,-1,3.341620215,1.336648086,10.36,3.074290598,5.29,17.9,2.7,28.7,55.8,26.7,25.38571429,54,54,58,63.14285714,2.333333333,4.285714286,4.1,8.4,26.36323835,56.89311574,0.882736867,0,0
20,6,2019,6/20/2019,0.5449219,0,24,74,7.4,5.2,96,14.51,2.83,0.355,171,0.204552066,-0.978855685,1.22E-16,-1,2.983917477,0.775818544,6.24,5.741057226,54.76,18.8,2.9,13.3,56.6,27.06666667,26.05714286,54,54,57,59.71428571,1.733333333,3.757142857,2.3,8.4,26.22426684,58.44655787,1.24482106,0,0
21,6,2019,6/21/2019,0.02278646,0,25.6,66,2.3,5.6,74,18.96,3.69,0.352,172,0.187718565,-0.982222857,1.22E-16,-1,3.28277117,1.116142198,8.704,2.567127055,5.29,18.8,7.5,14,61.8,25.86666667,25.77142857,54,54,62.66666667,61.71428571,3.6,3.614285714,7.4,7.6,25.55698679,66.22327894,4.013446318,0,0
22,6,2019,6/22/2019,0.61783856,0,27.6,58,2,2.5,60,22.99,4.6,0.339,173,0.170829743,-0.985300563,1.22E-16,-1,3.69278196,1.550968423,11.592,3.101936847,4,19.2,12.2,15.5,65,25.16666667,25.84285714,60,54,66.66666667,61.85714286,4,2.857142857,7.4,7.4,25.56989075,66.11163947,5.124033895,0,0
23,6,2019,6/23/2019,1.8997396,0,26.8,50,9.9,0.6,42,25.51,4.88,0.32,174,0.153890577,-0.988087896,1.22E-16,-1,3.523719593,1.761859796,13.4,17.44241198,98.01,16.8,13.3,17.4,59.2,25.73333333,26.17142857,58,54,66,61.71428571,3.9,3,7.4,7.4,26.17892353,62.05581973,3.287210169,0,0
24,6,2019,6/24/2019,3.453125,0,27.3,52,2.5,0.2,15,26.69,5.23,0.303,175,0.136906058,-0.990584035,1.22E-16,-1,3.628573846,1.741715446,13.104,4.354288615,6.25,17.7,8.7,16.8,57.3,26.66666667,26.45714286,50,50,58,59.85714286,4.733333333,3.828571429,9.9,9.9,26.36524647,56.02790987,1.406163051,0,0
25,6,2019,6/25/2019,5.9270835,0,28.8,45,1.1,0,10,28.19,5.61,0.285,176,0.119881192,-0.992788245,1.22E-16,-1,3.95961263,2.177786946,15.84,2.395565641,1.21,17.8,3.3,16.4,52.6,27.23333333,26.41428571,50,50,53.33333333,59.14285714,4.8,3.928571429,9.9,9.9,26.64567253,54.01395493,0.561848915,0,0
26,6,2019,6/26/2019,8.259766,0,28.8,54,1.9,0.1,28,25.81,5.17,0.275,177,0.102820997,-0.994699876,1.22E-16,-1,3.95961263,1.82142181,13.248,3.460701438,3.61,19.6,0.8,15.5,52,27.63333333,26.57142857,45,45,49,57.85714286,4.5,3.928571429,9.9,9.9,27.29197077,49.50697747,0.168554675,1,1
27,6,2019,6/27/2019,9.141927,0,28.7,49,1.9,0,10,26.99,5.35,0.263,178,0.0857305,-0.996318363,1.22E-16,-1,3.936753503,2.007744287,14.637,3.814714144,3.61,18.5,0.3,14.2,52.1,28.3,26.98571429,45,45,50.33333333,57,1.833333333,3.871428571,2.5,9.9,27.74437954,51.75348873,0.120566402,0,0
28,6,2019,6/28/2019,11.770833,0,28.5,34,4.2,0,14,30.96,5.98,0.251,179,0.068614738,-0.997643232,1.22E-16,-1,3.891379531,2.568310491,18.81,10.78690406,17.64,15.3,0.1,9,52.1,28.76666667,27.65714286,45,45,49.33333333,53.42857143,1.633333333,3.085714286,1.9,9.9,28.03106568,50.37674437,0.036169921,1,1
29,6,2019,6/29/2019,4.8971353,0,23.9,51,10.4,3.4,35,22.72,4.05,0.264,180,0.051478755,-0.99867409,1.22E-16,-1,2.966054202,1.453366559,11.711,15.11501221,108.16,14.1,0.1,3.4,52.1,28.66666667,28.07142857,34,34,45.66666667,48.85714286,2.666666667,3.357142857,4.2,9.9,28.17174597,42.18837218,0.010850976,2,2
30,6,2019,6/30/2019,2.0755208,0,21.6,46,10.8,3.3,27,23.3,3.91,0.286,181,0.034327601,-0.999410634,1.22E-16,-1,2.580152726,1.393282472,11.664,15.0474507,116.64,10.8,3.4,4.3,55.5,27.03333333,27.54285714,34,34,44.66666667,47.85714286,5.5,4.557142857,10.4,10.4,26.89022218,46.59418609,2.383255293,0,0
1,7,2019,7/1/2019,4.0117188,0,23.7,42,2.9,3.1,14,28.35,5.2,0.279,182,0.01716633,-0.999852648,-0.5,-0.866025404,2.930607375,1.699752277,13.746,4.929281604,8.41,12.1,6.7,7,58.8,24.66666667,26.8,34,34,43.66666667,47.28571429,8.466666667,4.685714286,10.8,10.8,25.30315553,46.29709305,3.024976588,0,0
2,7,2019,7/2/2019,9.555989,0,26.3,40,4.3,0,0,30.83,6.04,0.26,183,1.22E-16,-1,-0.5,-0.866025404,3.421514668,2.052908801,15.78,8.827507843,18.49,14.3,9.8,9.9,61.9,23.06666667,26.28571429,42,34,46.33333333,45.85714286,8.033333333,4.742857143,10.8,10.8,24.82220887,44.14854652,3.077492976,0,0
3,7,2019,7/3/2019,13.7838545,0,30.4,34,2.3,0,0,30.52,6.2,0.242,184,-0.01716633,-0.999852648,-0.5,-0.866025404,4.341390638,2.865317821,20.064,6.590230988,5.29,17.2,6.4,9.9,61.9,23.86666667,25.92857143,40,34,42.66666667,45.14285714,6,5.2,10.8,10.8,25.26554621,42.07427326,0.923247893,1,1
4,7,2019,7/4/2019,15.017578,0,31.1,33,2.4,0,9,28.4,5.82,0.226,185,-0.034327601,-0.999410634,-0.5,-0.866025404,4.518232383,3.027215697,20.837,7.265317673,5.76,17.7,3.1,9.8,61.2,26.8,26.15714286,34,34,38.66666667,42.28571429,3.166666667,5.257142857,4.3,10.8,26.80588235,38.03713663,0.276974368,2,2
5,7,2019,7/5/2019,12.394531,0,29.3,43,2.6,0,28,24.52,4.76,0.232,186,-0.051478755,-0.99867409,-0.5,-0.866025404,4.075649206,2.323120047,16.701,6.040112123,6.76,17.9,0,9.8,61.2,29.26666667,26.5,33,33,35.66666667,40,3,5.328571429,4.3,10.8,28.09411764,35.51856832,0.08309231,3,3
6,7,2019,7/6/2019,4.5052085,0,27.3,45,5.5,4.4,41,22.9,4.37,0.227,187,-0.068614738,-0.997643232,-0.5,-0.866025404,3.628573846,1.995715615,15.015,10.97643588,30.25,16.3,0,9.8,60.8,30.26666667,26.61428571,33,33,36.66666667,41.28571429,2.433333333,5.1,2.6,10.8,28.45588235,39.25928416,0.024927693,4,4
7,7,2019,7/7/2019,11.379558,0,26.9,36,1.6,1.5,3,29.69,5.74,0.218,188,-0.0857305,-0.996318363,-0.5,-0.866025404,3.544476671,2.268465069,17.216,3.629544111,2.56,14.1,4.4,10.8,63.3,29.23333333,27.1,33,33,40.33333333,40.42857143,3.5,4.4,5.5,10.8,28.10911764,42.12964208,3.087478308,0,0
8,7,2019,7/8/2019,19.023438,0,30.1,29,6.6,0,2,30.23,6.06,0.207,189,-0.102820997,-0.994699876,-0.5,-0.866025404,4.267463105,3.029898804,21.371,19.99733211,43.56,15.9,5.9,9,62.6,27.83333333,27.85714286,36,33,41.33333333,39,3.233333333,3.085714286,5.5,5.5,27.74638235,39.06482104,1.976243492,0,0
9,7,2019,7/9/2019,14.7942705,0,28,44,3,0.1,25,25.01,4.94,0.198,190,-0.119881192,-0.992788245,-0.5,-0.866025404,3.779930364,2.116761004,15.68,6.350283012,9,16.8,5.9,5.9,62.5,28.1,28.77142857,29,29,36.66666667,37.14285714,4.566666667,3.614285714,6.6,6.6,28.45246765,34.03241052,0.592873048,1,1
10,7,2019,7/10/2019,16.452475,0,28.7,42,5.9,0.4,45,23.23,4.6,0.201,191,-0.136906058,-0.990584035,-0.5,-0.866025404,3.936753503,2.283317032,16.646,13.47157049,34.81,17.1,1.6,6,62.6,28.33333333,29.01428571,29,29,36.33333333,37.71428571,3.733333333,3.428571429,6.6,6.6,28.31672735,39.01620526,0.247861914,0,0
11,7,2019,7/11/2019,0.6998698,0,26.2,54,2.3,2.7,80,14.63,2.83,0.28,192,-0.153890577,-0.988087896,-0.5,-0.866025404,3.40138661,1.56463784,12.052,3.598667033,5.29,17,0.5,6.4,62.4,28.93333333,28.77142857,29,29,38.33333333,38.85714286,5.166666667,3.942857143,6.6,6.6,28.43170915,40.50810263,0.354358574,0,0
12,7,2019,7/12/2019,0.24479167,0,22.6,51,5.2,13,57,21.7,3.8,0.369,193,-0.170829743,-0.985300563,-0.5,-0.866025404,2.742180549,1.343668469,11.074,6.987076039,27.04,12.8,3.2,9.1,63.2,27.63333333,28.07142857,42,29,46.66666667,41.85714286,3.733333333,3.928571429,5.9,6.6,27.7621964,47.25405131,1.996307572,0,0
13,7,2019,7/13/2019,1.1542969,0,21.5,49,3.8,0.5,70,20.89,3.75,0.334,194,-0.187718565,-0.982222857,-0.5,-0.866025404,2.564419721,1.307854058,10.965,4.969845419,14.44,11.3,16.1,22.1,59.4,25.83333333,27.11428571,42,29,49,43,4.466666667,4.3,5.9,6.6,26.21353748,49.12702566,9.698892272,0,0
14,7,2019,7/14/2019,3.2923176,0,23.7,50,5.8,0,92,18.58,3.48,0.315,195,-0.204552066,-0.978855685,-0.5,-0.866025404,2.930607375,1.465303687,11.85,8.498761387,33.64,13.7,16.2,18.2,55.4,23.43333333,26.28571429,49,29,51.33333333,43.57142857,3.766666667,4.057142857,5.2,6.6,24.79947624,49.06351283,3.259667682,0,0
15,7,2019,7/15/2019,0.057291668,0,21.4,62,9.1,5.3,80,11.54,2.08,0.379,196,-0.221325284,-0.97520004,-0.5,-0.866025404,2.548770598,0.968532827,8.132,8.81364873,82.81,13.8,13.5,16.7,51.3,22.6,25.82857143,49,29,50,45.57142857,4.933333333,4.657142857,5.8,6.6,24.46963337,49.53175641,0.977900304,1,1
16,7,2019,7/16/2019,0.28515625,0,23.1,56,2.4,4.8,45,24.82,4.6,0.364,197,-0.238033277,-0.971256999,-0.5,-0.866025404,2.826475201,1.243649089,10.164,2.984757812,5.76,14.3,5.8,22,56,22.2,24.58571429,49,42,53.66666667,50.28571429,6.233333333,5.014285714,9.1,9.1,23.54874336,55.76587821,4.003370091,0,0
17,7,2019,7/17/2019,1.1829427,0,25.2,58,4.3,0,70,18.01,3.46,0.365,198,-0.25467112,-0.967027725,-0.5,-0.866025404,3.205712243,1.346399142,10.584,5.789516311,18.49,16.8,10.1,26.7,59.6,22.73333333,23.88571429,50,42,56,52,5.766666667,4.928571429,9.1,9.1,23.41412035,55.8829391,4.561011027,0,0
18,7,2019,7/18/2019,0.96875,0,25.5,46,5.2,7.3,71,21.04,4.08,0.377,199,-0.271233911,-0.962513463,-0.5,-0.866025404,3.263356619,1.762212574,13.77,9.163505387,27.04,14.7,10.1,26.3,59,23.23333333,23.38571429,56,49,58.66666667,54.28571429,5.266666667,4.7,9.1,9.1,23.94988424,56.94146955,1.368303308,1,1
19,7,2019,7/19/2019,3.639323,0,25,50,3.1,0,9,27.34,5.15,0.348,200,-0.287716767,-0.957715543,-0.5,-0.866025404,3.167777718,1.583888859,12.5,4.910055462,9.61,15,12.1,30.9,65.4,24.6,23.28571429,46,46,53.33333333,53.14285714,3.966666667,5.114285714,5.2,9.1,24.41491897,51.47073478,5.520490992,0,0
20,7,2019,7/20/2019,7.530599,0,27.1,40,3.5,0,3,28.88,5.61,0.325,201,-0.304114832,-0.952635381,-0.5,-0.866025404,3.586310566,2.15178634,16.26,7.531252189,12.25,15.1,7.3,17.9,64,25.23333333,23.62857143,46,46,51.33333333,53,4.2,4.814285714,5.2,9.1,24.59044328,50.73536739,1.656147298,1,1
21,7,2019,7/21/2019,11.3932295,0,26.1,39,1.1,0,1,29.31,5.56,0.306,202,-0.320423273,-0.947274472,-0.5,-0.866025404,3.381361812,2.062630705,15.921,2.268893776,1.21,13.9,7.3,17.4,58.8,25.86666667,24.42857143,40,40,45.33333333,51.71428571,3.933333333,4.771428571,5.2,9.1,25.3433103,45.36768369,0.496844189,2,2
22,7,2019,7/22/2019,12.055989,0,27.1,48,5.2,0.1,23,24.54,5.07,0.283,203,-0.336637284,-0.941634398,-0.5,-0.866025404,3.586310566,1.864881495,14.092,9.697383771,27.04,16.7,0,17.4,53.2,26.06666667,24.77142857,39,39,43,50.14285714,2.566666667,4.1,3.5,9.1,25.57031721,42.18384185,0.149053257,3,3
23,7,2019,7/23/2019,12.660156,0,28.6,38,3.6,0,12,26.31,5.18,0.265,204,-0.352752087,-0.935716819,-0.5,-0.866025404,3.914009299,2.426685765,17.732,8.736068755,12.96,16.2,0.1,12.2,50.8,26.76666667,25.58571429,39,39,42.33333333,48.14285714,3.266666667,3.542857143,5.2,5.2,26.02922204,45.09192092,0.114715977,0,0
24,7,2019,7/24/2019,11.2109375,0,27.1,42,1.5,0,33,24.33,4.64,0.256,205,-0.368762931,-0.92952348,-0.5,-0.866025404,3.586310566,2.080060128,15.718,3.120090193,2.25,15.5,0.1,7.4,50.2,27.26666667,26.37142857,38,38,41.66666667,45.57142857,3.3,3.714285714,5.2,5.2,26.80045543,41.54596046,0.034414793,1,1
25,7,2019,7/25/2019,1.8085938,0,24.6,54,4.9,1.1,40,23.79,4.47,0.259,206,-0.3846651,-0.923056207,-0.5,-0.866025404,3.09308133,1.422817412,11.316,6.971805317,24.01,15.4,0.1,7.4,50,27.6,26.64285714,38,38,42.66666667,43.28571429,3.433333333,3.314285714,5.2,5.2,26.8903188,41.77298023,0.010324438,2,2
26,7,2019,7/26/2019,6.2721353,0,26.3,38,3.1,0.1,13,28.7,5.39,0.25,207,-0.400453906,-0.916316904,-0.5,-0.866025404,3.421514668,2.121339094,16.306,6.576151192,9.61,13.9,1.1,1.2,51.1,26.76666667,26.51428571,38,38,44.66666667,44.42857143,3.333333333,3.271428571,4.9,5.2,26.20322316,47.88649012,0.773097331,0,0
27,7,2019,7/27/2019,11.108073,0,28.7,38,0.5,0,3,27.93,5.58,0.236,208,-0.416124696,-0.909307559,-0.5,-0.866025404,3.936753503,2.440787172,17.794,1.220393586,0.25,16.3,1.2,1.3,51.1,26,26.7,38,38,44.66666667,42.71428571,3.166666667,3.271428571,4.9,5.2,26.23225621,42.94324506,0.301929199,0,0
28,7,2019,7/28/2019,12.644531,0,29.5,40,1.5,0,5,26.6,5.4,0.225,209,-0.431672852,-0.902030237,-0.5,-0.866025404,4.122885469,2.473731282,17.7,3.710596922,2.25,17.5,1.2,1.3,51.1,26.53333333,26.92857143,38,38,43.33333333,42.42857143,2.833333333,2.842857143,4.9,5.2,26.97257935,40.47162253,0.09057876,1,1
29,7,2019,7/29/2019,14.189453,0,32.1,33,5.8,0,4,27.31,5.7,0.216,210,-0.447093793,-0.894487082,-0.5,-0.866025404,4.78171017,3.203745814,21.507,18.58172572,33.64,18.7,0.1,1.3,51.1,28.16666667,27.41428571,38,38,38.66666667,42.57142857,1.7,2.9,3.1,5.2,27.73080554,40.23581126,0.027173628,2,2
30,7,2019,7/30/2019,15.050781,0,31.2,41,9.6,0,20,24.76,5.01,0.207,211,-0.462382973,-0.886680318,-0.5,-0.866025404,4.543999587,2.680959756,18.408,25.73721366,92.16,19.4,0,1.2,47.7,30.1,28.12857143,33,33,37,40.42857143,2.6,2.985714286,5.8,5.8,29.04156388,36.61790563,0.008152088,3,3
31,7,2019,7/31/2019,13.895833,0,29.4,45,1.6,0.1,39,25.28,5.13,0.198,212,-0.477535886,-0.878612245,-0.5,-0.866025404,4.099208154,2.254564485,16.17,3.607303176,2.56,18.4,0,1.2,44.4,30.93333333,28.5,33,33,38,40.85714286,5.633333333,3.842857143,9.6,9.6,29.68909472,38.80895282,0.002445627,4,4
1,8,2019,8/1/2019,18.138672,0,30.9,33,1,0.1,4,26.95,5.58,0.195,213,-0.492548068,-0.870285241,-0.866025404,-0.5,4.467078664,2.992942705,20.703,2.992942705,1,17.5,0.1,1.3,41.4,30.9,28.82857143,33,33,39.66666667,41.28571429,5.666666667,3.857142857,9.6,9.6,29.6023663,41.90447641,0.070733688,0,0
2,8,2019,8/2/2019,14.744792,0,29.1,48,6,0.2,19,23.33,4.66,0.195,214,-0.507415093,-0.86170176,-0.866025404,-0.5,4.028884423,2.0950199,15.132,12.5701194,36,18.7,0.2,0.3,41.5,30.5,29.72857143,33,33,39.66666667,38.28571429,4.066666667,3.3,9.6,9.6,29.99165641,37.4522382,0.091220106,0,0
3,8,2019,8/3/2019,9.730469,0,29.3,45,1.6,2,41,23.91,4.87,0.194,215,-0.522132581,-0.852864331,-0.866025404,-0.5,4.075649206,2.241607063,16.115,3.586571301,2.56,18.3,0.4,0.4,41.7,29.8,30.12857143,33,33,42,39.71428571,2.866666667,3.714285714,6,9.6,29.72415949,42.7261191,0.167366032,0,0
4,8,2019,8/4/2019,1.1126302,0,25.6,62,11.9,1.2,41,18.89,3.53,0.216,216,-0.536696194,-0.84377556,-0.866025404,-0.5,3.28277117,1.247453045,9.728,14.84469123,141.61,18,2.3,2.4,43.7,29.76666667,30.21428571,33,33,42,40.71428571,2.866666667,3.871428571,6,9.6,29.59691164,43.86305955,1.45020981,0,0
5,8,2019,8/5/2019,1.0729166,0,24,45,3.4,2.9,41,21.14,3.96,0.247,217,-0.55110164,-0.834438124,-0.866025404,-0.5,2.983917477,1.641154612,13.2,5.579925682,11.56,13,3.4,3.6,44.9,28,29.65714286,45,33,51.66666667,43.85714286,6.5,5.357142857,11.9,11.9,28.39783815,52.93152978,1.275062943,0,0
6,8,2019,8/6/2019,6.0429688,0,25.4,35,2.3,0.3,4,25.81,4.84,0.239,218,-0.565344674,-0.824854775,-0.866025404,-0.5,3.244042238,2.108627455,16.51,4.849843146,5.29,12.4,6.1,6.5,43.4,26.3,28.5,45,33,50.66666667,45.57142857,5.633333333,5.014285714,11.9,11.9,27.0784867,48.96576489,2.412518883,0,0
7,8,2019,8/7/2019,12.9973955,0,27.2,25,2.3,0,0,27.82,5.33,0.224,219,-0.579421098,-0.815028338,-0.866025404,-0.5,3.607388303,2.705541227,20.4,6.222744822,5.29,12.2,4.4,6.8,42.2,25,27.67142857,35,33,47.33333333,44.71428571,5.866666667,3.971428571,11.9,11.9,26.57494069,41.98288244,0.933755665,0,0
8,8,2019,8/8/2019,15.9140625,0,28.9,28,1.5,0,0,27.61,5.53,0.208,220,-0.593326764,-0.804961708,-0.866025404,-0.5,3.982587166,2.867462759,20.808,4.301194139,2.25,14.5,3.2,6.7,42.2,25.53333333,27.35714286,25,25,35,41.85714286,2.666666667,4.071428571,3.4,11.9,26.76245849,33.49144122,0.280126699,1,1
9,8,2019,8/9/2019,17.226562,0,29.8,32,0.8,0,0,27.47,5.52,0.198,221,-0.607057574,-0.794657852,-0.866025404,-0.5,4.194632611,2.852350175,20.264,2.28188014,0.64,16.2,0.3,6.6,42.1,27.16666667,27.07142857,25,25,29.33333333,41.14285714,2.033333333,4.142857143,2.3,11.9,27.40372094,30.74572061,0.08403801,2,2
10,8,2019,8/10/2019,18.446615,0,30,36,0.4,0,0,26.85,5.39,0.192,222,-0.620609482,-0.784119807,-0.866025404,-0.5,4.243065059,2.715561638,19.2,1.086224655,0.16,17.2,0,6.4,41.7,28.63333333,27.17142857,25,25,28.33333333,38.85714286,1.533333333,3.4,2.3,11.9,28.12260466,31.37286031,0.025211403,3,3
11,8,2019,8/11/2019,19.88151,0,29.6,31,1.9,0,0,26.9,5.54,0.173,223,-0.633978493,-0.773350678,-0.866025404,-0.5,4.14668165,2.861210339,20.424,5.436299643,3.61,15.8,0,4.4,39,29.56666667,27.27142857,28,25,32,37.57142857,0.9,3.228571429,1.5,11.9,28.68582326,33.68643015,0.007563421,4,4
12,8,2019,8/12/2019,27.91211,0,30.4,23,2.6,0,0,27.06,6.32,0.161,224,-0.647160667,-0.762353639,-0.866025404,-0.5,4.341390638,3.342870791,23.408,8.691464057,6.76,15,0,3.2,26,29.8,27.84285714,31,25,33,33.14285714,1.033333333,1.8,1.9,3.4,28.96007628,32.34321508,0.002269026,5,5
13,8,2019,8/13/2019,26.700521,0,32,20,5.8,0,0,27.37,6,0.154,225,-0.660152121,-0.751131931,-0.866025404,-0.5,4.754775396,3.803820317,25.6,22.06215784,33.64,16,0,0.3,25.5,30,28.75714286,23,23,30,30,1.633333333,1.685714286,2.6,2.6,29.3920534,27.67160754,0.000680708,6,6
14,8,2019,8/14/2019,25.075521,0,34.2,25,3,0,15,25.96,5.67,0.153,226,-0.672949024,-0.739688861,-0.866025404,-0.5,5.378781213,4.03408591,25.65,12.10225773,9,19.2,0,0,25.5,30.66666667,29.7,20,20,24.66666667,27.85714286,3.433333333,2.185714286,5.8,5.8,30.17443738,23.83580377,0.000204212,7,7
15,8,2019,8/15/2019,15.04362,0,31.4,45,7.9,0,70,14.81,3.47,0.149,227,-0.685547606,-0.728027801,-0.866025404,-0.5,4.595917317,2.527754524,17.27,19.96926074,62.41,20.4,0,0,20.2,32.2,30.7,20,20,22.66666667,27.85714286,3.8,2.285714286,5.8,5.8,31.38210616,24.41790188,6.13E-05,8,8
16,8,2019,8/16/2019,7.249349,0,26.8,51,2.3,1.2,67,18.73,3.76,0.158,228,-0.697944155,-0.716152188,-0.866025404,-0.5,3.523719593,1.7266226,13.132,3.971231981,5.29,17,0,0,15.4,32.53333333,31.05714286,20,20,30,30.28571429,5.566666667,3.2,7.9,7.9,31.38747432,34.70895094,1.84E-05,9,9
17,8,2019,8/17/2019,3.470052,0,26.1,51,3.6,0.9,72,15.69,3.05,0.211,229,-0.710135016,-0.704065522,-0.866025404,-0.5,3.381361812,1.656867288,12.789,5.964722236,12.96,16.3,1.2,1.2,16.6,30.8,30.62857143,25,20,40.33333333,33,4.4,3.414285714,7.9,7.9,30.01123202,42.85447547,0.840005514,0,0
18,8,2019,8/18/2019,0.00716146,0,19.6,72,6.1,20.9,90,6.73,1.36,0.356,230,-0.722116597,-0.691771365,-0.866025404,-0.5,2.281005773,0.638681616,5.488,3.89595786,37.21,14,2.1,2.1,10.2,28.1,30.07142857,45,20,49,35.14285714,4.6,3.871428571,7.9,7.9,28.83786241,46.92723774,0.882001654,0,0
19,8,2019,8/19/2019,0.5449219,0,22.2,55,3.7,2.6,56,16.24,3.03,0.323,231,-0.733885366,-0.679273339,-0.866025404,-0.5,2.676333659,1.204350147,9.99,4.456095543,13.69,13.2,23,23,31.1,24.16666667,28.64285714,51,20,58,41,4,4.471428571,6.1,7.9,26.06650369,59.46361887,14.8946005,0,0
20,8,2019,8/20/2019,2.2278645,0,24.3,55,2.4,0,71,15.48,3.08,0.294,232,-0.745437857,-0.666575128,-0.866025404,-0.5,3.038071715,1.367132272,10.935,3.281117452,5.76,15.3,24.4,25.6,33.7,22.63333333,27.47142857,51,20,59.33333333,45.57142857,4.466666667,4.628571429,6.1,7.9,24.90655258,57.23180943,6.288380149,0,0
21,8,2019,8/21/2019,0.069010414,0,23.6,69,0.8,1,94,12.62,2.47,0.309,233,-0.756770663,-0.653680475,-0.866025404,-0.5,2.913023,0.90303713,7.316,0.722429704,0.64,17.4,23.5,25.6,33.7,22.03333333,26.37142857,55,25,60.66666667,50.57142857,4.066666667,4.142857143,6.1,7.9,24.72458681,56.11590472,1.886514045,1,1
22,8,2019,8/22/2019,0.06966146,0,25.7,71,2.6,5.4,70,16.08,3.13,0.351,234,-0.767880446,-0.640593179,-0.866025404,-0.5,3.302286327,0.957663035,7.453,2.48992389,6.76,19.9,3.6,26.6,34.6,23.36666667,24.85714286,55,45,59.66666667,56.85714286,2.3,3.828571429,3.7,7.9,24.38721077,62.55795236,1.265954213,0,0
23,8,2019,8/23/2019,0.52213544,0,28.5,57,4.7,2,42,23.66,4.72,0.321,235,-0.778763931,-0.627317097,-0.866025404,-0.5,3.891379531,1.673293198,12.255,7.864478033,22.09,19.9,6.4,32,40,24.53333333,24.04285714,55,51,65,60.57142857,1.933333333,3.071428571,2.6,6.1,24.78104754,66.77897618,4.159786264,0,0
24,8,2019,8/24/2019,2.0839844,0,28.1,56,3.5,0,21,22.53,4.56,0.292,236,-0.78941791,-0.613856142,-0.866025404,-0.5,3.801995174,1.672877877,12.364,5.855072569,12.25,19.3,8.4,32.8,42,25.93333333,24.28571429,57,51,65.66666667,61.42857143,2.7,3.414285714,4.7,6.1,25.89673328,61.88948809,2.647935879,0,0
25,8,2019,8/25/2019,6.469401,0,29,52,2.5,0.1,17,21,4.63,0.273,237,-0.799839245,-0.600214281,-0.866025404,-0.5,4.0056776,1.922725248,13.92,4.80681312,6.25,19.4,7.4,31.9,40.9,27.43333333,24.57142857,56,55,61.33333333,62.14285714,3.6,3.4,4.7,6.1,26.55771329,58.94474404,0.794380764,1,1
26,8,2019,8/26/2019,10.413411,0,29.4,45,0,0,7,21.51,4.77,0.254,238,-0.810024863,-0.586395533,-0.866025404,-0.5,4.099208154,2.254564485,16.17,0,0,18.4,2.1,11.1,40.9,28.53333333,25.91428571,52,52,55,59.28571429,3.566666667,2.885714286,4.7,4.7,27.2903993,55.47237202,0.308314229,0,0
27,8,2019,8/27/2019,11.692058,0,28.1,50,2.7,0,2,23.81,4.97,0.234,239,-0.819971763,-0.572403973,-0.866025404,-0.5,3.801995174,1.900997587,14.05,5.132693485,7.29,18.1,0.1,8.5,40.9,28.83333333,26.94285714,45,45,51,57.85714286,2,2.357142857,3.5,4.7,27.92327951,50.23618601,0.092494269,1,1
28,8,2019,8/28/2019,11.748047,0,27.3,46,3.4,0,2,24.26,4.91,0.22,240,-0.829677014,-0.558243722,-0.866025404,-0.5,3.628573846,1.959429877,14.742,6.662061581,11.56,16.5,0.1,8.5,40.9,28.83333333,27.48571429,45,45,49,57.14285714,1.733333333,2.4,2.7,4.7,27.97629566,50.11809301,0.027748281,2,2
29,8,2019,8/29/2019,11.815755,0,27.7,44,1.5,0,5,22.97,4.51,0.207,241,-0.839137755,-0.543918954,-0.866025404,-0.5,3.714403381,2.080065893,15.512,3.12009884,2.25,16.5,0,7.5,40.9,28.26666667,28.01428571,45,45,47,53.85714286,2.033333333,2.771428571,3.4,4.7,27.77340696,48.0590465,0.008324484,3,3
30,8,2019,8/30/2019,12.6276045,0,26.5,45,4,0,44,19.75,3.88,0.19,242,-0.848351198,-0.529433891,-0.866025404,-0.5,3.462082359,1.904145297,14.575,7.616581189,16,15.5,0,2.1,40.9,27.7,28.3,44,44,46.66666667,50,2.533333333,2.614285714,3.4,4.7,27.75138487,46.02952325,0.002497345,4,4
31,8,2019,8/31/2019,13.5026045,0,26.7,35,1.8,0,30,23.5,4.52,0.179,243,-0.857314628,-0.514792802,-0.866025404,-0.5,3.503068485,2.276994515,17.355,4.098590127,3.24,13.7,0,0.1,40.8,27.16666667,28.01428571,44,44,45,48.28571429,2.966666667,2.514285714,4,4,27.37596941,45.51476163,0.000749204,5,5
1,9,2019,9/1/2019,13.556641,0,28.3,37,1.6,0,10,21.81,4.31,0.171,244,-0.866025404,-0.5,-1,-1.84E-16,3.846461372,2.423270665,17.829,3.877233063,2.56,15.7,0,0.1,40.7,26.96666667,27.81428571,35,35,41.33333333,45.28571429,2.433333333,2.271428571,4,4,27.17317859,40.25738081,0.000224761,6,6
2,9,2019,9/2/2019,15.445964,0,28.4,35,1.5,0,20,22.41,4.44,0.164,245,-0.874480958,-0.485059846,-1,-1.84E-16,3.868863717,2.514761416,18.46,3.772142124,2.25,15.4,0,0,40.5,27.16666667,27.71428571,35,35,39,43.14285714,2.466666667,2.142857143,4,4,27.51122501,38.62869041,6.74E-05,7,7
3,9,2019,9/3/2019,18.461588,0,28.9,31,3.9,0,1,23.23,4.88,0.158,246,-0.882678798,-0.469976743,-1,-1.84E-16,3.982587166,2.747985144,19.941,10.71714206,15.21,15.1,0,0,38.5,27.8,27.57142857,35,35,35.66666667,41.71428571,1.633333333,2.357142857,1.8,4,27.77785751,36.8143452,2.02E-05,8,8
4,9,2019,9/4/2019,20.621094,0,28.5,32,1.8,0,9,23.15,4.75,0.154,247,-0.890616509,-0.454755136,-1,-1.84E-16,3.891379531,2.646138081,19.38,4.763048546,3.24,14.9,0,0,37.3,28.53333333,27.68571429,31,31,34.33333333,39,2.333333333,2.528571429,3.9,4,28.11450026,33.9071726,6.07E-06,9,9
5,9,2019,9/5/2019,19.60612,0,27.5,22,2.8,0,1,23.27,4.47,0.149,248,-0.898291752,-0.43939951,-1,-1.84E-16,3.671270209,2.863590763,21.45,8.018054137,7.84,11.9,0,0,34.4,28.6,27.85714286,31,31,32.66666667,37,2.4,2.3,3.9,4,28.23015018,32.9535863,1.82E-06,10,10
6,9,2019,9/6/2019,13.374349,0,26.5,41,3.9,0,13,20.96,3.95,0.149,249,-0.905702263,-0.423914391,-1,-1.84E-16,3.462082359,2.042628592,15.635,7.966251508,15.21,14.7,0,0,34.1,28.3,27.82857143,22,22,28.33333333,33.85714286,2.833333333,2.485714286,3.9,4,28.01110513,27.47679315,5.46E-07,11,11
7,9,2019,9/7/2019,13.963542,0,23.3,49,4.6,0.5,41,16.56,3.24,0.15,250,-0.91284586,-0.408304342,-1,-1.84E-16,2.86082113,1.459018776,11.883,6.71148637,21.16,13.1,0,0,34.1,27.5,27.82857143,22,22,31.66666667,33.28571429,2.833333333,2.471428571,3.9,3.9,27.55777359,34.23839658,1.64E-07,12,12
8,9,2019,9/8/2019,17.171225,0,25.4,43,3,0,32,19.41,3.8,0.146,251,-0.919720437,-0.392573965,-1,-1.84E-16,3.244042238,1.849104076,14.478,5.547312227,9,14,0.5,0.5,34.6,25.76666667,27.34285714,22,22,37.33333333,35.28571429,3.766666667,2.871428571,4.6,4.6,26.28044151,41.61919829,0.350000049,0,0
9,9,2019,9/9/2019,16.021484,0,24.7,43,3,0,5,21.05,3.99,0.143,252,-0.926323968,-0.376727894,-1,-1.84E-16,3.111609911,1.773617649,14.079,5.320852948,9,13.3,0.5,0.5,34.6,25.06666667,26.92857143,41,22,44.33333333,36.14285714,3.833333333,3.071428571,4.6,4.6,26.01630906,42.30959914,0.105000015,1,1
10,9,2019,9/10/2019,16.49935,0,27.1,33,2.5,0,6,21.74,4.2,0.142,253,-0.932654508,-0.360770799,-1,-1.84E-16,3.586310566,2.402828079,18.157,6.007070199,6.25,13.7,0.5,0.5,34.6,24.46666667,26.4,43,22,45,37.28571429,3.533333333,3.285714286,4.6,4.6,25.62141634,42.65479957,0.031500004,2,2
11,9,2019,9/11/2019,19.48112,0,27.9,36,1.4,0,7,20.74,4.21,0.142,254,-0.938710189,-0.344707384,-1,-1.84E-16,3.757977111,2.405105351,17.856,3.367147491,1.96,15.1,0,0.5,34.6,25.73333333,26.14285714,33,22,39.66666667,37.57142857,2.833333333,3.085714286,3,4.6,26.06499144,37.82739979,0.009450001,3,3
12,9,2019,9/12/2019,20.190104,0,27.4,33,1.8,0,46,21.16,4.14,0.139,255,-0.944489229,-0.328542382,-1,-1.84E-16,3.64986766,2.445411332,18.358,4.401740398,3.24,14,0,0.5,34.6,26.56666667,26.05714286,33,22,37.33333333,38.14285714,2.3,3.028571429,3,4.6,26.61549401,36.91369989,0.002835,4,4
13,9,2019,9/13/2019,25.223959,0,26.4,36,1.8,0,50,20.9,4.07,0.136,256,-0.949989923,-0.312280557,-1,-1.84E-16,3.441746435,2.202717718,16.896,3.964891893,3.24,13.6,0,0.5,34.6,27.46666667,26.04285714,33,33,34,39.71428571,1.9,2.885714286,2.5,4.6,26.8508458,34.95684995,0.0008505,5,5
14,9,2019,9/14/2019,24.51237,0,24,40,1.3,0,18,21.5,4.15,0.135,257,-0.955210651,-0.295926701,-1,-1.84E-16,2.983917477,1.790350486,14.4,2.327455632,1.69,12,0,0.5,34.6,27.23333333,26.02857143,33,33,35,39,1.666666667,2.585714286,1.8,4.6,26.71559206,35.47842497,0.00025515,6,6
15,9,2019,9/15/2019,25.10612,0,26.3,29,6.9,0,15,18.82,3.75,0.13,258,-0.960149874,-0.279485635,-1,-1.84E-16,3.421514668,2.429275414,18.673,16.76200036,47.61,12.1,0,0,34.6,25.93333333,26.12857143,33,33,36.33333333,37.71428571,1.633333333,2.114285714,1.8,3,25.90091444,37.73921249,7.65E-05,7,7
16,9,2019,9/16/2019,17.261068,0,23.3,44,1.8,0,49,16.12,3.12,0.13,259,-0.964806136,-0.262962203,-1,-1.84E-16,2.86082113,1.602059833,13.048,2.883707699,3.24,12.1,0,0,33.4,25.56666667,26.25714286,29,29,35,35.71428571,3.333333333,2.671428571,6.9,6.9,26.02064011,33.36960624,2.30E-05,8,8
17,9,2019,9/17/2019,24.13737,0,26.1,35,5,0,6,21.42,4.1,0.141,260,-0.969178065,-0.246361274,-1,-1.84E-16,3.381361812,2.197885178,16.965,10.98942589,25,13.1,0,0,32.5,24.53333333,26.05714286,29,29,37.66666667,35.85714286,3.333333333,2.5,6.9,6.9,25.20444808,38.68480312,6.89E-06,9,9
18,9,2019,9/18/2019,33.87956,0,29,20,6,0,0,21.53,4.3,0.146,261,-0.973264374,-0.229687742,-1,-1.84E-16,4.0056776,3.20454208,23.2,19.22725248,36,13,0,0,11.6,25.23333333,25.91428571,29,29,36,36.14285714,4.566666667,2.857142857,6.9,6.9,25.47311365,36.84240156,2.07E-06,10,10
19,9,2019,9/19/2019,30.758463,0,26.2,25,2.9,0,0,20.74,4.05,0.153,262,-0.977063856,-0.21294652,-1,-1.84E-16,3.40138661,2.551039957,19.65,7.398015876,8.41,11.2,0,0,9,26.13333333,26.07142857,20,20,33,33.85714286,4.266666667,3.514285714,6,6.9,26.53117956,28.42120078,6.20E-07,11,11
20,9,2019,9/20/2019,20.839193,0,25.3,45,9.2,0,56,16.53,3.11,0.148,263,-0.980575394,-0.196142541,-1,-1.84E-16,3.224827591,1.773655175,13.915,16.31762761,84.64,14.3,0,0,9,27.1,25.9,20,20,26.66666667,32.71428571,4.633333333,3.671428571,6,6.9,26.43182569,26.71060039,1.86E-07,12,12
21,9,2019,9/21/2019,0.5625,0,15.6,66,8.4,7.6,53,14.37,2.27,0.201,264,-0.983797952,-0.179280759,-1,-1.84E-16,1.772347472,0.60259814,5.304,5.061824379,70.56,8.8,0,0,8,26.83333333,25.74285714,20,20,30,34,6.033333333,4.728571429,9.2,9.2,26.09227798,35.8553002,5.58E-08,13,13
22,9,2019,9/22/2019,3.2167969,0,17.7,41,5.4,0.4,11,20.5,3.23,0.201,265,-0.986730579,-0.162366141,-1,-1.84E-16,2.02537622,1.19497197,10.443,6.452848636,29.16,5.9,7.6,7.6,10.2,22.36666667,24.54285714,25,20,45.33333333,37.71428571,6.833333333,5.742857143,9.2,9.2,22.94459459,50.9276501,5.320000017,0,0
23,9,2019,9/23/2019,11.899739,0,22,26,2.6,0,20,19.77,3.47,0.195,266,-0.989372413,-0.145403674,-1,-1.84E-16,2.643931192,1.956509082,16.28,5.086923614,6.76,7.2,8,8,8.6,19.53333333,23.31428571,41,20,50.66666667,39.42857143,7.666666667,5.528571429,9.2,9.2,21.37121621,45.96382505,1.876000005,0,0
24,9,2019,9/24/2019,15.310547,0,22.2,34,2.3,0,58,16.01,3.01,0.198,267,-0.991722674,-0.128398355,-1,-1.84E-16,2.676333659,1.766380215,14.652,4.062674495,5.29,9,8,8,8.6,18.43333333,23.12857143,26,20,44.33333333,36.85714286,5.466666667,5.642857143,8.4,9.2,21.55985135,35.98191252,0.562800002,1,1
25,9,2019,9/25/2019,14.7213545,0,22.8,48,1.5,0,79,13.03,2.51,0.203,268,-0.99378067,-0.111355197,-1,-1.84E-16,2.775631234,1.443328241,11.856,2.164992362,2.25,12.4,0.4,8,8.5,20.63333333,22.57142857,26,20,33.66666667,36.71428571,3.433333333,5.257142857,5.4,9.2,21.75189594,34.99095626,0.16884,2,2
26,9,2019,9/26/2019,15.279297,0,23.3,55,4.1,1.6,53,15.61,2.88,0.205,269,-0.995545794,-0.094279222,-1,-1.84E-16,2.86082113,1.287369508,10.485,5.278214984,16.81,14.3,0,8,8.5,22.33333333,21.68571429,26,25,36,40.71428571,2.133333333,4.614285714,2.6,9.2,22.06632716,41.49547813,0.050652,3,3
27,9,2019,9/27/2019,14.639974,0,23.6,56,3.7,0,57,11.58,2.19,0.204,270,-0.997017526,-0.077175462,-1,-1.84E-16,2.913023,1.28173012,10.384,4.742401445,13.69,14.8,1.6,9.6,10.1,22.76666667,21.27142857,34,26,45.66666667,45,2.633333333,4.785714286,4.1,9.2,22.43642901,48.24773907,1.1351956,0,0
28,9,2019,9/28/2019,0.6699219,0,21.4,58,8.7,1.8,52,13.03,2.28,0.222,271,-0.998195433,-0.060048959,-1,-1.84E-16,2.548770598,1.070483651,8.988,9.313207767,75.69,13,1.6,9.6,10.1,23.23333333,21.02857143,48,26,53,46.57142857,3.1,4,4.1,8.4,22.78550031,52.12386953,0.34055868,1,1
29,9,2019,9/29/2019,4.113932,0,21.5,53,1,0,46,17.86,3.22,0.219,272,-0.999079167,-0.042904758,-1,-1.84E-16,2.564419721,1.205277269,10.105,1.205277269,1,12.1,3.4,3.8,11.9,22.76666667,21.85714286,55,26,56.33333333,45.42857143,5.5,4.042857143,8.7,8.7,22.36985022,55.06193477,1.362167604,0,0
30,9,2019,9/30/2019,10.442058,0,22.6,44,4.8,0,0,18.73,3.46,0.208,273,-0.999668468,-0.025747914,-1,-1.84E-16,2.742180549,1.535621108,12.656,7.370981316,23.04,11.4,1.8,3.4,11.9,22.16666667,22.4,53,26,55.66666667,47.14285714,4.466666667,3.414285714,8.7,8.7,22.10889515,54.03096738,0.408650281,1,1
1,10,2019,10/1/2019,18.411459,0,25.9,36,0.4,0,1,18.19,3.43,0.199,274,-0.999963161,-0.008583481,-0.866025404,0.5,3.341620215,2.138636938,16.576,0.855454775,0.16,13.1,1.8,3.4,11.9,21.83333333,22.48571429,44,34,51.66666667,49.71428571,4.833333333,3.728571429,8.7,8.7,22.25622661,49.01548369,0.122595084,2,2
2,10,2019,10/2/2019,17.257162,0,25.3,44,6.8,0,0,18.19,3.37,0.189,275,-0.999963161,0.008583481,-0.866025404,0.5,3.224827591,1.805903451,14.168,12.28014347,46.24,14.1,0,3.4,11.9,23.33333333,23.01428571,36,36,44.33333333,50,2.066666667,3.457142857,4.8,8.7,23.34935862,42.50774185,0.036778525,3,3
3,10,2019,10/3/2019,20.925781,0,27,37,1.5,0,7,16.79,3.33,0.181,276,-0.999668468,0.025747914,-0.866025404,0.5,3.565340176,2.246164311,17.01,3.369246466,2.25,14.4,0,3.4,11.9,24.6,23.37142857,36,36,41.33333333,49.42857143,4,4.214285714,6.8,8.7,23.93455104,43.25387092,0.011033558,4,4
4,10,2019,10/4/2019,21.96875,0,26.6,35,6.4,0,1,17.6,3.77,0.173,277,-0.999079167,0.042904758,-0.866025404,0.5,3.482522891,2.263639879,17.29,14.48729523,40.96,13.6,0,1.8,11.9,26.06666667,23.9,36,36,39,46.85714286,2.9,3.842857143,6.8,8.7,24.85418573,40.12693546,0.003310067,5,5
5,10,2019,10/5/2019,24.067057,0,21.4,47,5.1,0.2,73,10.06,2.22,0.186,278,-0.998195433,0.060048959,-0.866025404,0.5,2.548770598,1.350848417,11.342,6.889326928,26.01,10.8,0,1.8,11.9,26.3,24.32857143,35,35,38.66666667,43.85714286,4.9,4.228571429,6.8,8.7,25.37793001,37.56346773,0.00099302,6,6
6,10,2019,10/6/2019,0.001302085,0,17.3,84,2.6,17.1,81,6.7,1.17,0.339,279,-0.997017526,0.077175462,-0.866025404,0.5,1.974876858,0.315980297,2.768,0.821548773,6.76,14.1,0.2,0.2,12.1,25,24.32857143,35,35,39.66666667,42.28571429,4.333333333,3.714285714,6.4,6.8,24.18455101,42.28173387,0.140297906,0,0
7,10,2019,10/7/2019,0.0703125,0,17.3,57,5.9,9.9,41,16.77,2.66,0.319,280,-0.995545794,0.094279222,-0.866025404,0.5,1.974876858,0.849197049,7.439,5.010262589,34.81,8.7,17.3,17.3,29.2,21.76666667,23.72857143,35,35,55.33333333,46.71428571,4.7,3.942857143,6.4,6.8,22.1191857,63.14086693,12.01208937,0,0
8,10,2019,10/8/2019,0.36914062,0,16.8,61,2.5,0,99,6.33,1.23,0.304,281,-0.99378067,0.111355197,-0.866025404,0.5,1.913305695,0.746189221,6.552,1.865473052,6.25,9,27.2,27.2,38.6,18.66666667,22.97142857,47,35,62.66666667,48.57142857,4.533333333,4.1,5.9,6.8,20.67342999,60.07043347,10.53362681,0,0
9,10,2019,10/9/2019,0.26171875,0,18,69,4,2.7,15,16.28,2.67,0.303,282,-0.991722674,0.128398355,-0.866025404,0.5,2.063989203,0.639836653,5.58,2.559346611,16,11.8,27,27.2,38.6,17.13333333,21.67142857,57,35,67.33333333,52.14285714,3.666666667,4.4,5.9,6.8,19.51140099,60.53521673,3.160088043,1,1
10,10,2019,10/10/2019,1.5970052,0,20.8,58,3.1,0,4,16.1,2.8,0.283,283,-0.989372413,0.145403674,-0.866025404,0.5,2.456616326,1.031778857,8.736,3.198514457,9.61,12.4,12.6,29.9,41.3,17.36666667,20.62857143,57,35,62.33333333,55.71428571,4.133333333,4,5.9,6.4,19.0579807,64.76760837,2.838026413,0,0
11,10,2019,10/11/2019,5.002604,0,21.3,55,1.5,0.3,75,13.1,2.37,0.27,284,-0.986730579,0.162366141,-0.866025404,0.5,2.533204981,1.139942242,9.585,1.709913362,2.25,12.3,2.7,29.9,41.3,18.53333333,19.74285714,58,35,62.66666667,58.71428571,3.2,4.228571429,4,6.4,19.58058649,61.38380418,0.851407924,1,1
12,10,2019,10/12/2019,1.5709635,0,19.4,63,4.7,0.9,49,14.35,2.44,0.266,285,-0.983797952,0.179280759,-0.866025404,0.5,2.252831002,0.833547471,7.178,3.917673113,22.09,12,3,30.2,41.6,20.03333333,18.98571429,55,47,60.66666667,61.57142857,2.866666667,3.528571429,4,5.9,20.09641054,58.19190209,0.465422377,0,0
13,10,2019,10/13/2019,5.4166665,0,19.3,61,4,0,37,16.22,2.73,0.256,286,-0.980575394,0.196142541,-0.866025404,0.5,2.238858125,0.873154669,7.527,3.492618674,16,11.5,1.2,30.9,42.5,20.5,18.7,55,55,58.66666667,63.85714286,3.1,3.471428571,4.7,5.9,19.88748738,60.59595105,0.769626713,0,0
14,10,2019,10/14/2019,8.977864,0,20.1,48,4,0,8,16.29,2.81,0.254,287,-0.977063856,0.21294652,-0.866025404,0.5,2.352795129,1.223453467,10.452,4.893813868,16,9.7,1.2,13.8,42.5,20,18.98571429,55,55,59.66666667,60.57142857,3.4,3.671428571,4.7,5.9,19.71124117,60.79797552,0.230888014,1,1
15,10,2019,10/15/2019,10.480469,0,20.3,52,2,0,0,15.97,2.81,0.25,288,-0.973264374,0.229687742,-0.866025404,0.5,2.382059337,1.143388482,9.744,2.286776964,4,10.7,0.9,3.9,42.5,19.6,19.38571429,48,48,57.33333333,59.28571429,4.233333333,3.4,4.7,4.7,19.82786882,54.39898776,0.069266404,2,2
16,10,2019,10/16/2019,11.787109,0,21.2,51,3.3,0,28,15.17,2.76,0.247,289,-0.969178065,0.246361274,-0.866025404,0.5,2.517722492,1.233684021,10.388,4.07115727,10.89,11.4,0,3.9,42.5,19.9,19.88571429,48,48,53.66666667,58,3.333333333,3.328571429,4,4.7,19.96950817,53.19949388,0.020779921,3,3
17,10,2019,10/17/2019,11.1953125,0,21.9,67,1.1,0,46,12.84,2.39,0.243,290,-0.964806136,0.262962203,-0.866025404,0.5,2.627858844,0.867193419,7.227,0.95391276,1.21,15.3,0,1.2,42.5,20.53333333,20.34285714,48,48,50.33333333,55.42857143,3.1,3.228571429,4,4.7,20.33865572,52.09974694,0.006233976,4,4
18,10,2019,10/18/2019,8.783203,0,21.3,69,1.9,0.7,88,9.86,1.74,0.264,291,-0.960149874,0.279485635,-0.866025404,0.5,2.533204981,0.785293544,6.603,1.492057734,3.61,15.1,0,1.2,42.5,21.13333333,20.5,51,48,56.66666667,56.71428571,2.133333333,2.942857143,3.3,4.7,20.807059,59.54987347,0.001870193,5,5
19,10,2019,10/19/2019,8.455078,0,19.3,76,2.3,7.9,72,10.39,1.8,0.303,292,-0.955210651,0.295926701,-0.866025404,0.5,2.238858125,0.53732595,4.632,1.235849685,5.29,14.5,0.7,1.6,43.2,21.46666667,20.5,51,48,62.33333333,58.71428571,2.1,3,3.3,4.7,20.9549413,64.27493674,0.490561058,0,0
20,10,2019,10/20/2019,2.6555989,0,18.2,79,4.1,0.5,75,8.99,1.59,0.29,293,-0.949989923,0.312280557,-0.866025404,0.5,2.090087801,0.438918438,3.822,1.799565597,16.81,14,8.6,8.6,51.1,20.83333333,20.48571429,67,48,70.66666667,60.57142857,1.766666667,2.657142857,2.3,4,20.45845891,70.13746837,5.677168317,0,0
21,10,2019,10/21/2019,4.7552085,0,18.9,67,1.8,0.7,70,11.13,1.94,0.28,294,-0.944489229,0.328542382,-0.866025404,0.5,2.183721841,0.720628208,6.237,1.297130774,3.24,12.3,9.1,9.1,51.6,19.6,20.32857143,69,48,74.66666667,63.14285714,2.766666667,2.671428571,4.1,4.1,19.78092124,74.56873418,2.053150495,0,0
22,10,2019,10/22/2019,6.6477866,0,18.7,66,3.2,0,54,12.66,2.18,0.268,295,-0.938710189,0.344707384,-0.866025404,0.5,2.15660198,0.733244673,6.358,2.346382954,10.24,11.9,9.1,9.8,44.7,18.8,20.15714286,67,51,74,65.85714286,2.733333333,2.357142857,4.1,4.1,19.51664487,70.78436709,1.105945149,0,0
23,10,2019,10/23/2019,7.176432,0,17,71,2.5,0,56,11.9,1.98,0.257,296,-0.932654508,0.360770799,-0.866025404,0.5,1.937729352,0.561941512,4.93,1.40485378,6.25,11.2,1.2,9.8,44.3,18.6,19.92857143,66,51,70.66666667,67.85714286,3.033333333,2.528571429,4.1,4.1,19.27165141,68.39218355,0.331783545,1,1
24,10,2019,10/24/2019,8.919922,0,17,66,2.2,0,50,12.81,2.11,0.248,297,-0.926323968,0.376727894,-0.866025404,0.5,1.937729352,0.65882798,5.78,1.449421555,4.84,10.2,0.7,9.8,44.3,18.2,19.32857143,66,66,68,70.71428571,2.5,2.414285714,3.2,4.1,18.59015598,69.69609177,0.099535063,2,2
25,10,2019,10/25/2019,10.541016,0,18.1,57,0.7,0,46,13.51,2.21,0.243,298,-0.919720437,0.392573965,-0.866025404,0.5,2.077002619,0.893111126,7.783,0.625177788,0.49,9.5,0,9.8,44.3,17.56666667,18.62857143,66,66,67.66666667,70.57142857,2.633333333,2.571428571,3.2,4.1,18.11310919,67.84804589,0.029860519,3,3
26,10,2019,10/26/2019,6.908854,0,16.6,71,2.5,0.1,78,7.27,1.24,0.249,299,-0.91284586,0.408304342,-0.866025404,0.5,1.889152128,0.547854117,4.814,1.369635293,6.25,10.8,0,9.1,44.3,17.36666667,18.17142857,57,57,64.66666667,68.85714286,1.8,2.4,2.5,4.1,18.10917643,62.42402294,0.008958156,4,4
27,10,2019,10/27/2019,4.3183594,0,17.4,62,4.7,0.3,42,11.12,1.78,0.251,300,-0.905702263,0.423914391,-0.866025404,0.5,1.987397189,0.755210932,6.612,3.549491379,22.09,9.8,0.1,1.3,42.8,17.23333333,17.78571429,57,57,64.66666667,68.14285714,1.8,2.428571429,2.5,4.1,17.6564235,66.71201147,0.072687447,0,0
28,10,2019,10/28/2019,7.3333335,0,16.8,60,1.1,0,48,12.84,2.05,0.248,301,-0.898291752,0.43939951,-0.866025404,0.5,1.913305695,0.765322278,6.72,0.841854506,1.21,8.8,0.4,1.1,43.1,17.36666667,17.67142857,57,57,63.33333333,65.71428571,2.633333333,2.514285714,4.7,4.7,17.57949645,64.35600574,0.231806234,0,0
29,10,2019,10/29/2019,8.451172,0,17,64,1.5,0,18,12.66,2.02,0.242,302,-0.890616509,0.454755136,-0.866025404,0.5,1.937729352,0.697582567,6.12,1.04637385,2.25,9.8,0.4,0.4,41.3,16.93333333,17.37142857,60,57,64.33333333,64.71428571,2.766666667,2.414285714,4.7,4.7,17.34564752,62.17800287,0.06954187,1,1
30,10,2019,10/30/2019,9.029948,0,15.3,66,2.4,0,76,9.84,1.58,0.239,303,-0.882678798,0.469976743,-0.866025404,0.5,1.738563895,0.591111724,5.202,1.418668139,5.76,8.5,0.3,0.4,41.3,17.06666667,17.12857143,60,57,62,64.42857143,2.433333333,2.171428571,4.7,4.7,17.24195326,63.08900143,0.020862561,2,2
31,10,2019,10/31/2019,9.503255,0,16,67,0.8,0,89,10.97,1.74,0.242,304,-0.874480958,0.485059846,-0.866025404,0.5,1.81828668,0.600034605,5.28,0.480027684,0.64,9.4,0,0.4,41.3,16.36666667,16.88571429,60,57,63.33333333,63.71428571,1.666666667,2.157142857,2.4,4.7,16.65936728,64.54450072,0.006258768,3,3
1,5,2020,5/1/2020,5.3164062,0,20.9,55,4.7,1.3,59,20.22,3.36,0.286,122,0.866025404,-0.5,0.5,-0.866025404,2.471770045,1.11229652,9.405,5.227793644,22.09,11.9,0,0.4,41.3,16.1,16.74285714,64,57,65.66666667,63.85714286,1.566666667,1.957142857,2.4,4.7,16.4615571,65.77225036,0.00187763,4,4
2,5,2020,5/2/2020,3.5390625,0,20.4,49,2.6,2.1,53,20.65,3.49,0.318,123,0.857314628,-0.514792802,0.5,-0.866025404,2.39681041,1.222373309,10.404,3.178170604,6.76,10.2,1.3,1.7,42.6,17.4,17.14285714,55,55,62.66666667,63.57142857,2.633333333,2.528571429,4.7,4.7,17.79308997,60.38612518,0.910563289,0,0
3,5,2020,5/3/2020,3.5032551,0,15.7,73,5.1,2.1,78,15.39,2.57,0.351,124,0.848351198,-0.529433891,0.5,-0.866025404,1.783735831,0.481608674,4.239,2.45620424,26.01,10.3,3.4,3.7,44.7,19.1,17.68571429,49,49,57,60.42857143,2.7,2.542857143,4.7,4.7,18.57516298,54.69306259,1.743168987,0,0
4,5,2020,5/4/2020,0.091145836,0,16.7,61,9.4,4.8,84,16.17,2.59,0.355,125,0.839137755,-0.543918954,0.5,-0.866025404,1.901195309,0.74146617,6.513,6.969782002,88.36,8.9,5.5,5.5,46.8,19,17.44285714,49,49,59,62,4.133333333,2.6,5.1,5.1,17.71261408,63.84653129,1.992950696,0,0
5,5,2020,5/5/2020,0.002604169,0,15.1,73,5.8,3.6,91,11.04,1.85,0.368,126,0.829677014,-0.558243722,0.5,-0.866025404,1.716356408,0.46341623,4.077,2.687814134,33.64,9.7,9,10.3,51.4,17.6,17.42857143,49,49,61,62.14285714,5.7,3.785714286,9.4,9.4,17.40882986,62.42326565,3.957885209,0,0
6,5,2020,5/6/2020,0.3125,0,18.9,50,2.9,2,42,24.36,4.07,0.358,127,0.819971763,-0.572403973,0.5,-0.866025404,2.183721841,1.091860921,9.45,3.16639667,8.41,8.9,10.5,13.9,37.9,15.83333333,17.15714286,61,49,69,63.42857143,6.766666667,4.4,9.4,9.4,16.7161809,67.71163282,3.707365563,0,0
7,5,2020,5/7/2020,0.006510418,0,11.9,83,3.7,6.3,78,6.47,1.13,0.364,128,0.810024863,-0.586395533,0.5,-0.866025404,1.393342178,0.23686817,2.023,0.87641223,13.69,8.5,10.4,15.9,30,16.9,17.67142857,50,49,61.33333333,61.14285714,6.033333333,4.471428571,9.4,9.4,17.37132663,58.85581641,2.512209669,0,0
8,5,2020,5/8/2020,0.15885417,0,16.2,46,6.9,1.1,49,20.41,3.11,0.357,129,0.799839245,-0.600214281,0.5,-0.866025404,1.84164513,0.99448837,8.748,6.861969756,47.61,5.4,11.9,22.2,36.3,15.3,17.08571429,50,49,68.66666667,63.42857143,4.133333333,4.885714286,5.8,9.4,15.72992864,70.92790821,5.163662901,0,0
9,5,2020,5/9/2020,0.64453125,0,15.2,50,2.5,0.7,34,27.02,4.21,0.338,130,0.78941791,-0.613856142,0.5,-0.866025404,1.727428862,0.863714431,7.6,2.159286078,6.25,5.2,9.4,22,34.7,15.66666667,16.41428571,46,46,59.66666667,62.14285714,4.5,5.2,6.9,9.4,15.87095005,58.4639541,2.31909887,0,0
10,5,2020,5/10/2020,2.0970051,0,19.1,40,1.8,0,14,26.63,4.51,0.325,131,0.778763931,-0.627317097,0.5,-0.866025404,2.211139634,1.32668378,11.46,2.388030805,3.24,7.1,8.1,20.6,35.4,14.43333333,15.67142857,46,46,59.66666667,62.28571429,4.366666667,5.185714286,6.9,9.4,15.66966503,54.23197705,1.185729661,0,0
11,5,2020,5/11/2020,6.6035156,0,22.3,39,3.6,0,41,23.04,4.16,0.31,132,0.767880446,-0.640593179,0.5,-0.866025404,2.692664553,1.642525377,13.603,5.913091358,12.96,10.1,1.8,18.5,35.1,16.83333333,16.15714286,40,40,45.33333333,57.57142857,3.733333333,4.714285714,6.9,9.4,16.69876552,47.11598853,0.355718898,1,1
12,5,2020,5/12/2020,12.171224,0,28.3,43,4.1,0,17,27.52,5.48,0.298,133,0.756770663,-0.653680475,0.5,-0.866025404,3.846461372,2.192482982,16.131,8.989180227,16.81,16.9,0.7,13.7,34.2,18.86666667,16.95714286,39,39,43,54.42857143,2.633333333,3.885714286,3.6,6.9,18.37913587,43.05799426,0.106715669,2,2
13,5,2020,5/13/2020,10.285808,0,25.1,49,3.1,0,8,26.23,4.95,0.288,134,0.745437857,-0.666575128,0.5,-0.866025404,3.186695762,1.625214839,12.801,5.038166,9.61,14.9,0,10.1,34.2,23.23333333,18.84285714,39,39,40.66666667,50.14285714,3.166666667,3.642857143,4.1,6.9,21.35539511,43.02899713,0.032014701,3,3
14,5,2020,5/14/2020,9.246094,0,25.9,55,6.3,0,33,28.49,5.42,0.271,135,0.733885366,-0.679273339,0.5,-0.866025404,3.341620215,1.503729097,11.655,9.47349331,39.69,16.9,0,8.1,34.2,25.23333333,19.72857143,39,39,43.66666667,50,3.6,3.671428571,4.1,6.9,22.47877657,46.01449857,0.00960441,4,4
15,5,2020,5/15/2020,16.460938,0,29.8,39,4.8,0,47,28,5.76,0.258,136,0.722116597,-0.691771365,0.5,-0.866025404,4.194632611,2.558725893,18.178,12.28188428,23.04,17.6,0,1.8,34.2,26.43333333,21.72857143,43,39,49,46,4.5,4.042857143,6.3,6.9,23.5051436,50.50724928,0.002881323,5,5
16,5,2020,5/16/2020,16.333334,0,28.6,46,10.8,0,50,28.15,5.67,0.246,137,0.710135016,-0.704065522,0.5,-0.866025404,3.914009299,2.113565021,15.444,22.82650223,116.64,17.8,0,0.7,34.2,26.93333333,23.67142857,39,39,47.66666667,45,4.733333333,3.742857143,6.3,6.3,25.39360052,44.75362464,0.000864397,6,6
17,5,2020,5/17/2020,14.565755,0,26.8,45,3.3,0,22,28.53,5.51,0.234,138,0.697944155,-0.716152188,0.5,-0.866025404,3.523719593,1.938045776,14.74,6.395551061,10.89,15.8,0,0,34.2,28.1,25.58571429,39,39,46.66666667,44.42857143,7.3,4.928571429,10.8,10.8,26.35552037,45.37681232,0.000259319,7,7
18,5,2020,5/18/2020,16.920572,0,28.9,40,5,0,48,27.51,5.55,0.224,139,0.685547606,-0.728027801,0.5,-0.866025404,3.982587166,2.389552299,17.34,11.9477615,25,16.9,0,0,33.5,28.4,26.68571429,39,39,43.33333333,45.14285714,6.3,5.142857143,10.8,10.8,26.48886426,45.18840616,7.78E-05,8,8
19,5,2020,5/19/2020,16.839844,0,27.6,44,0.5,0,31,28.27,5.57,0.206,140,0.672949024,-0.739688861,0.5,-0.866025404,3.69278196,2.067957898,15.456,1.033978949,0.25,16.4,0,0,25.6,28.1,27.62857143,40,39,43.66666667,45.28571429,6.366666667,5.342857143,10.8,10.8,27.21220498,42.59420308,2.33E-05,9,9
20,5,2020,5/20/2020,24.207682,0,32.4,39,5.9,0,61,26.47,5.73,0.197,141,0.660152121,-0.751131931,0.5,-0.866025404,4.863311198,2.966619831,19.764,17.503057,34.81,20.2,0,0,25.1,27.76666667,27.52857143,40,39,43,45.42857143,2.933333333,4.828571429,5,10.8,27.32854349,43.29710154,7.00E-06,10,10
21,5,2020,5/21/2020,19.536459,0,30.4,34,11.6,0.3,65,24.01,5.14,0.195,142,0.647160667,-0.762353639,0.5,-0.866025404,4.341390638,2.865317821,20.064,33.23768672,134.56,17.2,0,0,24.4,29.63333333,28.57142857,39,39,41,44,3.8,5.228571429,5.9,10.8,28.84998044,41.14855077,2.10E-06,11,11
22,5,2020,5/22/2020,0.06315104,0,17.2,80,10.5,2.5,82,7.39,1.31,0.247,143,0.633978493,-0.773350678,0.5,-0.866025404,1.962425658,0.392485132,3.44,4.121093881,110.25,13.2,0.3,0.3,24.7,30.13333333,29.21428571,34,34,39,41,6,5.985714286,11.6,11.6,29.31498631,37.57427539,0.21000063,0,0
23,5,2020,5/23/2020,0.040364582,0,14.6,43,5.2,9.1,89,15.47,2.46,0.313,144,0.620609482,-0.784119807,0.5,-0.866025404,1.661922381,0.947295757,8.322,4.925937937,27.04,3.2,2.8,2.8,27.2,26.66666667,27.41428571,34,34,51,46.85714286,9.333333333,6.8,11.6,11.6,25.68049042,58.78713769,1.813000189,0,0
24,5,2020,5/24/2020,0.09700521,0,14.2,54,3.3,2.8,60,16.88,2.74,0.303,145,0.607057574,-0.794657852,0.5,-0.866025404,1.61947137,0.74495683,6.532,2.45835754,10.89,5,11.9,11.9,36.3,20.73333333,25.41428571,34,34,52.33333333,46.42857143,9.1,6,11.6,11.6,22.35634329,50.89356885,6.913900057,0,0
25,5,2020,5/25/2020,1.3763021,0,19.6,46,5.1,0,47,23.81,3.99,0.28,146,0.593326764,-0.804961708,0.5,-0.866025404,2.281005773,1.231743117,10.584,6.281889899,26.01,8.8,14.4,14.7,39.1,15.33333333,23.61428571,43,34,59,47.71428571,6.333333333,6,10.5,11.6,19.9094403,52.44678442,4.034170017,0,0
26,5,2020,5/26/2020,0.46809897,0,14.9,80,5,8.9,94,5.43,1.06,0.33,147,0.579421098,-0.815028338,0.5,-0.866025404,1.694398038,0.338879608,2.98,1.694398038,25,10.9,11.9,14.7,39,16.13333333,22.28571429,43,34,47.66666667,48.57142857,4.533333333,6.014285714,5.2,11.6,19.81660821,49.22339221,1.210251005,1,1
27,5,2020,5/27/2020,0.18815105,0,17.3,73,4,12.4,62,20.42,3.41,0.366,148,0.565344674,-0.824854775,0.5,-0.866025404,1.974876858,0.533216752,4.671,2.132867007,16,11.9,11.7,23.6,47.6,16.23333333,20.47142857,46,34,60,53.71428571,4.466666667,6.657142857,5.1,11.6,18.34162575,64.61169611,6.593075302,0,0
28,5,2020,5/28/2020,0.1529948,0,18.3,62,8,5.2,74,19.31,3.12,0.346,149,0.55110164,-0.834438124,0.5,-0.866025404,2.103245085,0.799233132,6.954,6.393865058,64,10.7,21.3,36,60,17.26666667,18.31428571,46,34,66.33333333,58.57142857,4.7,6.385714286,5.1,11.6,18.02913802,68.80584805,10.65792259,0,0
29,5,2020,5/29/2020,0.001953127,0,10.8,78,6.5,19.4,75,8.18,1.33,0.377,150,0.536696194,-0.84377556,0.5,-0.866025404,1.295364086,0.284980099,2.376,1.852370644,42.25,6.4,26.5,40.9,65.2,16.83333333,16.58571429,62,43,71.66666667,62.57142857,5.666666667,5.871428571,8,10.5,18.11039662,65.40292403,6.837376777,0,0
30,5,2020,5/30/2020,0.17773438,0,18.8,57,7.7,3.3,40,22.51,3.55,0.381,151,0.522132581,-0.852864331,0.5,-0.866025404,2.170124842,0.933153682,8.084,7.18528335,59.29,10.2,37,57.8,84.6,15.46666667,15.67142857,62,43,71,62.28571429,6.166666667,5.3,8,8,15.91727763,71.70146201,15.63121303,0,0
31,5,2020,5/31/2020,0.8535156,0,21.3,53,4.1,4.4,59,24.08,4.12,0.366,152,0.507415093,-0.86170176,0.5,-0.866025404,2.533204981,1.190606341,10.011,4.881485999,16.81,11.9,27.9,52,87.9,15.96666667,16.27142857,57,46,65.66666667,64.28571429,7.4,5.657142857,8,8,16.78209434,64.35073101,6.99936391,0,0
1,6,2020,6/1/2020,1.2415365,0,19.1,61,5,0.8,81,17.67,3.03,0.37,153,0.492548068,-0.870285241,1.22E-16,-1,2.211139634,0.862344457,7.449,4.311722286,25,11.3,27.1,53.6,91,16.96666667,17.28571429,53,46,62.66666667,64.14285714,6.1,5.771428571,7.7,8,18.13746604,58.6753655,5.179809173,0,0
2,6,2020,6/2/2020,0.07096354,0,17.2,71,9.7,9.4,80,17.52,2.87,0.392,154,0.477535886,-0.878612245,1.22E-16,-1,1.962425658,0.569103441,4.988,5.520303375,94.09,11.4,8.5,54.4,89.7,19.73333333,17.21428571,53,53,57,66.28571429,5.6,5.757142857,7.7,8,18.42622623,59.83768275,2.113942752,0,0
3,6,2020,6/3/2020,0.18880208,0,19.6,53,4.3,0.8,76,23.35,3.73,0.392,155,0.462382973,-0.886680318,1.22E-16,-1,2.281005773,1.072072713,9.212,4.609912667,18.49,10.2,14.6,54.9,97,19.2,17.54285714,53,53,61.66666667,65,6.266666667,6.428571429,9.7,9.7,18.05835836,65.41884138,7.214182826,0,0
4,6,2020,6/4/2020,0.5963542,0,19,60,13,1.3,28,24.53,3.94,0.386,156,0.447093793,-0.894487082,1.22E-16,-1,2.197393324,0.87895733,7.6,11.42644528,169,11,11,43.3,93,18.63333333,17.87142857,53,53,61.66666667,62.14285714,6.333333333,6.471428571,9.7,9.7,18.52085085,59.20942069,2.724254848,0,0
5,6,2020,6/5/2020,2.7916667,0,24.6,48,2.3,0.3,14,27.96,5.2,0.373,157,0.431672852,-0.902030237,1.22E-16,-1,3.09308133,1.608402291,12.792,3.69932527,5.29,14.2,11.5,39.4,90.7,18.6,17.97142857,53,53,61.33333333,61.85714286,9,7.185714286,13,13,18.6645956,59.60471034,1.727276454,0,0
6,6,2020,6/6/2020,9.824219,0,28,47,9.1,0,53,29.84,6.25,0.352,158,0.416124696,-0.909307559,1.22E-16,-1,3.779930364,2.003363093,14.84,18.23060415,82.81,17.4,2.4,20.3,89,21.06666667,19.94285714,48,48,53.66666667,57.57142857,6.533333333,6.585714286,13,13,20.44521692,53.80235517,0.728182936,0,0
7,6,2020,6/7/2020,10.998047,0,29.1,48,10.1,0,31,26.59,5.74,0.338,159,0.400453906,-0.916316904,1.22E-16,-1,4.028884423,2.0950199,15.132,21.15970099,102.01,18.7,1.6,17,82.7,23.86666667,21.25714286,47,47,51.66666667,56.14285714,8.133333333,6.785714286,13,13,22.71165184,50.40117759,0.218454881,1,1
8,6,2020,6/8/2020,11.109375,0,27.2,52,2.9,0.1,4,29.63,5.68,0.319,160,0.3846651,-0.923056207,1.22E-16,-1,3.607388303,1.731546385,13.056,5.021484517,8.41,17.6,0.3,12.6,81.6,27.23333333,22.37142857,47,47,47.66666667,55.42857143,7.166666667,7.642857143,10.1,13,24.62815629,49.20058879,0.065536464,2,2
9,6,2020,6/9/2020,10.131511,0,27.1,57,1.9,0,34,27.31,5.42,0.302,161,0.368762931,-0.92952348,1.22E-16,-1,3.586310566,1.542113544,11.653,2.930015733,3.61,18.5,0.1,11.9,81,28.1,23.52857143,47,47,49,54.14285714,7.366666667,7.342857143,10.1,13,25.3997094,50.6002944,0.089660939,0,0
10,6,2020,6/10/2020,9.985677,0,29.1,55,2.3,1.2,68,22.04,4.37,0.298,162,0.352752087,-0.935716819,1.22E-16,-1,4.028884423,1.81299799,13.095,4.169895378,5.29,20.1,0.1,2.5,81,27.8,24.94285714,48,47,52.33333333,52.14285714,4.966666667,6.228571429,10.1,13,25.90979658,53.8001472,0.026898282,1,1
11,6,2020,6/11/2020,6.348307,0,21.2,82,4,15.4,80,19.12,3.55,0.317,163,0.336637284,-0.941634398,1.22E-16,-1,2.517722492,0.453190049,3.816,1.812760194,16,17.6,1.3,2.9,82.2,27.8,26.3,52,47,54.66666667,52.42857143,2.366666667,5.942857143,2.9,13,26.86685761,54.4000736,0.848069485,0,0
12,6,2020,6/12/2020,2.9459636,0,23.4,60,3.1,3.9,70,20.98,3.78,0.332,164,0.320423273,-0.947274472,1.22E-16,-1,2.878130285,1.151252114,9.36,3.568881553,9.61,15.4,16.6,17,97.6,25.8,26.61428571,55,47,64.66666667,55.57142857,2.733333333,4.657142857,4,10.1,25.16680033,68.2000368,11.03442085,0,0
13,6,2020,6/13/2020,1.8710938,0,19.2,76,3.3,9.8,95,11.84,2.14,0.356,165,0.304114832,-0.952635381,1.22E-16,-1,2.224961118,0.533990668,4.608,1.762169206,10.89,14.4,20.5,20.6,101.5,24.56666667,26.44285714,55,47,65.66666667,57.28571429,3.133333333,4.771428571,4,10.1,24.63676023,64.1000184,6.040326254,0,0
14,6,2020,6/14/2020,1.3997396,0,23.1,55,5.1,0.4,63,22.24,3.98,0.349,166,0.287716767,-0.957715543,1.22E-16,-1,2.826475201,1.271913841,10.395,6.486760587,26.01,14.1,29.1,30.4,111.3,21.26666667,25.18571429,60,48,72.66666667,61.42857143,3.466666667,3.942857143,4,10.1,23.00573216,70.0500092,8.672097876,0,0
15,6,2020,6/15/2020,0.017578127,0,20.2,86,6.8,4,80,11.15,2.06,0.376,167,0.271233911,-0.962513463,1.22E-16,-1,2.367387698,0.331434278,2.828,2.253753088,46.24,17.4,14.1,30.8,111.7,21.9,24.32857143,55,52,63.66666667,62.42857143,3.833333333,3.228571429,5.1,5.1,23.03401251,62.5250046,2.881629363,0,0
16,6,2020,6/16/2020,0.1529948,0,24.5,68,0.4,9.2,42,23.23,4.3,0.378,168,0.25467112,-0.967027725,1.22E-16,-1,3.074649051,0.983887696,7.84,0.393555079,0.16,18.1,14.2,34.7,115.7,20.83333333,23.32857143,55,55,72.33333333,67.28571429,5.066666667,3.785714286,6.8,6.8,22.18380876,74.2625023,3.664488809,0,0
17,6,2020,6/17/2020,1.0611979,0,26.8,60,6.5,0,44,21.59,4.1,0.364,169,0.238033277,-0.971256999,1.22E-16,-1,3.523719593,1.409487837,10.72,9.161670941,42.25,18.8,13.6,43.9,124.9,22.6,22.95714286,55,55,69.66666667,68.85714286,4.1,3.571428571,6.8,6.8,22.87866613,71.13125115,7.539346643,0,0
18,6,2020,6/18/2020,2.4173176,0,22.1,74,3.5,11.2,89,18.03,3.34,0.383,170,0.221325284,-0.97520004,1.22E-16,-1,2.660089335,0.691623227,5.746,2.420681295,12.25,16.9,13.2,42.7,124.9,23.83333333,22.62857143,60,55,71.33333333,69.57142857,4.566666667,4.171428571,6.8,6.8,24.05506629,65.56562557,2.261803993,1,1
19,6,2020,6/19/2020,1.1490885,0,22.8,66,6.3,4.2,72,20.02,3.54,0.383,171,0.204552066,-0.978855685,1.22E-16,-1,2.775631234,0.943714619,7.752,5.945402102,39.69,16,20.4,38.5,136.1,24.46666667,22.75714286,60,55,67.33333333,68.42857143,3.466666667,4.1,6.5,6.8,23.4685464,69.78281279,8.518541198,0,0
20,6,2020,6/20/2020,0.56901044,0,23.5,67,9.2,2.9,67,17.88,3.16,0.391,172,0.187718565,-0.982222857,1.22E-16,-1,2.895530773,0.955525155,7.755,8.790831427,84.64,16.9,15.4,38.8,140.3,23.9,22.67142857,60,55,66.66666667,69.28571429,5.433333333,4.557142857,6.5,6.8,23.26798248,67.89140639,5.495562359,0,0
21,6,2020,6/21/2020,1.2792969,0,24.5,59,3,2.1,39,26.63,4.96,0.376,173,0.170829743,-0.985300563,1.22E-16,-1,3.074649051,1.260606111,10.045,3.781818333,9,16.3,18.3,31.9,142.9,22.8,23.28571429,66,55,69,68,6.333333333,5.4,9.2,9.2,23.33758774,67.4457032,3.678668708,0,0
22,6,2020,6/22/2020,2.8704426,0,25.6,59,6,2.6,43,24.34,4.52,0.382,174,0.153890577,-0.988087896,1.22E-16,-1,3.28277117,1.34593618,10.496,8.075617078,36,17.4,9.2,33.6,142.5,23.6,23.48571429,59,59,64,68.57142857,6.166666667,5.1,9.2,9.2,23.68631142,63.2228516,2.573600612,0,0
23,6,2020,6/23/2020,3.6145833,0,27,57,1.6,1.1,46,21.86,4.15,0.358,175,0.136906058,-0.990584035,1.22E-16,-1,3.565340176,1.533096276,11.61,2.452954041,2.56,18.4,7.6,32.2,136,24.53333333,24.25714286,59,59,61.66666667,64.71428571,6.066666667,4.985714286,9.2,9.2,24.26041799,61.1114258,2.592080184,0,0
24,6,2020,6/24/2020,0.39778647,0,24.5,61,8.2,5.4,34,24.4,4.38,0.35,176,0.119881192,-0.992788245,1.22E-16,-1,3.074649051,1.19911313,9.555,9.832727665,67.24,16.7,5.8,24.1,134.3,25.7,24.61428571,57,57,58.33333333,63.14285714,3.533333333,5.157142857,6,9.2,25.08229259,59.0557129,1.547624055,0,0
25,6,2020,6/25/2020,0.5579427,0,23.8,58,4.1,0.4,55,19.56,3.73,0.346,177,0.102820997,-0.994699876,1.22E-16,-1,2.948284305,1.238279408,9.996,5.076945573,16.81,15.4,9.1,29.5,139.7,25.7,24.28571429,57,57,59,63.28571429,5.266666667,5.4,8.2,9.2,24.90760482,60.02785645,4.244287217,0,0
26,6,2020,6/26/2020,2.8834636,0,26,61,0.8,0.2,39,22.53,4.33,0.34,178,0.0857305,-0.996318363,1.22E-16,-1,3.361439829,1.310961533,10.14,1.048769227,0.64,18.2,6.9,18.7,131.2,25.1,24.52857143,57,57,58.66666667,61,4.633333333,5.485714286,8.2,9.2,24.57532337,59.01392822,1.553286165,0,0
27,6,2020,6/27/2020,5.981771,0,25.4,55,0.7,0.2,9,28.96,5.55,0.325,179,0.068614738,-0.997643232,1.22E-16,-1,3.244042238,1.459819007,11.43,1.021873305,0.49,16.4,6,14.7,119,24.76666667,24.98571429,58,57,60,60.28571429,4.366666667,4.7,8.2,9.2,25.00272636,60.00696411,0.605985849,0,0
28,6,2020,6/28/2020,7.434896,0,26.2,49,0.4,0,8,29.34,5.65,0.3,180,0.051478755,-0.99867409,1.22E-16,-1,3.40138661,1.734707171,13.362,0.693882868,0.16,16,0.8,12,114,25.06666667,25.25714286,55,55,58,58.57142857,1.866666667,3.485714286,4.1,8.2,25.12190845,57.50348206,0.321795755,0,0
29,6,2020,6/29/2020,9.560547,0,25.9,62,1.9,0,55,24.88,4.85,0.284,181,0.034327601,-0.999410634,1.22E-16,-1,3.341620215,1.269815682,9.842,2.412649795,3.61,18.3,0.4,9.9,94.6,25.86666667,25.5,49,49,55,57.14285714,0.633333333,3.114285714,0.8,8.2,25.44533592,53.25174103,0.096538726,1,1
30,6,2020,6/30/2020,11.389323,0,26.5,42,2.2,0.1,9,28.94,5.58,0.274,182,0.01716633,-0.999852648,1.22E-16,-1,3.462082359,2.008007768,15.37,4.41761709,4.84,14.9,0.2,7.3,91.3,25.83333333,25.54285714,49,49,55.33333333,57.57142857,1,2.528571429,1.9,8.2,25.58173514,57.62587051,0.028961618,2,2
1,7,2020,7/1/2020,12.595703,0,28.4,47,1.1,0,8,27.31,5.41,0.264,183,1.22E-16,-1,-0.5,-0.866025404,3.868863717,2.05049777,15.052,2.255547547,1.21,17.8,0.1,6.3,87,26.2,25.47142857,42,42,51,55.42857143,1.5,2.614285714,2.2,8.2,25.8572146,49.81293526,0.078688485,0,0
2,7,2020,7/2/2020,13.7265625,0,28.5,46,2,0,7,27.52,5.49,0.255,184,-0.01716633,-0.999852648,-0.5,-0.866025404,3.891379531,2.101344947,15.39,4.202689894,4,17.7,0.1,0.9,86.2,26.93333333,26.02857143,42,42,50.33333333,53.42857143,1.733333333,1.6,2.2,4.1,26.62005022,48.40646763,0.023606546,1,1
3,7,2020,7/3/2020,13.931641,0,29.6,49,1.3,0,11,27.02,5.45,0.245,185,-0.034327601,-0.999410634,-0.5,-0.866025404,4.14668165,2.114807642,15.096,2.749249934,1.69,19.4,0.1,0.5,76.8,27.8,26.7,42,42,45,51.71428571,1.766666667,1.3,2.2,2.2,27.18403515,47.20323381,0.007081964,2,2
4,7,2020,7/4/2020,13.2942705,0,30.5,50,2.8,0,7,29.28,5.92,0.24,186,-0.051478755,-0.99867409,-0.5,-0.866025404,4.366279321,2.18313966,15.25,6.112791049,7.84,20.5,0,0.3,76,28.83333333,27.21428571,46,42,47.33333333,50,1.466666667,1.371428571,2,2.2,27.90882461,48.10161691,0.002124589,3,3
5,7,2020,7/5/2020,12.9348955,0,29.4,53,1.3,0,43,26.94,5.49,0.235,187,-0.068614738,-0.997643232,-0.5,-0.866025404,4.099208154,1.926627832,13.818,2.504616182,1.69,20,0,0.1,74.7,29.53333333,27.94285714,46,42,48.33333333,49.28571429,2.033333333,1.671428571,2.8,2.8,28.68617723,49.05080845,0.000637377,4,4
6,7,2020,7/6/2020,14.34375,0,29.8,46,1.5,0,6,29.53,6.01,0.227,188,-0.0857305,-0.996318363,-0.5,-0.866025404,4.194632611,2.26510161,16.092,3.397652415,2.25,19,0,0.1,74.4,29.83333333,28.4,49,42,50.66666667,49.85714286,1.8,1.8,2.8,2.8,28.90032406,51.02540423,0.000191213,5,5
7,7,2020,7/7/2020,15.492839,0,32.7,44,3.3,0,35,26.58,5.54,0.216,189,-0.102820997,-0.994699876,-0.5,-0.866025404,4.946118775,2.769826514,18.312,9.140427497,10.89,21.5,0,0.1,74.4,29.9,28.95714286,46,42,49.66666667,47.57142857,1.866666667,1.742857143,2.8,2.8,29.17022684,48.51270211,5.74E-05,6,6
8,7,2020,7/8/2020,5.4602866,0,26.5,64,1.6,0.9,82,18.61,3.65,0.218,190,-0.119881192,-0.992788245,-0.5,-0.866025404,3.462082359,1.246349649,9.54,1.994159439,2.56,19.3,0,0,74.4,30.63333333,29.84285714,44,44,47.66666667,47.85714286,2.033333333,1.9,3.3,3.3,30.22915879,46.25635106,1.72E-05,7,7
9,7,2020,7/9/2020,2.8528645,0,24.1,54,4.2,2.4,57,19.42,3.8,0.236,191,-0.136906058,-0.990584035,-0.5,-0.866025404,3.001874544,1.38086229,11.086,5.79962162,17.64,14.9,0.9,0.9,75.2,29.66666667,29.57142857,44,44,51.33333333,50.28571429,2.133333333,1.971428571,3.3,3.3,29.11041115,55.12817553,0.630005163,0,0
10,7,2020,7/10/2020,10.722005,0,25.1,52,1.9,0,1,29.92,5.71,0.226,192,-0.153890577,-0.988087896,-0.5,-0.866025404,3.186695762,1.529613966,12.048,2.906266535,3.61,15.5,3.3,3.3,77.6,27.76666667,28.94285714,44,44,54,51.42857143,3.033333333,2.285714286,4.2,4.2,27.60728781,54.56408776,1.869001549,0,0
11,7,2020,7/11/2020,15.993489,0,26.7,47,4,0,8,30.18,5.86,0.215,193,-0.170829743,-0.985300563,-0.5,-0.866025404,3.503068485,1.856626297,14.151,7.426505188,16,16.1,3.3,3.3,76.4,25.23333333,28.3,52,44,56.66666667,51.85714286,2.566666667,2.371428571,4.2,4.2,26.85510146,53.28204388,0.560700465,1,1
12,7,2020,7/12/2020,17.49935,0,29.1,47,2.3,0,27,27.21,5.4,0.201,194,-0.187718565,-0.982222857,-0.5,-0.866025404,4.028884423,2.135308744,15.423,4.911210112,5.29,18.5,2.4,3.3,61,25.3,27.75714286,47,44,51,51.42857143,3.366666667,2.542857143,4.2,4.2,26.80857103,50.14102194,0.168210139,2,2
13,7,2020,7/13/2020,18.62565,0,27.4,45,3.9,0.3,52,23.99,4.7,0.192,195,-0.204552066,-0.978855685,-0.5,-0.866025404,3.64986766,2.007427213,15.07,7.828966131,15.21,16.4,0,3.3,57.1,26.96666667,27.71428571,47,44,48.66666667,50.57142857,2.733333333,2.685714286,4,4.2,27.49599972,48.57051097,0.050463042,3,3
14,7,2020,7/14/2020,1.9095052,0,23.1,67,6.1,2.4,65,19.59,3.67,0.202,196,-0.221325284,-0.97520004,-0.5,-0.866025404,2.826475201,0.932736816,7.623,5.68969458,37.21,16.5,0.3,3.6,47.6,27.73333333,27.37142857,45,44,46.33333333,50.42857143,3.4,3.028571429,4,4.2,27.4671998,46.78525549,0.225138913,0,0
15,7,2020,7/15/2020,5.2486978,0,27.2,51,4.1,0.7,32,24.15,4.63,0.2,197,-0.238033277,-0.971256999,-0.5,-0.866025404,3.607388303,1.767620268,13.328,7.2472431,16.81,17.4,2.7,6,49.6,26.53333333,26,45,45,53,53.71428571,4.1,3.428571429,6.1,6.1,26.15703986,56.89262774,1.747541674,0,0
16,7,2020,7/16/2020,5.440104,0,25.4,62,2.9,0.8,85,17.25,3.53,0.192,198,-0.25467112,-0.967027725,-0.5,-0.866025404,3.244042238,1.232736051,9.652,3.574934546,8.41,17.8,3.4,5.8,46.3,25.9,26.1,45,45,54.33333333,51.85714286,4.7,3.785714286,6.1,6.1,26.4699279,53.94631387,1.014262502,0,0
17,7,2020,7/17/2020,2.8463542,0,24.1,64,3.1,4.3,66,18.07,3.54,0.207,199,-0.271233911,-0.962513463,-0.5,-0.866025404,3.001874544,1.080674836,8.676,3.350091991,9.61,16.9,3.9,4.2,37.9,25.23333333,26.28571429,51,45,60,53,4.366666667,3.6,6.1,6.1,26.14894953,57.97315694,0.864278751,0,0
18,7,2020,7/18/2020,8.621094,0,27.9,50,1,0.1,12,25.86,5.16,0.209,200,-0.287716767,-0.957715543,-0.5,-0.866025404,3.757977111,1.878988555,13.95,1.878988555,1,17.9,5.8,8.5,42.2,25.56666667,26.14285714,51,45,59,54.71428571,3.366666667,3.771428571,4.1,6.1,25.53426467,60.98657847,3.269283625,0,0
19,7,2020,7/19/2020,12.970052,0,31.9,43,4,0,14,26.32,5.55,0.197,201,-0.304114832,-0.952635381,-0.5,-0.866025404,4.7279725,2.694944325,18.183,10.7797773,16,20.5,5.2,8.6,31.1,25.8,26.31428571,50,45,58.66666667,55.14285714,2.333333333,3.342857143,3.1,6.1,26.24398527,55.49328923,1.050785088,0,0
20,7,2020,7/20/2020,14.784505,0,29.3,57,9.7,0.1,62,17.1,3.59,0.188,202,-0.320423273,-0.947274472,-0.5,-0.866025404,4.075649206,1.752529158,12.599,16.99953284,94.09,20.7,4.4,8.6,26.9,27.96666667,26.71428571,43,43,52.33333333,54.57142857,2.7,3.585714286,4,6.1,27.94078969,49.24664462,0.315235526,1,1
21,7,2020,7/21/2020,11.2578125,0,26.3,47,8.8,0,53,22.29,4.39,0.181,203,-0.336637284,-0.941634398,-0.5,-0.866025404,3.421514668,1.813402774,13.939,15.95794441,77.44,15.7,0.2,8.4,24.1,29.7,26.98571429,43,43,50,56.28571429,4.9,4.414285714,9.7,9.7,28.34855278,53.12332231,0.164570658,0,0
22,7,2020,7/22/2020,18.190756,0,28.4,42,1.3,0,19,26.38,5.45,0.175,204,-0.352752087,-0.935716819,-0.5,-0.866025404,3.868863717,2.243940956,16.472,2.917123242,1.69,16.8,0.1,6,22,29.16666667,27.44285714,43,43,49,53.42857143,7.5,4.8,9.7,9.7,27.73398695,50.06166115,0.049371197,1,1
23,7,2020,7/23/2020,22.666666,0,29.5,32,3.1,0,3,28.27,6.05,0.166,205,-0.368762931,-0.92952348,-0.5,-0.866025404,4.122885469,2.803562119,20.06,8.691042569,9.61,15.9,0.1,5.3,19.4,28,27.61428571,42,42,48.66666667,52.14285714,6.6,4.4,9.7,9.7,27.93379086,46.03083058,0.014811359,2,2
24,7,2020,7/24/2020,24.360678,0,29.2,29,1.8,0,0,28.89,5.82,0.154,206,-0.3846651,-0.923056207,-0.5,-0.866025404,4.052208127,2.87706777,20.732,5.178721987,3.24,15,0,4.5,18.3,28.06666667,28.2,32,32,40.33333333,47.85714286,4.4,4.428571429,8.8,9.7,28.4036536,39.01541529,0.004443408,3,3
25,7,2020,7/25/2020,23.977213,0,29.6,30,2.7,0,2,28.97,5.82,0.144,207,-0.400453906,-0.916316904,-0.5,-0.866025404,4.14668165,2.902677155,20.72,7.837228319,7.29,15.6,0,0.2,12.9,29.03333333,28.92857143,29,29,34.33333333,42.85714286,2.066666667,4.242857143,3.1,9.7,28.64255752,34.00770764,0.001333022,4,4
26,7,2020,7/26/2020,22.439453,0,32,39,4,0,9,26.55,5.55,0.142,208,-0.416124696,-0.909307559,-0.5,-0.866025404,4.754775396,2.900412992,19.52,11.60165197,16,19.8,0,0.1,12.5,29.43333333,29.17142857,29,29,30.33333333,40,2.533333333,4.485714286,3.1,9.7,28.92979027,32.00385382,0.000399907,5,5
27,7,2020,7/27/2020,23.884115,0,30.5,40,2.6,0,23,27.15,5.56,0.135,209,-0.431672852,-0.902030237,-0.5,-0.866025404,4.366279321,2.619767592,18.3,6.81139574,6.76,18.5,0,0.1,12.3,30.26666667,29.18571429,29,29,32.66666667,39.42857143,2.833333333,4.485714286,4,9.7,29.85085319,35.50192691,0.000119972,6,6
28,7,2020,7/28/2020,26.539062,0,30.2,35,7.1,0.1,25,25.41,5.17,0.13,210,-0.447093793,-0.894487082,-0.5,-0.866025404,4.291983042,2.789788978,19.63,19.80750174,50.41,17.2,0,0,12.1,30.7,29.35714286,30,29,36.33333333,37,3.1,3.471428571,4,8.8,30.04559723,37.75096346,3.60E-05,7,7
29,7,2020,7/29/2020,27.332031,0,30.3,33,9.7,0,4,27.7,5.78,0.126,211,-0.462382973,-0.886680318,-0.5,-0.866025404,4.316625383,2.892139007,20.301,28.05374836,94.09,16.9,0.1,0.1,12.2,30.9,29.91428571,35,29,38,35.28571429,4.566666667,3.228571429,7.1,7.1,30.09191806,36.37548173,0.070010797,0,0
30,7,2020,7/30/2020,26.52474,0,30.3,37,1.3,0,18,26.49,5.5,0.116,212,-0.477535886,-0.878612245,-0.5,-0.866025404,4.316625383,2.719473991,19.089,3.535316189,1.69,17.7,0.1,0.1,12.2,30.33333333,30.18571429,33,29,36,34,6.466666667,4.428571429,9.7,9.7,30.15434264,34.68774086,0.021003239,1,1
31,7,2020,7/31/2020,27.03125,0,30.6,35,1.1,0,24,26.73,5.56,0.117,213,-0.492548068,-0.870285241,-0.5,-0.866025404,4.391291947,2.854339765,19.89,3.139773742,1.21,17.6,0.1,0.1,12.1,30.26666667,30.3,33,29,35,34.71428571,6.033333333,4.171428571,9.7,9.7,30.19803985,35.84387043,0.006300972,2,2
1,8,2020,8/1/2020,29.434244,0,31.5,38,6.6,0,39,26.17,5.4,0.12,214,-0.507415093,-0.86170176,-0.866025404,-0.5,4.622068903,2.86568272,19.53,18.91350595,43.56,19.1,0,0.1,12.1,30.4,30.5,33,30,35,35.57142857,4.033333333,4.071428571,9.7,9.7,30.3186279,35.42193522,0.001890292,3,3
2,8,2020,8/2/2020,17.639975,0,27.7,31,4.9,1.8,26,27.49,5.44,0.131,215,-0.522132581,-0.852864331,-0.866025404,-0.5,3.714403381,2.562938333,19.113,12.55839783,24.01,13.9,0,0.1,12.1,30.8,30.77142857,35,33,36.66666667,36.71428571,3,4.628571429,6.6,9.7,30.67303953,36.71096761,0.000567087,4,4
3,8,2020,8/3/2020,27.089844,0,27.7,35,5.1,0,0,28.62,5.58,0.129,216,-0.536696194,-0.84377556,-0.866025404,-0.5,3.714403381,2.414362198,18.005,12.31324721,26.01,14.7,1.8,1.9,13.9,29.93333333,30.15714286,31,31,34.66666667,35.57142857,4.2,4.757142857,6.6,9.7,29.78112767,33.8554838,1.260170126,0,0
4,8,2020,8/4/2020,32.141926,0,31.1,30,0.4,0,1,27.58,5.76,0.13,217,-0.55110164,-0.834438124,-0.866025404,-0.5,4.518232383,3.162762668,21.77,1.265105067,0.16,17.1,1.8,1.9,13.9,28.96666667,29.75714286,31,31,34.66666667,34.85714286,5.533333333,5.114285714,6.6,9.7,29.15678937,34.4277419,0.378051038,1,1
5,8,2020,8/5/2020,31.66862,0,30.8,28,1.1,0,0,27.93,5.78,0.131,218,-0.565344674,-0.824854775,-0.866025404,-0.5,4.441691099,3.198017591,22.176,3.51781935,1.21,16.4,1.8,1.8,13.9,28.83333333,29.88571429,30,30,32,34.14285714,3.466666667,4.157142857,5.1,9.7,29.73975256,32.21387095,0.113415311,2,2
6,8,2020,8/6/2020,32.79948,0,32.2,24,1.4,0,0,28,5.97,0.132,219,-0.579421098,-0.815028338,-0.866025404,-0.5,4.808777365,3.654670798,24.472,5.116539117,1.96,17,0,1.8,13.9,29.86666667,29.95714286,28,28,31,33.42857143,2.2,2.928571429,5.1,6.6,30.05782679,30.10693548,0.034024593,3,3
7,8,2020,8/7/2020,37.927082,1,33.4,24,2.5,0,4,27.84,6.23,0.135,220,-0.593326764,-0.804961708,-0.866025404,-0.5,5.144112522,3.909525516,25.384,9.773813791,6.25,18.2,0,1.8,13.9,31.36666667,30.22857143,24,24,27.33333333,31.57142857,0.966666667,2.942857143,1.4,6.6,30.70047875,27.05346774,0.010207378,4,4
8,8,2020,8/8/2020,45.297527,1,34.7,19,3.4,0,11,27.17,6.39,0.137,221,-0.607057574,-0.794657852,-0.866025404,-0.5,5.530117966,4.479395552,28.107,15.22994488,11.56,18.5,0,1.8,13,32.13333333,30.62857143,24,24,25.33333333,30,1.666666667,3.142857143,2.5,6.6,31.51033513,25.52673387,0.003062213,5,5
9,8,2020,8/9/2020,46.829426,1,33.5,26,2.8,0,36,22.83,5.62,0.134,222,-0.620609482,-0.784119807,-0.866025404,-0.5,5.172951386,3.827984026,24.79,10.71835527,7.84,18.7,0,1.8,10.6,33.43333333,31.08571429,19,19,22.33333333,27.28571429,2.433333333,2.685714286,3.4,5.1,32.46723459,22.26336693,0.000918664,6,6
10,8,2020,8/10/2020,31.373047,0,29.2,40,6.8,0,48,19.35,4.02,0.143,223,-0.633978493,-0.773350678,-0.866025404,-0.5,4.052208127,2.431324876,17.52,16.53300916,46.24,17.2,0,0,10.6,33.86666667,31.91428571,19,19,23,26.57142857,2.9,2.385714286,3.4,5.1,32.77706421,24.13168347,0.000275599,7,7
11,8,2020,8/11/2020,31.147787,0,30,33,0.7,0.5,26,22.36,4.68,0.145,224,-0.647160667,-0.762353639,-0.866025404,-0.5,4.243065059,2.842853589,20.1,1.989997513,0.49,16.6,0,0,10.6,32.46666667,32.12857143,19,19,28.33333333,27.28571429,4.333333333,2.628571429,6.8,6.8,31.70394495,32.06584173,8.27E-05,8,8
12,8,2020,8/12/2020,36.26953,1,29.9,30,1.4,0,7,25.31,5.22,0.134,225,-0.660152121,-0.751131931,-0.866025404,-0.5,4.218788397,2.953151878,20.93,4.134412629,1.96,15.9,0.5,0.5,11.1,30.9,31.97142857,26,19,33,27.71428571,3.433333333,2.671428571,6.8,6.8,31.19276146,32.53292087,0.350024804,0,0
13,8,2020,8/13/2020,40.53841,1,29.9,29,4.2,0,10,23.49,4.87,0.135,226,-0.672949024,-0.739688861,-0.866025404,-0.5,4.218788397,2.995339762,21.229,12.580427,17.64,15.7,0.5,0.5,10.8,29.7,31.84285714,30,19,34.33333333,28,2.966666667,2.714285714,6.8,6.8,30.80493302,31.26646043,0.105007441,1,1
14,8,2020,8/14/2020,34.714844,0,26.9,39,3.4,0.2,31,24.58,4.86,0.133,227,-0.685547606,-0.728027801,-0.866025404,-0.5,3.544476671,2.162130769,16.409,7.351244615,11.56,14.7,0.5,0.5,8.4,29.93333333,31.51428571,29,19,30.66666667,28.71428571,2.1,3.114285714,4.2,6.8,30.53345312,30.13323022,0.031502232,2,2
15,8,2020,8/15/2020,33.744793,0,26.4,32,1.8,0,3,26.02,5.02,0.131,228,-0.697944155,-0.716152188,-0.866025404,-0.5,3.441746435,2.340387575,17.952,4.212697636,3.24,12.8,0.2,0.7,7.9,28.9,30.58571429,29,19,32.66666667,30.85714286,3,3.242857143,4.2,6.8,29.44341718,34.56661511,0.14945067,0,0
16,8,2020,8/16/2020,38.548176,1,27.4,38,1.4,0,18,22.74,4.65,0.131,229,-0.710135016,-0.704065522,-0.866025404,-0.5,3.64986766,2.262917949,16.988,3.168085129,1.96,15,0.2,0.7,7.1,27.73333333,29.4,29,26,33.33333333,32.71428571,3.133333333,3.014285714,4.2,6.8,28.53039203,33.28330755,0.044835201,1,1
17,8,2020,8/17/2020,36.54948,1,27.1,32,3.4,0,0,26.29,5.2,0.127,230,-0.722116597,-0.691771365,-0.866025404,-0.5,3.586310566,2.438691185,18.428,8.291550029,11.56,13.5,0.2,0.7,2.8,26.9,28.52857143,32,29,36.33333333,34.42857143,2.2,2.814285714,3.4,6.8,28.19127442,35.64165378,0.01345056,2,2
18,8,2020,8/18/2020,37.928387,1,29.1,26,1,0,1,26.04,5.44,0.127,231,-0.733885366,-0.679273339,-0.866025404,-0.5,4.028884423,2.981374473,21.534,2.981374473,1,14.3,0,0.7,2.7,26.96666667,28.22857143,32,29,34,33.28571429,2.2,2.328571429,3.4,4.2,27.86389209,33.82082689,0.004035168,3,3
19,8,2020,8/19/2020,37.60742,1,31.3,29,0.8,0,3,24.65,5.26,0.125,232,-0.745437857,-0.666575128,-0.866025404,-0.5,4.569894388,3.244625016,22.223,2.595700012,0.64,17.1,0,0.2,2.7,27.86666667,28.1,26,26,32,32.28571429,1.933333333,2.371428571,3.4,4.2,28.23472447,29.91041344,0.00121055,4,4
20,8,2020,8/20/2020,26.102865,0,28.7,41,8.4,0,47,18.46,3.68,0.139,233,-0.756770663,-0.653680475,-0.866025404,-0.5,3.936753503,2.322684567,16.933,19.51055036,70.56,16.9,0,0.2,2.6,29.16666667,28.3,26,26,29,32.14285714,1.733333333,2.285714286,3.4,4.2,29.15430713,29.45520672,0.000363165,5,5
21,8,2020,8/21/2020,9.037761,0,25.9,45,5.2,2.8,44,19.94,3.87,0.192,234,-0.767880446,-0.640593179,-0.866025404,-0.5,3.341620215,1.837891118,14.245,9.557033815,27.04,14.9,0,0.2,2.6,29.7,28.12857143,26,26,32,33.85714286,3.4,2.885714286,8.4,8.4,29.01801499,35.22760336,0.00010895,6,6
22,8,2020,8/22/2020,9.593099,0,27.8,43,8.2,1.4,37,20.35,4.16,0.198,235,-0.778763931,-0.627317097,-0.866025404,-0.5,3.736134941,2.129596916,15.846,17.46269471,67.24,16.4,2.8,2.8,5.4,28.63333333,27.98571429,29,26,38.33333333,34.71428571,4.8,3.142857143,8.4,8.4,28.08261049,40.11380168,1.960032685,0,0
23,8,2020,8/23/2020,7.1510415,0,26.1,46,2.3,2.1,39,20.48,4.07,0.198,236,-0.78941791,-0.613856142,-0.866025404,-0.5,3.381361812,1.825935378,14.094,4.19965137,5.29,15.3,4.2,4.2,6.8,27.46666667,28.18571429,41,26,43,36.28571429,7.266666667,4.057142857,8.4,8.4,27.99782734,41.55690084,1.568009805,0,0
24,8,2020,8/24/2020,22.676432,0,30.1,34,2.7,0,1,24.09,4.88,0.183,237,-0.799839245,-0.600214281,-0.866025404,-0.5,4.267463105,2.816525649,19.866,7.604619252,7.29,16.9,6.3,6.3,8.9,26.6,28,43,26,44.66666667,37.42857143,5.233333333,4.185714286,8.2,8.4,27.42847914,43.77845042,1.940402942,0,0
25,8,2020,8/25/2020,28.854818,0,32.3,29,0.8,0,2,24.28,5.15,0.17,238,-0.810024863,-0.586395533,-0.866025404,-0.5,4.835977526,3.433544043,22.933,2.746835235,0.64,18.1,3.5,6.3,8.9,28,28.42857143,34,26,41,37.71428571,4.4,4.085714286,8.2,8.4,28.2299354,38.88922521,0.582120882,1,1
26,8,2020,8/26/2020,29.636719,0,29.4,38,2.6,0,24,23.43,4.75,0.16,239,-0.819971763,-0.572403973,-0.866025404,-0.5,4.099208154,2.541509056,18.228,6.607923544,6.76,17,2.1,6.3,8.9,29.5,28.88571429,29,29,36.33333333,38.14285714,1.933333333,4.057142857,2.7,8.4,29.45095478,33.94461261,0.174636265,2,2
27,8,2020,8/27/2020,30.901041,0,28.5,31,0.4,0,54,23.82,4.77,0.151,240,-0.829677014,-0.558243722,-0.866025404,-0.5,3.891379531,2.685051877,19.665,1.074020751,0.16,14.7,0,6.3,8.9,30.6,28.61428571,29,29,33.66666667,39.42857143,2.033333333,4.314285714,2.7,8.4,29.43566835,35.9723063,0.052390879,3,3
28,8,2020,8/28/2020,34.05078,0,30.2,22,2.5,0,0,24.71,5.13,0.149,241,-0.839137755,-0.543918954,-0.866025404,-0.5,4.291983042,3.347746773,23.556,8.369366933,6.25,14.6,0,6.3,8.8,30.06666667,28.58571429,29,29,32.66666667,38,1.266666667,3.171428571,2.6,8.2,29.15496784,33.48615315,0.015717264,4,4
29,8,2020,8/29/2020,40.44336,1,32.8,23,5.1,0,0,24.47,5.46,0.144,242,-0.848351198,-0.529433891,-0.866025404,-0.5,4.973991993,3.829973835,25.256,19.53286656,26.01,17.4,0,3.5,8.8,29.36666667,29.2,22,22,30.33333333,34.71428571,1.833333333,2.785714286,2.6,8.2,29.46847749,27.74307658,0.004715179,5,5
30,8,2020,8/30/2020,42.9362,1,34.9,18,1.8,0,0,24.19,5.52,0.144,243,-0.857314628,-0.514792802,-0.866025404,-0.5,5.591678668,4.585176508,28.618,8.253317714,3.24,18.5,0,2.1,8.8,30.5,29.91428571,22,22,25.33333333,31.85714286,2.666666667,2.342857143,5.1,5.1,30.46793424,25.37153829,0.001414554,6,6
31,8,2020,8/31/2020,40.173176,1,34,26,1.1,0,1,23.88,5.13,0.139,244,-0.866025404,-0.5,-0.866025404,-0.5,5.31926021,3.936252555,25.16,4.329877811,1.21,19.2,0,0,8.8,32.63333333,31.17142857,18,18,21,27.85714286,3.133333333,2.271428571,5.1,5.1,31.79755397,21.68576914,0.000424366,7,7
1,9,2020,9/1/2020,39.73177,1,33.3,24,1.9,0,14,21.92,4.87,0.141,245,-0.874480958,-0.485059846,-1,-1.84E-16,5.115413295,3.887714104,25.308,7.386656799,3.61,18.1,0,0,8.8,33.9,31.72857143,18,18,22.33333333,26.71428571,2.666666667,2.042857143,5.1,5.1,32.45828778,23.84288457,0.00012731,8,8
2,9,2020,9/2/2020,39.48047,1,35.5,20,2.5,0,1,23.1,5.12,0.139,246,-0.882678798,-0.469976743,-1,-1.84E-16,5.779940142,4.623952114,28.4,11.55988028,6.25,19.5,0,0,7,34.06666667,31.87142857,18,18,22.66666667,26,1.6,2.2,1.9,5.1,32.71080145,23.92144229,3.82E-05,9,9
3,9,2020,9/3/2020,37.630207,1,34.8,24,3.2,0,12,22.51,5.06,0.138,247,-0.890616509,-0.454755136,-1,-1.84E-16,5.560824442,4.226226576,26.448,13.52392504,10.24,19.6,0,0,7,34.26666667,32.74285714,20,18,23.33333333,23.42857143,1.833333333,2.185714286,2.5,5.1,33.54756101,21.96072114,1.15E-05,10,10
4,9,2020,9/4/2020,36.591797,1,34.2,31,8.9,0,24,20.32,4.41,0.136,248,-0.898291752,-0.43939951,-1,-1.84E-16,5.378781213,3.711359037,23.598,33.03109543,79.21,20.4,0,0,7,34.53333333,33.64285714,20,18,22.66666667,22.42857143,2.533333333,2.585714286,3.2,5.1,33.92329271,22.98036057,3.44E-06,11,11
5,9,2020,9/5/2020,4.082682,0,26,46,12,1.4,60,16.33,3.07,0.15,249,-0.905702263,-0.423914391,-1,-1.84E-16,3.361439829,1.815177507,14.04,21.78213009,144,15.2,0,0,7,34.83333333,34.21428571,20,18,25,23.71428571,4.866666667,3.5,8.9,8.9,34.0063049,26.99018029,1.03E-06,12,12
6,9,2020,9/6/2020,2.78125,0,24.2,56,10.2,1.6,60,14.55,2.8,0.174,250,-0.91284586,-0.408304342,-1,-1.84E-16,3.019925818,1.32876736,10.648,13.55342707,104.04,15.4,1.4,1.4,8.4,31.66666667,33.24285714,24,18,33.66666667,27,8.033333333,4.485714286,12,12,31.60441343,36.49509014,0.980000309,0,0
7,9,2020,9/7/2020,9.11263,0,25.9,46,3.6,0.2,50,20.13,3.95,0.18,251,-0.919720437,-0.392573965,-1,-1.84E-16,3.341620215,1.804474916,13.986,6.496109698,12.96,15.1,3,3,10,28.13333333,31.71428571,31,20,44.33333333,32.42857143,10.36666667,5.685714286,12,12,29.3830894,46.24754507,1.414000093,0,0
8,9,2020,9/8/2020,17.34375,0,27.3,50,1.5,0,52,18.83,3.84,0.17,252,-0.926323968,-0.376727894,-1,-1.84E-16,3.628573846,1.814286923,13.65,2.721430384,2.25,17.3,3.2,3.2,10.2,25.36666667,30.55714286,46,20,49.33333333,35.28571429,8.6,6.042857143,12,12,28.33816258,46.12377254,0.564200028,0,0
9,9,2020,9/9/2020,21.490234,0,27.9,43,3.3,0,31,18.09,3.76,0.162,253,-0.932654508,-0.360770799,-1,-1.84E-16,3.757977111,2.142046953,15.903,7.068754946,10.89,16.5,1.8,3.2,10.2,25.8,29.7,46,20,50.66666667,39,5.1,5.985714286,10.2,12,28.02671381,48.06188627,0.169260008,1,1
10,9,2020,9/10/2020,23.789713,0,27.5,40,5.8,0,4,22.13,4.41,0.158,254,-0.938710189,-0.344707384,-1,-1.84E-16,3.671270209,2.202762126,16.5,12.77602033,33.64,15.5,0.2,3.2,10.2,27.03333333,28.61428571,43,24,46.33333333,42.28571429,2.8,6.1,3.6,12,27.98869966,45.53094313,0.050778003,2,2
11,9,2020,9/11/2020,24.095053,0,29.1,40,1.5,0,4,21.78,4.37,0.156,255,-0.944489229,-0.328542382,-1,-1.84E-16,4.028884423,2.417330654,17.46,3.625995981,2.25,17.1,0,3.2,9.7,27.56666667,27.57142857,40,31,44.33333333,44.57142857,3.533333333,6.471428571,5.8,12,27.84208976,42.76547157,0.015233401,3,3
12,9,2020,9/12/2020,27.11263,0,29.4,43,2.6,0,54,19.72,4.09,0.152,256,-0.949989923,-0.312280557,-1,-1.84E-16,4.099208154,2.336548648,16.758,6.075026484,6.76,18,0,3.2,9.7,28.16666667,26.84285714,40,40,41,45.85714286,3.533333333,5.414285714,5.8,12,28.21946284,41.38273578,0.00457002,4,4
13,9,2020,9/13/2020,24.22461,0,29.1,46,3.4,0.1,52,15.18,3.19,0.149,257,-0.955210651,-0.295926701,-1,-1.84E-16,4.028884423,2.175597589,15.714,7.397031801,11.56,18.3,0,1.8,9.7,28.66666667,27.32857143,40,40,41,45.42857143,3.3,4.071428571,5.8,10.2,28.57362398,42.19136789,0.001371006,5,5
14,9,2020,9/14/2020,27.235678,0,28.8,44,3,0,26,18.9,3.93,0.149,258,-0.960149874,-0.279485635,-1,-1.84E-16,3.95961263,2.217383073,16.128,6.652149218,9,17.6,0.1,0.3,9.6,29.2,28.02857143,40,40,43,44,2.5,3.1,3.4,5.8,28.73153679,44.09568395,0.070411302,0,0
15,9,2020,9/15/2020,38.654297,1,28.5,28,1.4,0,0,21.45,4.54,0.144,259,-0.964806136,-0.262962203,-1,-1.84E-16,3.891379531,2.801793262,20.52,3.922510567,1.96,14.1,0.1,0.1,9.6,29.1,28.44285714,43,40,44.33333333,43.71428571,3,3.014285714,3.4,5.8,28.75207575,44.04784197,0.021123391,1,1
16,9,2020,9/16/2020,36.33008,1,28,31,4.7,0,0,21.25,4.37,0.139,260,-0.969178065,-0.246361274,-1,-1.84E-16,3.779930364,2.608151951,19.32,12.25831417,22.09,14.2,0.1,0.1,9.6,28.8,28.61428571,28,28,39.33333333,40.57142857,2.6,3,3.4,5.8,28.67645303,36.02392099,0.006337017,2,2
17,9,2020,9/17/2020,34.47331,0,29.8,29,1.3,0,21,20.15,4.22,0.137,261,-0.973264374,-0.229687742,-1,-1.84E-16,4.194632611,2.978189154,21.158,3.8716459,1.69,15.6,0,0.1,9.6,28.43333333,28.62857143,28,28,34.33333333,38.85714286,3.033333333,3.2,4.7,5.8,28.47351712,33.51196049,0.001901105,3,3
18,9,2020,9/18/2020,27.239584,0,28.9,46,7.9,0,16,19.5,3.92,0.14,262,-0.977063856,-0.21294652,-1,-1.84E-16,3.982587166,2.150597069,15.606,16.98971685,62.41,18.1,0,0.1,9.6,28.76666667,28.95714286,28,28,29.33333333,37.28571429,2.466666667,2.557142857,4.7,4.7,28.87146198,31.25598025,0.000570332,4,4
19,9,2020,9/19/2020,23.557291,0,24.4,45,0.8,0.5,59,13.74,2.7,0.141,263,-0.980575394,-0.196142541,-1,-1.84E-16,3.056312653,1.680971959,13.42,1.344777567,0.64,13.4,0,0.1,9.6,28.9,28.92857143,29,28,35.33333333,38.14285714,4.633333333,3.471428571,7.9,7.9,28.88002339,38.62799012,0.000171099,5,5
20,9,2020,9/20/2020,25.089193,0,25.5,45,2.5,0,37,18.16,3.58,0.137,264,-0.983797952,-0.179280759,-1,-1.84E-16,3.263356619,1.794846141,14.025,4.487115352,6.25,14.5,0.5,0.6,10.1,27.7,28.21428571,29,28,40,38.42857143,3.333333333,3.214285714,7.9,7.9,27.53601637,41.81399506,0.35005133,0,0
21,9,2020,9/21/2020,27.498047,0,24.6,44,3.3,0,31,18.71,3.55,0.139,265,-0.986730579,-0.162366141,-1,-1.84E-16,3.09308133,1.732125545,13.776,5.716014297,10.89,13.4,0.5,0.5,7.3,26.26666667,27.7,45,28,45.33333333,38.28571429,3.733333333,3.085714286,7.9,7.9,26.92521146,43.40699753,0.105015399,1,1
22,9,2020,9/22/2020,27.614584,0,25.6,30,2,0,19,19.85,3.76,0.14,266,-0.989372413,-0.145403674,-1,-1.84E-16,3.28277117,2.297939819,17.92,4.595879638,4,11.6,0.5,0.5,5.9,24.83333333,27.1,44,28,44.66666667,38.28571429,2.2,3.128571429,3.3,7.9,26.22764802,43.70349877,0.03150462,2,2
23,9,2020,9/23/2020,26.833334,0,27.4,43,1.3,0,32,17.4,3.44,0.144,267,-0.991722674,-0.128398355,-1,-1.84E-16,3.64986766,2.080424566,15.618,2.704551936,1.69,16,0,0.5,3.8,25.23333333,26.68571429,30,29,39.66666667,38.57142857,2.6,3.214285714,3.3,7.9,26.03935362,36.85174938,0.009451386,3,3
24,9,2020,9/24/2020,29.845053,0,26.8,48,1.1,0,23,18.84,3.78,0.145,268,-0.99378067,-0.111355197,-1,-1.84E-16,3.523719593,1.832334188,13.936,2.015567607,1.21,16.4,0,0.5,3.8,25.86666667,26.6,30,29,39,40.28571429,2.2,2.728571429,3.3,7.9,26.44754753,39.92587469,0.002835416,4,4
25,9,2020,9/25/2020,29.578125,0,20.7,64,3.4,0.9,58,9.47,1.95,0.141,269,-0.995545794,-0.094279222,-1,-1.84E-16,2.441543871,0.878955794,7.452,2.988449699,11.56,13.5,0,0.5,3.8,26.6,26.17142857,30,30,40.33333333,43,1.466666667,2.7,2,7.9,26.55328327,43.96293735,0.000850625,5,5
26,9,2020,9/26/2020,36.803387,1,28.8,33,5.2,0,4,18.82,4.02,0.147,270,-0.997017526,-0.077175462,-1,-1.84E-16,3.95961263,2.652940462,19.296,13.7952904,27.04,15.4,0.9,1.4,4.7,24.96666667,25,43,30,51.66666667,45.57142857,1.933333333,2.057142857,3.4,3.4,24.79729829,53.98146867,0.630255187,0,0
27,9,2020,9/27/2020,34.5,0,31.6,28,10,0,14,16.62,3.64,0.153,271,-0.998195433,-0.060048959,-1,-1.84E-16,4.64834968,3.346811769,22.752,33.46811769,100,17.2,0.9,0.9,4.7,25.43333333,25.62857143,33,30,48.33333333,43.85714286,3.233333333,2.685714286,5.2,5.2,25.9981088,43.49073434,0.189076556,1,1
28,9,2020,9/28/2020,33.490887,0,29.3,36,8.6,0,9,18.42,3.73,0.151,272,-0.999079167,-0.042904758,-1,-1.84E-16,4.075649206,2.608415492,18.752,22.43237323,73.96,16.5,0.9,0.9,4.7,27.03333333,26.5,28,28,41.66666667,41.42857143,6.2,3.757142857,10,10,27.67867616,35.74536717,0.056722967,2,2
29,9,2020,9/29/2020,39.86328,1,31.8,29,4.3,0,51,12.81,2.94,0.161,273,-0.999668468,-0.025747914,-1,-1.84E-16,4.701300942,3.337923669,22.578,14.35307177,18.49,17.6,0,0.9,4.7,29.9,27.17142857,28,28,32.33333333,40.28571429,7.933333333,4.514285714,10,10,28.16507331,35.87268358,0.01701689,3,3
30,9,2020,9/30/2020,3.3079426,0,22.5,46,9.7,1.2,29,14.72,2.71,0.197,274,-0.999963161,-0.008583481,-1,-1.84E-16,2.725587607,1.471817308,12.15,14.27662788,94.09,11.7,0,0.9,4.7,30.9,28.05714286,28,28,31,40.14285714,7.633333333,4.842857143,10,10,29.25555132,32.43634179,0.005105067,4,4
1,10,2020,10/1/2020,4.9589844,0,20.7,56,3.3,2.1,60,13.13,2.39,0.207,275,-0.999963161,0.008583481,-0.866025404,0.5,2.441543871,1.074279303,9.108,3.545121701,10.89,11.9,1.2,2.1,5.9,27.86666667,27.35714286,29,28,37,40.57142857,7.533333333,6.042857143,9.7,10,27.22888592,39.2181709,0.84153152,0,0
2,10,2020,10/2/2020,14.1875,0,23.1,36,3.3,0.8,5,17.79,3.19,0.204,276,-0.999668468,0.025747914,-0.866025404,0.5,2.826475201,1.808944129,14.784,5.969515625,10.89,10.3,3.3,4.2,8,25,26.48571429,29,28,43.66666667,41.71428571,5.766666667,6.357142857,9.7,10,25.27022015,47.60908545,1.722459456,0,0
3,10,2020,10/3/2020,22.110025,0,24.1,32,2.3,0,21,17.97,3.28,0.195,277,-0.999079167,0.042904758,-0.866025404,0.5,3.001874544,2.04127469,16.388,4.694931787,5.29,10.5,4.1,4.1,8.8,22.1,26.82857143,36,28,46,37.71428571,5.433333333,6.342857143,9.7,10,24.6191541,41.80454272,1.076737837,0,0
4,10,2020,10/4/2020,27.904947,0,25.2,33,0.7,0,28,17.63,3.33,0.19,278,-0.998195433,0.060048959,-0.866025404,0.5,3.205712243,2.147827203,16.884,1.503479042,0.49,11.8,2.9,4.1,8.8,22.63333333,26.15714286,32,28,41.33333333,37.57142857,2.966666667,5.928571429,3.3,10,24.46340787,36.90227136,0.323021351,1,1
5,10,2020,10/5/2020,31.636719,0,26.9,23,0.8,0,23,15.08,3.01,0.182,279,-0.997017526,0.077175462,-0.866025404,0.5,3.544476671,2.729247037,20.713,2.183397629,0.64,11.5,0.8,4.1,8.8,24.13333333,25.24285714,32,29,33.66666667,38.28571429,2.1,4.6,3.3,9.7,24.68438551,34.95113568,0.096906405,2,2
6,10,2020,10/6/2020,33.70638,0,29.9,23,2.3,0,15,16.51,3.27,0.185,280,-0.995545794,0.094279222,-0.866025404,0.5,4.218788397,3.248467065,23.023,7.47147425,5.29,14.5,0,4.1,7.4,25.4,24.9,23,23,29.33333333,36.42857143,1.266666667,3.485714286,2.3,9.7,25.34906986,28.97556784,0.029071922,3,3
7,10,2020,10/7/2020,34.28776,0,30.5,30,3.8,0,53,15.75,3.24,0.183,281,-0.99378067,0.111355197,-0.866025404,0.5,4.366279321,3.056395524,21.35,11.61430299,14.44,16.5,0,4.1,5.8,27.33333333,24.62857143,23,23,26.33333333,35.57142857,1.266666667,3.2,2.3,9.7,26.7143489,25.98778392,0.008721576,4,4
8,10,2020,10/8/2020,38.67448,1,31,23,10.1,0.1,77,14.55,3.7,0.183,282,-0.991722674,0.128398355,-0.866025404,0.5,4.492592251,3.459296033,23.87,34.93888994,102.01,15.6,0,2.9,5.6,29.1,25.77142857,23,23,25.33333333,33.28571429,2.3,2.357142857,3.8,3.8,27.85004423,27.99389196,0.002616473,5,5
9,10,2020,10/9/2020,11.582031,0,23.3,65,5.8,0.2,95,8.11,1.77,0.189,283,-0.989372413,0.145403674,-0.866025404,0.5,2.86082113,1.001287395,8.155,5.807466893,33.64,16.3,0.1,0.9,5.7,30.46666667,27.24285714,23,23,25.33333333,28.57142857,5.4,3.328571429,10.1,10.1,28.79503096,25.49694598,0.070784942,0,0
10,10,2020,10/10/2020,0.33007812,0,19.3,69,2.3,6.5,60,11.38,2.04,0.262,284,-0.986730579,0.162366141,-0.866025404,0.5,2.238858125,0.694046019,5.983,1.596305843,5.29,13.1,0.3,0.3,5.9,28.26666667,27.27142857,23,23,39.33333333,32.71428571,6.566666667,3.685714286,10.1,10.1,27.14652167,45.24847299,0.161235483,0,0
11,10,2020,10/11/2020,3.6959636,0,21.6,49,2.2,0.3,29,15.85,2.75,0.251,285,-0.983797952,0.179280759,-0.866025404,0.5,2.580152726,1.31587789,11.016,2.894931359,4.84,11.4,6.8,6.8,12.4,24.53333333,26.58571429,23,23,52.33333333,38,6.066666667,3.685714286,10.1,10.1,24.79256517,57.1242365,4.598370645,0,0
12,10,2020,10/12/2020,13.3932295,0,22.6,48,5.1,0,35,15.81,2.79,0.241,286,-0.980575394,0.196142541,-0.866025404,0.5,2.742180549,1.425933886,11.752,7.272262817,26.01,12.2,7,7.1,12.7,21.4,26.07142857,49,23,61,40.28571429,3.433333333,3.9,5.8,10.1,23.83479562,53.06211825,1.589511193,0,0
13,10,2020,10/13/2020,26.807291,0,27,33,7.9,0,12,15.9,3.19,0.234,287,-0.977063856,0.21294652,-0.866025404,0.5,3.565340176,2.388777918,18.09,18.87134555,62.41,13.6,6.8,7.1,12.7,21.16666667,25.45714286,48,23,55.33333333,43.85714286,3.2,4.514285714,5.1,10.1,23.46435693,50.53105912,0.476853358,1,1
14,10,2020,10/14/2020,17.740234,0,24.6,50,6.4,0,31,13.12,2.47,0.23,288,-0.973264374,0.229687742,-0.866025404,0.5,3.09308133,1.546540665,12.3,9.897860254,40.96,14.6,0.3,7.1,12.6,23.73333333,25.04285714,33,23,43.33333333,45.28571429,5.066666667,5.314285714,7.9,10.1,24.52504985,41.76552956,0.143056007,2,2
15,10,2020,10/15/2020,17.49414,0,21.8,62,8.3,0.2,16,14.23,2.55,0.217,289,-0.969178065,0.246361274,-0.866025404,0.5,2.611871906,0.992511324,8.284,8.237843992,68.89,14.2,0,7.1,12.6,24.73333333,24.2,33,23,43.66666667,48.14285714,6.466666667,5.685714286,7.9,10.1,24.5475349,45.88276478,0.042916802,3,3
16,10,2020,10/16/2020,21.65625,0,23.5,40,4.6,0,0,15.49,2.76,0.211,290,-0.964806136,0.262962203,-0.866025404,0.5,2.895530773,1.737318464,14.1,7.991664933,21.16,11.5,0.2,7.2,12.8,24.46666667,22.88571429,33,33,48.33333333,53.71428571,7.533333333,5.428571429,8.3,8.3,23.72327443,53.94138239,0.152875041,0,0
17,10,2020,10/17/2020,34.66341,0,25.7,27,7.6,0,39,15,2.95,0.206,291,-0.960149874,0.279485635,-0.866025404,0.5,3.302286327,2.410669018,18.761,18.32108454,57.76,11.1,0.2,7,12.8,23.3,22.91428571,40,33,50.66666667,50.14285714,6.433333333,5.257142857,8.3,8.3,23.6562921,46.9706912,0.045862512,1,1
18,10,2020,10/18/2020,20.18164,0,19.7,60,3,0.1,90,8.16,1.48,0.208,292,-0.955210651,0.295926701,-0.866025404,0.5,2.295208371,0.918083348,7.88,2.754250045,9,11.7,0.2,0.5,12.8,23.66666667,23.82857143,27,27,43,44.14285714,6.833333333,6.014285714,8.3,8.3,24.26940447,36.9853456,0.013758754,2,2
19,10,2020,10/19/2020,0.016927084,0,16.3,74,2.5,2.2,95,4.22,0.82,0.218,293,-0.949989923,0.312280557,-0.866025404,0.5,1.853422649,0.481889889,4.238,1.204724722,6.25,11.1,0.1,0.3,12.9,22.96666667,23.55714286,27,27,42.33333333,45.71428571,5.066666667,6.128571429,7.6,8.3,22.89858313,48.4926728,0.074127626,0,0
20,10,2020,10/20/2020,0.50065106,0,16.5,70,4.3,0.1,83,6.07,1.16,0.223,294,-0.944489229,0.328542382,-0.866025404,0.5,1.877175834,0.56315275,4.95,2.421556826,18.49,10.5,2.3,2.5,14.6,20.56666667,22.65714286,27,27,53.66666667,49.42857143,4.366666667,5.757142857,7.6,8.3,20.91900819,61.2463364,1.562238288,0,0
21,10,2020,10/21/2020,2.0345051,0,20.9,50,6.2,0.1,24,14.05,2.35,0.224,295,-0.938710189,0.344707384,-0.866025404,0.5,2.471770045,1.235885022,10.45,7.662487138,38.44,10.9,2.4,2.6,14.7,17.5,21.15714286,60,27,68,54.71428571,3.266666667,5.242857143,4.3,8.3,19.59330573,65.6231682,0.538671486,0,0
22,10,2020,10/22/2020,6.46875,0,20.8,47,0.8,0,0,14.05,2.41,0.217,296,-0.932654508,0.360770799,-0.866025404,0.5,2.456616326,1.302006653,11.024,1.041605322,0.64,10.2,2.4,2.7,14.8,17.9,20.62857143,50,27,64.66666667,54.71428571,4.333333333,5.214285714,6.2,8.3,19.98531401,57.8115841,0.231601446,0,0
23,10,2020,10/23/2020,10.631511,0,21.8,52,2.2,0,1,14.03,2.5,0.211,297,-0.926323968,0.376727894,-0.866025404,0.5,2.611871906,1.253698515,10.464,2.758136733,4.84,12.2,0.2,2.5,14.8,19.4,20.48571429,47,27,55.66666667,52.57142857,3.766666667,4.142857143,6.2,7.6,20.22971981,52.40579205,0.069480434,1,1
24,10,2020,10/24/2020,16.915365,0,22.2,39,3.4,0,0,13.87,2.56,0.209,298,-0.919720437,0.392573965,-0.866025404,0.5,2.676333659,1.632563532,13.542,5.55071601,11.56,10,0.1,2.5,14.8,21.16666667,20.24285714,47,27,49.66666667,54.28571429,3.066666667,3.8,6.2,7.6,20.70080387,52.20289602,0.02084413,2,2
25,10,2020,10/25/2020,20.845703,0,22.3,37,6.3,0,34,13.46,2.37,0.217,299,-0.91284586,0.408304342,-0.866025404,0.5,2.692664553,1.696378668,14.049,10.68718561,39.69,9.7,0,2.5,14.8,21.6,19.74285714,39,39,46,56,2.133333333,3.2,3.4,6.2,21.15056271,45.60144801,0.006253239,3,3
26,10,2020,10/26/2020,24.839193,0,25,27,7.9,0,50,12.62,2.63,0.224,300,-0.905702263,0.423914391,-0.866025404,0.5,3.167777718,2.312477734,18.25,18.2685741,62.41,10.4,0,2.4,13.9,22.1,20.11428571,37,37,42.66666667,52.71428571,3.966666667,3.671428571,6.3,6.3,21.49539389,41.30072401,0.001875972,4,4
27,10,2020,10/27/2020,17.620443,0,19.2,63,3.3,0.2,47,12.33,2.09,0.225,301,-0.898291752,0.43939951,-0.866025404,0.5,2.224961118,0.823235614,7.104,2.716677525,10.89,11.8,0,0.2,13.9,23.16666667,21.35714286,27,27,34.33333333,46,5.866666667,4.442857143,7.9,7.9,22.54677573,34.150362,0.000562792,5,5
28,10,2020,10/28/2020,18.788412,0,22.5,41,6.9,0,25,12.72,2.22,0.222,302,-0.890616509,0.454755136,-0.866025404,0.5,2.725587607,1.608096688,13.275,11.09586715,47.61,10.7,0.2,0.3,14.1,22.16666667,21.74285714,27,27,42.33333333,45,5.833333333,4.3,7.9,7.9,21.54274301,48.575181,0.140168837,0,0
29,10,2020,10/29/2020,19.641928,0,20.9,51,8.7,0,44,9.68,1.66,0.225,303,-0.882678798,0.469976743,-0.866025404,0.5,2.471770045,1.211167322,10.241,10.5371557,75.69,11.1,0.2,0.2,14.1,22.23333333,21.97142857,27,27,43.66666667,43.71428571,6.033333333,4.4,7.9,7.9,21.82992011,44.7875905,0.042050651,1,1
30,10,2020,10/30/2020,4.826172,0,18.8,60,3.1,1.9,56,9.46,1.57,0.248,304,-0.874480958,0.485059846,-0.866025404,0.5,2.170124842,0.868049937,7.52,2.690954803,9.61,10.8,0.2,0.2,14.1,20.86666667,21.98571429,41,27,51.66666667,44.28571429,6.3,5.528571429,8.7,8.7,21.55094407,47.89379525,0.012615195,2,2
31,10,2020,10/31/2020,0.5449219,0,16.5,47,15,5,56,8.3,1.42,0.296,305,-0.866025404,0.5,-0.866025404,0.5,1.877175834,0.994903192,8.745,14.92354788,225,5.9,1.9,2.1,14.8,20.73333333,21.55714286,41,27,50.66666667,45.42857143,6.233333333,5.657142857,8.7,8.7,20.72566085,53.94689763,1.333784559,0,0
1,5,2021,5/1/2021,7.938151,0,26.1,37,4.1,0.2,47,24.51,4.68,0.277,121,0.874480958,-0.485059846,0.5,-0.866025404,3.381361812,2.130257941,16.443,8.73405756,16.81,13.5,6.9,7.1,17.7,18.73333333,20.74285714,47,27,52.66666667,46.57142857,8.933333333,7.314285714,15,15,19.4579626,50.47344881,3.900135368,0,0
2,5,2021,5/2/2021,9.727864,0,22.2,58,4.1,0,78,11.11,2.42,0.272,122,0.866025404,-0.5,0.5,-0.866025404,2.676333659,1.124060137,9.324,4.608646562,16.81,13.8,7.1,7.3,17.1,20.46666667,21.28571429,37,27,48,46.57142857,7.4,7,15,15,21.45057382,43.73672441,1.31004061,0,0
3,5,2021,5/3/2021,12.564453,0,28.2,43,5.1,0,76,22.85,4.65,0.278,123,0.857314628,-0.514792802,0.5,-0.866025404,3.824172018,2.17977805,16.074,11.11686806,26.01,16.8,5.2,7.3,17.1,21.6,20.88571429,37,37,47.33333333,51,7.733333333,6.457142857,15,15,21.67540167,50.8683622,0.393012183,1,1
4,5,2021,5/4/2021,6.559896,0,17.7,74,3.3,4.6,87,11.52,2.22,0.296,124,0.848351198,-0.529433891,0.5,-0.866025404,2.02537622,0.526597817,4.602,1.737772797,10.89,12.5,0.2,7.1,17.1,25.5,22.17142857,37,37,46,48.14285714,4.433333333,6.714285714,5.1,15,23.63278117,46.9341811,0.117903655,2,2
5,5,2021,5/5/2021,9.123698,0,22,48,5.8,0.8,48,23.44,4.13,0.31,125,0.839137755,-0.543918954,0.5,-0.866025404,2.643931192,1.37484422,11.44,7.974096476,33.64,11.6,4.6,11.7,21.7,22.7,21.48571429,43,37,58.33333333,52.85714286,4.166666667,6.2,5.1,15,21.85294682,60.46709055,3.255371096,0,0
6,5,2021,5/6/2021,7.7753906,0,19.4,64,6.5,0.5,54,14.66,2.6,0.303,126,0.829677014,-0.558243722,0.5,-0.866025404,2.252831002,0.811019161,6.984,5.271624545,42.25,12.2,5.4,12.5,22.5,22.63333333,21.64285714,43,37,55,52.42857143,4.733333333,5.785714286,5.8,15,21.89706277,54.23354528,1.536611329,0,0
7,5,2021,5/7/2021,9.240234,0,23.4,38,1.8,0.5,22,27.69,4.97,0.288,127,0.819971763,-0.572403973,0.5,-0.866025404,2.878130285,1.784440777,14.508,3.211993398,3.24,11,5.9,11.1,23,19.7,21.72857143,48,37,62,53,5.2,6.271428571,6.5,15,21.14794394,59.11677264,0.810983399,0,0
8,5,2021,5/8/2021,16.302084,0,25.6,42,3.1,0.1,84,14.5,3,0.281,128,0.810024863,-0.586395533,0.5,-0.866025404,3.28277117,1.904007278,14.848,5.902422563,9.61,14,1.8,6.6,23.4,21.6,22.71428571,38,37,50,51.71428571,4.7,4.385714286,6.5,6.5,21.82356076,48.55838632,0.59329502,0,0
9,5,2021,5/9/2021,0.5625,0,15.1,45,9.7,10.8,47,22.57,3.39,0.338,129,0.799839245,-0.600214281,0.5,-0.866025404,1.716356408,0.943996024,8.305,9.156761435,94.09,4.1,1.1,6.5,23.3,22.8,22.64285714,38,38,48,52.42857143,3.8,4.242857143,6.5,6.5,22.95649253,45.27919316,0.247988506,0,0
10,5,2021,5/10/2021,2.2233074,0,15.8,41,4.7,0,13,29.11,4.48,0.306,130,0.78941791,-0.613856142,0.5,-0.866025404,1.795188282,1.059161086,9.322,4.978057105,22.09,4,11.4,17.3,27.6,21.36666667,21.62857143,38,38,41.66666667,50.57142857,4.866666667,5.042857143,9.7,9.7,20.59954477,45.13959658,7.634396552,0,0
11,5,2021,5/11/2021,7.031901,0,18.8,46,1.3,0,8,27.59,4.5,0.278,131,0.778763931,-0.627317097,0.5,-0.866025404,2.170124842,1.171867414,10.152,1.523427639,1.69,8,10.9,17.3,27.3,18.83333333,19.85714286,41,38,42.66666667,50.28571429,5.833333333,4.985714286,9.7,9.7,19.15968134,43.06979829,2.290318966,1,1
12,5,2021,5/12/2021,9.645183,0,21.7,37,1.3,0,3,28.56,4.99,0.277,132,0.767880446,-0.640593179,0.5,-0.866025404,2.595969994,1.635461096,13.671,2.126099425,1.69,9.1,10.8,12.7,27.3,16.56666667,20.01428571,41,38,44,46.28571429,5.233333333,4.7,9.7,9.7,19.05177694,44.53489914,0.68709569,2,2
13,5,2021,5/13/2021,13.093099,0,26.7,32,5.4,0,26,27.06,5.16,0.256,133,0.756770663,-0.653680475,0.5,-0.866025404,3.503068485,2.38208657,18.156,12.86326748,29.16,13.1,0,11.9,27.3,18.76666667,19.97142857,37,37,41.33333333,44.71428571,2.433333333,4.057142857,4.7,9.7,19.84624386,40.76744957,0.206128707,3,3
14,5,2021,5/14/2021,14.526042,0,26.8,34,4.5,0,7,27.85,5.3,0.246,134,0.745437857,-0.666575128,0.5,-0.866025404,3.523719593,2.325654931,17.688,10.46544719,20.25,13.6,0,11.4,27.3,22.4,21.01428571,32,32,38.33333333,40.14285714,2.666666667,3.9,5.4,9.7,21.9023707,36.38372479,0.061838612,4,4
15,5,2021,5/15/2021,15.546875,0,26.3,35,1.3,0,28,27.89,5.32,0.227,135,0.733885366,-0.679273339,0.5,-0.866025404,3.421514668,2.223984534,17.095,2.891179894,1.69,13.3,0,10.9,27.1,25.06666667,21.5,32,32,34.33333333,39.57142857,3.733333333,4.285714286,5.4,9.7,23.37165949,35.19186239,0.018551584,5,5
16,5,2021,5/16/2021,13.1536455,0,21.5,52,8.4,0,85,16.48,2.96,0.216,136,0.722116597,-0.691771365,0.5,-0.866025404,2.564419721,1.230921466,10.32,10.33974031,70.56,11.9,0,10.8,27.1,26.6,21.6,32,32,33.66666667,38.57142857,3.733333333,4.028571429,5.4,9.7,24.25016164,35.0959312,0.005565475,6,6
17,5,2021,5/17/2021,7.4166665,0,21,51,9.4,3.6,48,22.02,3.72,0.219,137,0.710135016,-0.704065522,0.5,-0.866025404,2.487005397,1.218632645,10.29,11.45514686,88.36,11.2,0,0,27.1,24.86666667,22.51428571,34,32,40.33333333,39.57142857,4.733333333,3.842857143,8.4,8.4,23.42511315,43.5479656,0.001669643,7,7
18,5,2021,5/18/2021,10.21875,0,25.7,37,6.8,0.7,53,22.13,4.17,0.224,138,0.697944155,-0.716152188,0.5,-0.866025404,3.302286327,2.080440386,16.191,14.14699462,46.24,13.1,3.6,3.6,30.6,22.93333333,23.25714286,35,32,46,41,6.366666667,4.514285714,9.4,9.4,22.69757921,47.2739828,2.520500893,0,0
19,5,2021,5/19/2021,9.916667,0,23.4,27,11.9,8.4,1,29.61,5.32,0.27,139,0.685547606,-0.728027801,0.5,-0.866025404,2.878130285,2.101035108,17.082,25.00231778,141.61,8.8,4.3,4.3,29.1,22.73333333,24.24285714,37,32,46.66666667,39.71428571,8.2,5.3,9.4,9.4,23.59830544,42.1369914,1.246150268,0,0
20,5,2021,5/20/2021,22.785156,0,31.2,25,5.4,0,25,29,5.9,0.254,140,0.672949024,-0.739688861,0.5,-0.866025404,4.543999587,3.40799969,23.4,18.40319833,29.16,16.2,12.7,12.7,37.4,23.36666667,24.48571429,27,27,38.33333333,38.28571429,9.366666667,6.814285714,11.9,11.9,23.53881381,34.5684957,6.25384508,0,0
21,5,2021,5/21/2021,14.795573,0,25.5,44,4.8,0,53,23.71,4.33,0.255,141,0.660152121,-0.751131931,0.5,-0.866025404,3.263356619,1.827479707,14.28,8.771902593,23.04,14.3,9.1,12.7,37.3,26.76666667,25.12857143,25,25,29.66666667,37.28571429,8.033333333,6.814285714,11.9,11.9,25.83716967,29.78424785,1.876153524,1,1
22,5,2021,5/22/2021,0.002604169,0,15,85,7.4,14.5,87,6.22,1.17,0.344,142,0.647160667,-0.762353639,0.5,-0.866025404,1.705346232,0.255801935,2.25,1.892934318,54.76,12,8.4,12.7,37.3,26.7,24.94285714,25,25,32,38.71428571,7.366666667,6.857142857,11.9,11.9,25.73601877,36.89212392,0.562846057,2,2
23,5,2021,5/23/2021,0.58203125,0,20.1,46,8.8,4,26,28.35,4.73,0.322,143,0.633978493,-0.773350678,0.5,-0.866025404,2.352795129,1.27050937,10.854,11.18048245,77.44,9.3,14.5,27.2,51.8,23.9,23.32857143,25,25,51.33333333,45.85714286,5.866666667,7.728571429,7.4,11.9,22.51521314,60.94606196,10.31885382,0,0
24,5,2021,5/24/2021,4.5364585,0,24.5,40,1.6,0,28,29.53,5.54,0.287,144,0.620609482,-0.784119807,0.5,-0.866025404,3.074649051,1.844789431,14.7,2.951663089,2.56,12.5,18.5,31.2,55.8,20.2,23.12857143,44,25,58.33333333,45,7,7.785714286,8.8,11.9,21.7906492,53.47303098,5.895656145,0,0
25,5,2021,5/25/2021,8.619141,0,24.8,36,3.3,0,2,30.03,5.53,0.269,145,0.607057574,-0.794657852,0.5,-0.866025404,3.130235219,2.00335054,15.872,6.611056783,10.89,12,18.5,27.6,55.8,19.86666667,23.62857143,40,25,57,43.42857143,5.933333333,6.671428571,8.8,11.9,22.60345444,46.73651549,1.768696844,1,1
26,5,2021,5/26/2021,11.240234,0,26.8,35,0.8,0,21,29.55,5.66,0.246,146,0.593326764,-0.804961708,0.5,-0.866025404,3.523719593,2.290417735,17.42,1.832334188,0.64,13.8,4,26.9,55.8,23.13333333,23.5,36,25,40.66666667,43.28571429,4.566666667,6.171428571,8.8,11.9,23.26241811,41.36825775,0.530609053,2,2
27,5,2021,5/27/2021,12.0651045,0,28.1,36,2.1,0,53,27.97,5.53,0.224,147,0.579421098,-0.815028338,0.5,-0.866025404,3.801995174,2.433276912,17.984,5.109881514,4.41,15.3,0,18.5,55.6,25.36666667,23.98571429,35,25,37,44.42857143,1.9,4.585714286,3.3,8.8,24.32369267,38.18412887,0.159182716,3,3
28,5,2021,5/28/2021,12.82487,0,24.1,69,10.5,2,65,21.56,4.19,0.214,148,0.565344674,-0.824854775,0.5,-0.866025404,3.001874544,0.930581109,7.471,9.771101642,110.25,17.9,0,18.5,55.6,26.56666667,23.54285714,35,35,35.66666667,46,2.066666667,4.114285714,3.3,8.8,25.45658487,37.09206444,0.047754815,4,4
29,5,2021,5/29/2021,0.07356771,0,18.8,72,7.8,17.7,94,13.35,2.27,0.322,149,0.55110164,-0.834438124,0.5,-0.866025404,2.170124842,0.607634956,5.264,4.739552654,60.84,13.2,2,20.5,57.6,26.33333333,23.34285714,35,35,46.66666667,49.57142857,4.466666667,4.928571429,10.5,10.5,25.04960941,53.04603222,1.414326444,0,0
30,5,2021,5/30/2021,0.39388022,0,23.3,52,1.1,3.8,53,21.79,4.09,0.349,150,0.536696194,-0.84377556,0.5,-0.866025404,2.86082113,1.373194142,11.184,1.510513556,1.21,13.7,19.7,23.7,73.4,23.66666667,23.88571429,36,35,59,47.71428571,6.8,4.985714286,10.5,10.5,23.17472659,62.52301611,12.81429793,0,0
31,5,2021,5/31/2021,0.012369794,0,20,76,10.1,6.2,80,17.34,2.96,0.318,151,0.522132581,-0.852864331,0.5,-0.866025404,2.338281271,0.561187505,4.8,5.667993801,102.01,15.2,23.5,23.5,72.2,22.06666667,24.34285714,52,35,64.33333333,48.57142857,6.466666667,3.885714286,10.5,10.5,23.21230861,57.26150805,6.50428938,0,0
1,6,2021,6/1/2021,0.09375,0,21.6,58,2.1,1,71,18.22,3.04,0.325,152,0.507415093,-0.86170176,1.22E-16,-1,2.580152726,1.083664145,9.072,2.275694704,4.41,13.2,27.7,29.7,78.2,20.7,23.7,52,35,66.66666667,53.71428571,6.333333333,5.1,10.1,10.5,22.24861603,66.63075403,6.291286814,0,0
2,6,2021,6/2/2021,0.040364582,0,16.6,64,13.4,6.3,66,19.55,2.92,0.345,153,0.492548068,-0.870285241,1.22E-16,-1,1.889152128,0.680094766,5.976,9.113269864,179.56,9.4,11,30.7,79.2,21.63333333,23.24285714,52,35,62,56.85714286,4.433333333,4.928571429,10.1,10.5,22.05403122,62.31537701,2.587386044,0,0
3,6,2021,6/3/2021,0.1920573,0,16.4,59,10.1,1.7,93,13.09,2.25,0.351,154,0.477535886,-0.878612245,1.22E-16,-1,1.865266113,0.764759106,6.724,7.724066973,102.01,8.2,13.5,37,85.5,19.4,21.78571429,58,36,66,61,8.533333333,6.728571429,13.4,13.4,20.41782185,63.15768851,5.186215813,0,0
4,6,2021,6/4/2021,0.13085938,0,17.5,60,8.5,2,67,16.89,2.77,0.354,155,0.462382973,-0.886680318,1.22E-16,-1,1.999986975,0.79999479,7,6.799955715,72.25,9.5,9,38.7,82.6,18.2,20.11428571,58,52,60.33333333,64.28571429,8.533333333,7.871428571,13.4,13.4,19.2124753,61.07884425,2.745864744,0,0
5,6,2021,6/5/2021,0.21223958,0,14.7,76,5.6,1.9,63,10.17,1.83,0.34,156,0.447093793,-0.894487082,1.22E-16,-1,1.672686407,0.401444738,3.528,2.248090531,31.36,9.9,10,38.7,83.8,16.83333333,19.17142857,59,52,61,63,10.66666667,7.585714286,13.4,13.4,18.69873271,60.53942213,2.223759423,0,0
6,6,2021,6/6/2021,1.1744791,0,20.8,40,3.6,0.4,13,26.7,4.59,0.319,157,0.431672852,-0.902030237,1.22E-16,-1,2.456616326,1.473969796,12.48,5.306291264,12.96,8.8,5.6,22.9,85.2,16.2,18.58571429,59,52,65,63.57142857,8.066666667,7.271428571,10.1,13.4,17.4991129,68.26971106,1.997127827,0,0
7,6,2021,6/7/2021,5.0820312,0,23.9,39,4,0,17,27.64,4.98,0.285,158,0.416124696,-0.909307559,1.22E-16,-1,2.966054202,1.809293063,14.579,7.237172253,16,11.7,4.3,19.5,85.1,17.66666667,18.22857143,40,40,58.66666667,61.85714286,5.9,7.628571429,8.5,13.4,18.48937903,54.13485553,0.879138348,0,0
8,6,2021,6/8/2021,2.7942708,0,21.3,53,4.5,0,78,16.72,3.25,0.265,159,0.400453906,-0.916316904,1.22E-16,-1,2.533204981,1.190606341,10.011,5.357728535,20.25,11.9,2.3,13.3,85,19.8,18.78571429,39,39,51.66666667,56.57142857,4.4,6.757142857,5.6,13.4,20.11256532,46.56742777,0.263741504,1,1
9,6,2021,6/9/2021,4.482422,0,24.4,39,3.7,0.1,26,26.74,4.85,0.259,160,0.3846651,-0.923056207,1.22E-16,-1,3.056312653,1.864350718,14.884,6.898097658,13.69,12.2,0.4,12.3,74.2,22,18.74285714,39,39,44,55.85714286,4.033333333,7.1,4.5,13.4,20.46879572,49.78371388,0.079122451,2,2
10,6,2021,6/10/2021,6.1471353,0,25.4,36,2,0,36,25.44,4.7,0.248,161,0.368762931,-0.92952348,1.22E-16,-1,3.244042238,2.076187032,16.256,4.152374065,4,12.6,0.1,6.1,74.3,23.2,19.85714286,39,39,43.66666667,52.28571429,4.066666667,5.714285714,4.5,10.1,21.64815701,44.39185694,0.093736735,0,0
11,6,2021,6/11/2021,7.219401,0,25.3,37,2.1,0.1,60,24.59,4.54,0.246,162,0.352752087,-0.935716819,1.22E-16,-1,3.224827591,2.031641382,15.939,4.266446903,4.41,12.7,0.1,4.4,74.3,23.7,21.14285714,36,36,42.66666667,49,3.4,4.557142857,4.5,8.5,22.7737099,40.19592847,0.028121021,1,1
12,6,2021,6/12/2021,4.2623696,0,23.6,50,2.2,2.5,72,17.52,3.3,0.261,163,0.336637284,-0.941634398,1.22E-16,-1,2.913023,1.4565115,11.8,3.2043253,4.84,13.6,0.2,2.5,74.4,25.03333333,22.25714286,36,36,37.33333333,45.71428571,2.6,3.642857143,3.7,5.6,23.53159693,38.59796424,0.078436306,0,0
13,6,2021,6/13/2021,5.765625,0,26,39,2.9,3.6,30,25.13,4.66,0.273,164,0.320423273,-0.947274472,1.22E-16,-1,3.361439829,2.050478295,15.86,5.946387057,8.41,13.8,2.6,3.1,76.9,24.76666667,23.52857143,36,36,41,42,2.1,3.157142857,2.2,4.5,23.55211785,44.29898212,1.773530892,0,0
14,6,2021,6/14/2021,1.8619791,0,21.5,62,8.2,9.4,78,17.21,3.08,0.3,165,0.304114832,-0.952635381,1.22E-16,-1,2.564419721,0.974479494,8.17,7.99073185,67.24,13.9,6.2,6.3,80.5,24.96666667,24.27142857,37,36,42,41.85714286,2.4,3.057142857,2.9,4.5,24.2864825,41.64949106,3.052059268,0,0
15,6,2021,6/15/2021,0.054036457,0,20.7,54,6.8,12.3,56,21.91,3.73,0.36,166,0.287716767,-0.957715543,1.22E-16,-1,2.441543871,1.123110181,9.522,7.63714923,46.24,11.5,15.5,15.7,89.9,23.7,23.92857143,39,36,50.33333333,45.14285714,4.433333333,3.657142857,8.2,8.2,23.45053775,51.82474553,7.49561778,0,0
16,6,2021,6/16/2021,0.46809897,0,22.4,48,5.6,0.3,66,22.61,3.96,0.327,167,0.271233911,-0.962513463,1.22E-16,-1,2.709082405,1.408722851,11.648,7.888847964,31.36,12,25.3,28,102.2,22.73333333,23.84285714,39,36,51.66666667,45.28571429,5.966666667,3.985714286,8.2,8.2,22.62537642,52.91237276,10.85868533,0,0
17,6,2021,6/17/2021,0.09765625,0,21.6,56,14,1.1,44,21.51,3.7,0.32,168,0.25467112,-0.967027725,1.22E-16,-1,2.580152726,1.135267199,9.504,15.89374079,196,12.8,22,28.2,98.9,21.53333333,23.55714286,48,36,54.66666667,46.57142857,6.866666667,4.257142857,8.2,8.2,22.5577635,50.45618638,3.4676056,0,0
18,6,2021,6/18/2021,1.1464844,0,25.5,44,8.4,1.4,36,24.34,4.54,0.305,169,0.238033277,-0.971256999,1.22E-16,-1,3.263356619,1.827479707,14.28,15.35082954,70.56,14.3,13.7,29.3,99.3,21.56666667,23.01428571,48,37,52.66666667,49.42857143,8.8,5.971428571,14,14,22.27043445,53.22809319,1.81028168,0,0
19,6,2021,6/19/2021,2.3815105,0,26.6,50,3.1,0,54,21.69,4.05,0.288,170,0.221325284,-0.97520004,1.22E-16,-1,3.482522891,1.741261446,13.3,5.397910482,9.61,16.6,2.8,30.6,92.3,23.16666667,23.04285714,44,39,49.33333333,50.42857143,9.333333333,6.871428571,14,14,23.23930411,48.6140466,1.523084504,0,0
20,6,2021,6/20/2021,1.1080729,0,26,57,0,0.1,69,23.31,4.5,0.278,171,0.204552066,-0.978855685,1.22E-16,-1,3.361439829,1.445419126,11.18,0,0,17.4,2.5,28.1,92.3,24.56666667,23.47142857,44,39,50,50.42857143,8.5,7,14,14,24.24751288,49.3070233,0.456925351,1,1
21,6,2021,6/21/2021,1.6640625,0,23.6,64,3.7,0.8,84,16.32,3.2,0.285,172,0.187718565,-0.982222857,1.22E-16,-1,2.913023,1.04868828,8.496,3.880146636,13.69,16.4,1.5,24.6,92.4,26.03333333,23.47142857,44,44,50.33333333,53,3.833333333,6.585714286,8.4,14,24.77325902,53.15351165,0.207077605,0,0
22,6,2021,6/22/2021,2.6445312,0,25.8,55,4.1,0.7,80,19.47,3.71,0.309,173,0.170829743,-0.985300563,1.22E-16,-1,3.321902528,1.494856138,11.61,6.128910165,16.81,16.8,0.9,16,78.7,25.4,23.77142857,50,44,57,53.28571429,2.266666667,5.942857143,3.7,14,24.42128131,58.57675582,0.622123282,0,0
23,6,2021,6/23/2021,4.700521,0,27.7,43,3.2,1.5,26,26.33,4.99,0.298,174,0.153890577,-0.988087896,1.22E-16,-1,3.714403381,2.117209927,15.789,6.775071767,10.24,16.3,1.6,4.4,75.4,25.13333333,24.5,55,44,58.66666667,53.42857143,2.6,5.557142857,4.1,14,24.83489692,56.78837791,0.676636984,0,0
24,6,2021,6/24/2021,5.6184897,0,26.9,47,2.1,1.8,40,23.96,4.61,0.291,175,0.136906058,-0.990584035,1.22E-16,-1,3.544476671,1.878572636,14.257,3.945002535,4.41,16.3,3,5.6,76.9,25.7,25.25714286,43,43,54,52.71428571,3.666666667,5.214285714,4.1,14,25.69442784,49.89418896,1.252991095,0,0
25,6,2021,6/25/2021,7.7285156,0,28.7,48,4.2,0.4,40,25.93,4.91,0.285,176,0.119881192,-0.992788245,1.22E-16,-1,3.936753503,2.047111822,14.924,8.59786965,17.64,18.3,4,6.3,78.7,26.8,26.01428571,43,43,48.33333333,51.42857143,3.133333333,3.514285714,4.1,8.4,26.05609949,48.44709448,1.635897329,0,0
26,6,2021,6/26/2021,0.50390625,0,27,57,4.7,5.4,54,21.49,4.11,0.348,177,0.102820997,-0.994699876,1.22E-16,-1,3.565340176,1.533096276,11.61,7.205552495,22.09,18.4,3.7,5.3,79.1,27.76666667,26.47142857,43,43,46,52,3.166666667,2.914285714,4.2,4.2,26.84926964,48.22354724,0.770769199,0,0
27,6,2021,6/27/2021,2.5416667,0,28.4,53,7.4,1.5,25,25.51,4.92,0.317,178,0.0857305,-0.996318363,1.22E-16,-1,3.868863717,1.818365947,13.348,13.45590801,54.76,19,7.6,10.7,84.5,27.53333333,26.52857143,47,43,50.66666667,53,3.666666667,3.142857143,4.7,4.7,26.89448875,52.61177362,4.01123076,0,0
28,6,2021,6/28/2021,2.8313801,0,28.1,49,1.4,1.5,24,25.28,4.94,0.297,179,0.068614738,-0.997643232,1.22E-16,-1,3.801995174,1.939017539,14.331,2.714624555,1.96,17.9,7.3,12.1,84,28.03333333,26.87142857,48,43,52.66666667,52.42857143,5.433333333,4.2,7.4,7.4,27.34614212,52.80588681,2.253369228,0,0
29,6,2021,6/29/2021,5.7773438,0,28,42,1.8,0.7,23,28.61,5.61,0.281,180,0.051478755,-0.99867409,1.22E-16,-1,3.779930364,2.192359611,16.24,3.9462473,3.24,16.4,8.4,12.8,67.8,27.83333333,27.51428571,49,43,53,50.28571429,4.5,3.871428571,7.4,7.4,27.57229949,50.9029434,1.726010768,0,0
30,6,2021,6/30/2021,11.172526,0,29.9,33,3.2,0,0,30.55,6.13,0.26,181,0.034327601,-0.999410634,1.22E-16,-1,4.218788397,2.826588226,20.033,9.045082322,10.24,16.5,3.7,12.8,64.7,28.16666667,27.82857143,42,42,48,48.42857143,3.533333333,3.542857143,7.4,7.4,27.70060964,46.4514717,1.007803231,0,0
1,7,2021,7/1/2021,14.448567,0,32,38,0.5,0,1,30.06,6.25,0.245,182,0.01716633,-0.999852648,-0.5,-0.866025404,4.754775396,2.947960746,19.84,1.473980373,0.25,19.6,2.2,11.3,58.5,28.66666667,28.14285714,33,33,41.33333333,47,2.133333333,3.542857143,3.2,7.4,28.36042675,39.72573585,0.302340969,1,1
2,7,2021,7/2/2021,18.36263,0,33.8,30,4,0,21,27.16,5.78,0.23,183,1.22E-16,-1,-0.5,-0.866025404,5.260311493,3.682218045,23.66,14.72887218,16,19.8,0.7,9.5,57.5,29.96666667,28.87142857,33,33,37.66666667,45.71428571,1.833333333,3.314285714,3.2,7.4,29.45229872,38.86286793,0.090702291,2,2
3,7,2021,7/3/2021,8.248698,0,28.1,50,7.5,0.2,89,15.92,3.16,0.278,184,-0.01716633,-0.999852648,-0.5,-0.866025404,3.801995174,1.900997587,14.05,14.2574819,56.25,18.1,0,9.1,51.2,31.9,29.6,30,30,33.66666667,43.14285714,2.566666667,3.285714286,4,7.4,30.75660911,34.43143396,0.027210687,3,3
4,7,2021,7/4/2021,0.000651043,0,20,83,4.1,50.9,83,10.17,1.89,0.425,185,-0.034327601,-0.999410634,-0.5,-0.866025404,2.338281271,0.397507816,3.4,1.629782046,16.81,16.6,0.2,3.9,49.7,31.3,29.75714286,30,30,39.33333333,42.14285714,4,3.685714286,7.5,7.5,29.95962637,42.21571698,0.148163206,0,0
5,7,2021,7/5/2021,0.65559894,0,24.5,54,10.6,4.4,48,22.33,4.07,0.397,186,-0.051478755,-0.99867409,-0.5,-0.866025404,3.074649051,1.414338563,11.27,14.99198877,112.36,15.3,51.1,53.3,98.6,27.3,28.55714286,30,30,54.33333333,46.42857143,5.2,3.214285714,7.5,7.5,26.97173846,62.60785849,35.67444896,0,0
6,7,2021,7/6/2021,1.6777344,0,26,51,4.3,1.4,47,23.44,4.46,0.376,187,-0.068614738,-0.997643232,-0.5,-0.866025404,3.361439829,1.647105516,12.74,7.082553719,18.49,16.2,55.5,56.2,101.1,24.2,28.04285714,50,30,62.33333333,47.14285714,7.4,4.528571429,10.6,10.6,26.23021692,58.30392925,13.78233469,0,0
7,7,2021,7/7/2021,0.54036456,0,25.6,73,6.9,1.9,66,20.1,3.76,0.374,188,-0.0857305,-0.996318363,-0.5,-0.866025404,3.28277117,0.886348216,6.912,6.115802689,47.61,20.2,56.7,56.9,102.1,23.5,27.75714286,51,30,62.66666667,48.42857143,6.333333333,4.885714286,10.6,10.6,26.16115185,54.65196462,5.114700407,0,0
8,7,2021,7/8/2021,0.07486979,0,24.1,83,2.5,14.1,80,13,2.57,0.408,189,-0.102820997,-0.994699876,-0.5,-0.866025404,3.001874544,0.510318673,4.097,1.275796681,6.25,20.7,7.7,58.8,104,25.36666667,27.14285714,51,30,59.33333333,54.14285714,7.266666667,5.414285714,10.6,10.6,25.99280629,63.82598231,2.864410122,0,0
9,7,2021,7/9/2021,0.44075522,0,27.1,50,6.9,3.6,13,26.87,5.26,0.389,190,-0.119881192,-0.992788245,-0.5,-0.866025404,3.586310566,1.793155283,13.55,12.37277145,47.61,17.1,17.4,72.9,118.1,25.23333333,26.01428571,51,30,69,60.57142857,4.566666667,5.7,6.9,10.6,25.4249644,73.41299116,10.72932304,0,0
10,7,2021,7/10/2021,2.376302,0,27,49,5.9,0.1,9,27.2,5.34,0.362,191,-0.136906058,-0.990584035,-0.5,-0.866025404,3.565340176,1.81832349,13.77,10.72810859,34.81,16.8,19.6,76.5,121.6,25.6,25.05714286,50,50,68.66666667,63.42857143,5.433333333,6.114285714,6.9,10.6,25.92747508,61.70649558,5.738796911,0,0
11,7,2021,7/11/2021,2.8085938,0,26.4,57,2.2,0,30,23.47,4.5,0.351,192,-0.153890577,-0.988087896,-0.5,-0.866025404,3.441746435,1.479950967,11.352,3.255892127,4.84,17.8,17.8,76.4,121.7,26.06666667,24.9,49,49,60.66666667,63.28571429,5.1,5.885714286,6.9,10.6,26.24923256,55.35324779,1.791639073,0,0
12,7,2021,7/12/2021,2.8040364,0,27.5,53,3.3,0.2,45,27.48,5.33,0.339,193,-0.170829743,-0.985300563,-0.5,-0.866025404,3.671270209,1.725496998,12.925,5.694140095,10.89,18.1,3.7,25.5,121.6,26.83333333,25.81428571,49,49,52,59.57142857,5,5.614285714,6.9,10.6,26.29446279,56.17662389,0.537491722,1,1
13,7,2021,7/13/2021,5.4720054,0,27.2,54,0,0.3,28,25.72,5.02,0.328,194,-0.187718565,-0.982222857,-0.5,-0.866025404,3.607388303,1.659398619,12.512,0,0,18,0.3,21.3,119.3,26.96666667,26.24285714,49,49,53,59.42857143,3.8,4.571428571,5.9,6.9,26.65612395,54.58831195,0.301247517,0,0
14,7,2021,7/14/2021,6.1686196,0,26.3,59,0.7,0,18,23.68,4.65,0.316,195,-0.204552066,-0.978855685,-0.5,-0.866025404,3.421514668,1.402821014,10.783,0.98197471,0.49,18.1,0.5,20.2,116,27.03333333,26.41428571,53,49,54.66666667,59.85714286,1.833333333,3.957142857,3.3,6.9,26.81928677,54.29415597,0.300374255,0,0
15,7,2021,7/15/2021,8.878906,0,29,53,1.1,0,38,28.12,5.73,0.302,196,-0.221325284,-0.97520004,-0.5,-0.866025404,4.0056776,1.882668472,13.63,2.070935319,1.21,19.6,0.5,18.3,106.6,27,26.51428571,53,49,55.33333333,57.85714286,1.333333333,3.071428571,3.3,6.9,26.66350074,56.64707799,0.090112276,1,1
16,7,2021,7/16/2021,10.589192,0,28.4,49,4.7,0,0,29.54,5.95,0.287,197,-0.238033277,-0.971256999,-0.5,-0.866025404,3.868863717,1.973120495,14.484,9.273666329,22.09,18.2,0.3,4.2,94.3,27.5,27.21428571,53,49,55.33333333,53.57142857,0.6,2.871428571,1.1,6.9,27.36445052,54.82353899,0.027033683,2,2
17,7,2021,7/17/2021,12.7369795,0,31.7,45,2.6,0,3,27.96,5.92,0.279,198,-0.25467112,-0.967027725,-0.5,-0.866025404,4.67476018,2.571118099,17.435,6.684907058,6.76,20.7,0,0.6,94,27.9,27.4,49,49,53.66666667,53.42857143,2.166666667,2.557142857,4.7,5.9,27.67511536,51.9117695,0.008110105,3,3
18,7,2021,7/18/2021,14.914714,0,32.9,48,2.5,0,9,26.92,5.81,0.26,199,-0.271233911,-0.962513463,-0.5,-0.866025404,5.002001481,2.60104077,17.108,6.502601925,6.25,22.5,0,0.5,92.9,29.7,28.07142857,45,45,49,52.85714286,2.8,2.085714286,4.7,4.7,28.88258075,48.45588475,0.002433031,4,4
19,7,2021,7/19/2021,14.722656,0,33.4,44,0.5,0,13,26.77,5.89,0.253,200,-0.287716767,-0.957715543,-0.5,-0.866025404,5.144112522,2.880703012,18.704,1.440351506,0.25,22.2,0,0.5,91.5,31,29,45,45,47.33333333,51.57142857,3.266666667,2.128571429,4.7,4.7,30.08780653,48.22794237,0.000729909,5,5
20,7,2021,7/20/2021,15.902344,0,32,56,1.9,0,29,25.65,5.38,0.241,201,-0.304114832,-0.952635381,-0.5,-0.866025404,4.754775396,2.092101174,14.08,3.974992231,3.61,23.2,0,0.3,91.5,32.66666667,29.84285714,44,44,45.66666667,50.28571429,1.866666667,1.728571429,2.6,4.7,31.08146457,46.11397119,0.000218973,6,6
21,7,2021,7/21/2021,17.883463,0,30.7,44,9.8,0,31,24.89,5.05,0.226,202,-0.320423273,-0.947274472,-0.5,-0.866025404,4.416429033,2.473200259,17.192,24.23736253,96.04,19.5,0,0,91.4,32.76666667,30.52857143,44,44,49.33333333,50.57142857,1.633333333,2,2.5,4.7,31.3570252,51.05698559,6.57E-05,7,7
22,7,2021,7/22/2021,2.1985676,0,24.6,61,13.2,2.5,48,20.72,3.7,0.238,203,-0.336637284,-0.941634398,-0.5,-0.866025404,3.09308133,1.206301719,9.594,15.92318268,174.24,16.8,0,0,90.6,32.03333333,31.15714286,44,44,48,48.42857143,4.066666667,3.3,9.8,9.8,31.15991764,47.5284928,1.97E-05,8,8
23,7,2021,7/23/2021,0.7317708,0,24.1,59,4.1,5.7,48,20.6,3.87,0.262,204,-0.352752087,-0.935716819,-0.5,-0.866025404,3.001874544,1.230768563,9.881,5.046151109,16.81,15.9,2.5,2.5,92.4,29.1,30.52857143,44,44,53.66666667,49.57142857,8.3,5.028571429,13.2,13.2,29.19194235,54.2642464,1.750005912,0,0
24,7,2021,7/24/2021,3.9967449,0,25.2,42,2.1,1.4,12,28.39,5.37,0.25,205,-0.368762931,-0.92952348,-0.5,-0.866025404,3.205712243,1.859313101,14.616,3.904557512,4.41,13.6,8.2,8.2,96.6,26.46666667,29.91428571,44,44,54.66666667,51,9.033333333,4.942857143,13.2,13.2,27.66435964,56.6321232,4.515001774,0,0
25,7,2021,7/25/2021,12.652995,0,27.5,32,4.5,0,21,28.8,5.61,0.225,206,-0.3846651,-0.923056207,-0.5,-0.866025404,3.671270209,2.496463742,18.7,11.23408684,20.25,13.9,9.6,9.6,96.2,24.63333333,28.98571429,42,42,54,50.57142857,6.466666667,4.871428571,13.2,13.2,26.92505175,49.3160616,2.334500532,0,0
26,7,2021,7/26/2021,4.9739585,0,23.4,71,7.4,2.8,45,18.75,3.59,0.232,207,-0.400453906,-0.916316904,-0.5,-0.866025404,2.878130285,0.834657783,6.786,6.176467591,54.76,17.6,7.1,9.6,95.8,25.6,28.21428571,32,32,44.33333333,48.28571429,3.566666667,5.157142857,4.5,13.2,27.09753623,40.6580308,0.70035016,1,1
27,7,2021,7/27/2021,2.7460938,0,28.3,48,6.1,3.2,23,22.91,4.61,0.257,208,-0.416124696,-0.909307559,-0.5,-0.866025404,3.846461372,2.000159914,14.716,12.20097547,37.21,17.9,4.2,12.4,93.2,25.36666667,26.78571429,32,32,48.33333333,52.14285714,4.666666667,6.142857143,7.4,13.2,25.98827536,55.8290154,2.170105048,0,0
28,7,2021,7/28/2021,10.522136,0,29.8,36,5.1,0.9,1,28.28,5.89,0.253,209,-0.431672852,-0.902030237,-0.5,-0.866025404,4.194632611,2.684564871,19.072,13.69128084,26.01,17,6,15.6,94.9,26.4,26.25714286,32,32,50.33333333,51,6,6.742857143,7.4,13.2,26.68179275,51.9145077,2.891031514,0,0
29,7,2021,7/29/2021,16.960938,0,29.4,29,4.7,0,0,28.49,5.77,0.232,210,-0.447093793,-0.894487082,-0.5,-0.866025404,4.099208154,2.910437789,20.874,13.67905761,22.09,15.2,6.9,16.5,94.3,27.16666667,26.12857143,36,32,51.66666667,49.85714286,6.2,6.071428571,7.4,13.2,27.61725493,43.95725385,1.497309454,0,0
30,7,2021,7/30/2021,19.4056,0,31.3,28,2.1,0,0,27.98,5.91,0.22,211,-0.462382973,-0.886680318,-0.5,-0.866025404,4.569894388,3.290323959,22.536,6.909680315,4.41,16.9,4.1,14,93.6,29.16666667,26.81428571,29,29,37.66666667,45.28571429,5.3,4.857142857,6.1,7.4,28.15207845,36.47862692,0.449192836,1,1
31,7,2021,7/31/2021,21.854166,0,32.4,33,3.4,0,1,27.59,5.84,0.206,212,-0.477535886,-0.878612245,-0.5,-0.866025404,4.863311198,3.258418503,21.708,11.07862291,11.56,19,0.9,8.3,93.6,30.16666667,27.84285714,28,28,31,40.85714286,3.966666667,4.571428571,5.1,7.4,29.09645491,32.23931346,0.134757851,2,2
1,8,2021,8/1/2021,25.335287,0,31.8,28,4.4,0,0,28.48,5.9,0.198,213,-0.492548068,-0.870285241,-0.866025404,-0.5,4.701300942,3.384936678,22.896,14.89372138,19.36,17.4,0,6.9,93.6,31.03333333,28.87142857,28,28,30,39.57142857,3.4,4.757142857,4.7,7.4,30.08751844,32.61965673,0.040427355,3,3
2,8,2021,8/2/2021,21.913412,0,31.5,30,2.3,0,0,27.93,5.78,0.183,214,-0.507415093,-0.86170176,-0.866025404,-0.5,4.622068903,3.235448232,22.05,7.441530934,5.29,17.5,0,6.9,93.6,31.83333333,29.48571429,28,28,29.66666667,39,3.3,4.742857143,4.4,7.4,30.60126291,30.30982837,0.012128207,4,4
3,8,2021,8/3/2021,26.029297,0,33.1,29,2.2,0,0,28,5.92,0.181,215,-0.522132581,-0.852864331,-0.866025404,-0.5,5.058431496,3.591486362,23.501,7.901269996,4.84,18.9,0,4.1,93.4,31.9,30.64285714,28,28,30.33333333,33.14285714,3.366666667,4.014285714,4.4,6.1,30.87088404,30.15491418,0.003638462,5,5
4,8,2021,8/4/2021,28.375,0,33.3,33,5.1,0,1,27.23,5.78,0.16,216,-0.536696194,-0.84377556,-0.866025404,-0.5,5.115413295,3.427326908,22.311,17.47936723,26.01,19.9,0,0.9,42.5,32.13333333,31.32857143,28,28,29,30.42857143,2.966666667,3.457142857,4.4,5.1,31.53961882,29.57745709,0.001091539,6,6
5,8,2021,8/5/2021,27.859375,0,32.6,35,1.1,0,6,26.61,5.65,0.156,217,-0.55110164,-0.834438124,-0.866025404,-0.5,4.918381272,3.196947827,21.19,3.51664261,1.21,19.6,0,0,38.1,32.63333333,31.82857143,29,28,30.66666667,30,3.2,3.457142857,5.1,5.1,32.06773318,31.28872855,0.000327462,7,7
6,8,2021,8/6/2021,33.502605,0,35.9,25,4,0,20,27.3,6.05,0.145,218,-0.565344674,-0.824854775,-0.866025404,-0.5,5.908478654,4.43135899,26.925,17.72543596,16,20.9,0,0,36.7,33,32.28571429,29,28,32.33333333,30.85714286,2.8,2.942857143,5.1,5.1,32.22741322,33.14436427,9.82E-05,8,8
7,8,2021,8/7/2021,3.5403645,0,27,58,5.2,0.4,95,12.09,2.74,0.18,219,-0.579421098,-0.815028338,-0.866025404,-0.5,3.565340176,1.497442874,11.34,7.786702944,27.04,18.6,0,0,34.8,33.93333333,32.94285714,25,25,31,30.42857143,3.4,3.214285714,5.1,5.1,33.32918926,29.07218214,2.95E-05,9,9
8,8,2021,8/8/2021,0.76497394,0,25.6,64,4.5,6.4,68,16.21,3.18,0.24,220,-0.593326764,-0.804961708,-0.866025404,-0.5,3.28277117,1.181797621,9.216,5.318089295,20.25,18.4,0.4,0.4,21.1,31.83333333,32.17142857,25,25,39.33333333,34,3.433333333,3.471428571,5.2,5.2,31.43043248,43.53609107,0.280008841,0,0
9,8,2021,8/9/2021,1.186849,0,25.9,52,8.4,9.4,46,19.21,3.82,0.251,221,-0.607057574,-0.794657852,-0.866025404,-0.5,3.341620215,1.603977703,12.432,13.47341271,70.56,16.3,6.8,6.8,23.9,29.5,31.28571429,25,25,49,39.14285714,4.566666667,3.485714286,5.2,5.2,29.68130274,53.76804553,4.564002652,0,0
10,8,2021,8/10/2021,5.8658853,0,27.2,48,9.9,0.2,65,20.98,4.22,0.238,222,-0.620609482,-0.784119807,-0.866025404,-0.5,3.607388303,1.875841917,14.144,18.57083498,98.01,16.8,16.2,16.2,33.2,26.16666667,30.48571429,52,25,58,42.28571429,6.033333333,4.357142857,8.4,8.4,28.54691192,52.88402277,7.949200796,0,0
11,8,2021,8/11/2021,0.7213542,0,25.2,69,11.8,10.1,86,17.03,3.28,0.314,223,-0.633978493,-0.773350678,-0.866025404,-0.5,3.205712243,0.993770795,7.812,11.72649538,139.24,19,16,16.4,33.4,26.23333333,29.64285714,48,25,54.66666667,45,7.6,5.457142857,9.9,9.9,28.14283834,50.44201138,2.524760239,0,0
12,8,2021,8/12/2021,0.8873698,0,25.6,65,5.9,2.9,69,18.54,3.5,0.303,224,-0.647160667,-0.762353639,-0.866025404,-0.5,3.28277117,1.148969909,8.96,6.778922466,34.81,18.6,19.7,26.5,43.3,26.1,28.48571429,48,25,56.33333333,50.14285714,10.03333333,6.414285714,11.8,11.8,27.25998684,59.72100569,7.827428072,0,0
13,8,2021,8/13/2021,1.6490885,0,26.1,50,7.7,6.8,76,19.07,3.79,0.284,225,-0.660152121,-0.751131931,-0.866025404,-0.5,3.381361812,1.690680906,13.05,13.01824298,59.29,16.1,13.2,29.4,45.9,26,27.48571429,48,25,60.66666667,54.42857143,9.2,7.1,11.8,11.8,26.76199079,62.36050285,4.378228421,0,0
14,8,2021,8/14/2021,5.0117188,0,24.2,53,4.3,0.1,55,18.29,3.56,0.262,226,-0.672949024,-0.739688861,-0.866025404,-0.5,3.019925818,1.419365135,11.374,6.103270079,18.49,14.8,19.8,36.2,52.7,25.63333333,26.08571429,50,48,61.33333333,58,8.466666667,7.628571429,11.8,11.8,26.56339355,56.18025142,6.073468526,0,0
15,8,2021,8/15/2021,8.489583,0,24.8,44,2.3,0,11,24.08,4.53,0.243,227,-0.685547606,-0.728027801,-0.866025404,-0.5,3.130235219,1.752931723,13.888,4.031742962,5.29,13.6,9.8,35.9,52.8,25.3,25.68571429,50,48,56,57.28571429,5.966666667,7.5,7.7,11.8,25.85437549,54.59012571,1.892040558,0,0
16,8,2021,8/16/2021,10.162761,0,25.5,43,2.7,0,8,25.3,4.81,0.226,228,-0.697944155,-0.716152188,-0.866025404,-0.5,3.263356619,1.860113273,14.535,5.022305837,7.29,14.1,6.9,29.5,52.8,25.03333333,25.57142857,44,44,49,54.42857143,4.766666667,7.185714286,7.7,11.8,25.53806284,49.29506286,0.567612167,1,1
17,8,2021,8/17/2021,12.998698,0,29.3,40,1.8,0,0,24.65,4.98,0.208,229,-0.710135016,-0.704065522,-0.866025404,-0.5,4.075649206,2.445389523,17.58,4.401701142,3.24,17.3,0.1,20.1,52.8,24.83333333,25.51428571,43,43,46.66666667,53.14285714,3.1,6.371428571,4.3,11.8,25.52664399,46.14753143,0.17028365,2,2
18,8,2021,8/18/2021,14.186198,0,30.1,41,6.2,0,8,25.41,5.07,0.196,230,-0.722116597,-0.691771365,-0.866025404,-0.5,4.267463105,2.517803232,17.759,15.61038004,38.44,18.3,0,19.9,52.8,26.53333333,25.81428571,40,40,42.33333333,52,2.266666667,5.214285714,2.7,11.8,26.65865079,43.07376571,0.051085095,3,3
19,8,2021,8/19/2021,14.2421875,0,28,43,3.6,0.2,55,20.2,4.01,0.189,231,-0.733885366,-0.679273339,-0.866025404,-0.5,3.779930364,2.154560307,15.96,7.756417107,12.96,16.6,0,9.8,52.8,28.3,26.51428571,40,40,41.33333333,48,3.566666667,4.414285714,6.2,7.7,27.69105555,42.03688286,0.015325529,4,4
20,8,2021,8/20/2021,1.641276,0,23.4,65,7.7,7.2,58,15.1,2.94,0.221,232,-0.745437857,-0.666575128,-0.866025404,-0.5,2.878130285,1.0073456,8.19,7.756561117,59.29,16.4,0.2,7.1,53,29.13333333,26.85714286,40,40,41.33333333,44.85714286,3.866666667,4.085714286,6.2,7.7,27.78373889,42.51844143,0.144597659,0,0
21,8,2021,8/21/2021,7.4563804,0,25.2,44,3.8,0.6,9,25.65,4.82,0.21,233,-0.756770663,-0.653680475,-0.866025404,-0.5,3.205712243,1.795198856,14.112,6.821755653,14.44,14,7.4,7.5,60.2,27.16666667,26.47142857,41,40,49.66666667,47,5.833333333,4.085714286,7.7,7.7,26.46861722,53.75922071,5.083379298,0,0
22,8,2021,8/22/2021,11.416667,0,27.7,42,1,0,19,22.95,4.5,0.197,234,-0.767880446,-0.640593179,-0.866025404,-0.5,3.714403381,2.154353961,16.066,2.154353961,1,16.1,8,8,58.3,25.53333333,26.61428571,43,40,50.66666667,45.71428571,5.033333333,4.014285714,7.7,7.7,26.08803206,48.87961036,1.945013789,0,0
23,8,2021,8/23/2021,14.848958,0,27.9,39,1.5,0,23,23.78,4.71,0.188,235,-0.778763931,-0.627317097,-0.866025404,-0.5,3.757977111,2.292366038,17.019,3.438549056,2.25,15.7,7.8,8,52.6,25.43333333,27.02857143,42,40,50.33333333,45.42857143,4.166666667,3.828571429,7.7,7.7,26.57162244,45.43980518,0.583504137,1,1
24,8,2021,8/24/2021,15.516927,0,29.4,31,4,0,0,25.36,4.96,0.176,236,-0.78941791,-0.613856142,-0.866025404,-0.5,4.099208154,2.828453626,20.286,11.31381451,16,15.6,0.6,8,51.2,26.93333333,27.37142857,39,39,41.66666667,44.85714286,2.1,3.657142857,3.8,7.7,26.97013571,42.21990259,0.175051241,2,2
25,8,2021,8/25/2021,17.747396,0,31.2,38,3.1,0,4,24.42,5.05,0.165,237,-0.799839245,-0.600214281,-0.866025404,-0.5,4.543999587,2.817279744,19.344,8.733567206,9.61,18.8,0,8,51.2,28.33333333,27.38571429,31,31,37.33333333,43.57142857,2.166666667,3.971428571,4,7.7,27.69909499,36.60995129,0.052515372,3,3
26,8,2021,8/26/2021,16.404947,0,29.7,51,6.9,0,27,21.07,4.38,0.156,238,-0.810024863,-0.586395533,-0.866025404,-0.5,4.170597197,2.043592626,14.553,14.10078912,47.61,19.9,0,8,48.4,29.5,27.54285714,31,31,36,43.14285714,2.866666667,3.528571429,4,7.7,28.7493665,37.30497565,0.015754612,4,4
27,8,2021,8/27/2021,22.169271,0,33.2,27,2.9,0,6,22.92,4.93,0.147,239,-0.819971763,-0.572403973,-0.866025404,-0.5,5.086853141,3.713402793,24.236,10.7688681,8.41,18.6,0,7.8,45.2,30.1,27.78571429,31,31,40,44.28571429,4.666666667,4,6.9,7.7,29.03455655,44.15248782,0.004726384,5,5
28,8,2021,8/28/2021,23.257162,0,34.3,31,1.9,0,14,21.91,4.82,0.141,240,-0.829677014,-0.558243722,-0.866025404,-0.5,5.408757769,3.732042861,23.667,7.090881436,3.61,20.5,0,0.6,44.3,31.36666667,29.18571429,27,27,38.66666667,38.85714286,4.3,3.314285714,6.9,6.9,30.28418958,35.57624391,0.001417915,6,6
29,8,2021,8/29/2021,20.166666,0,34.8,27,4,0,9,22.51,5,0.136,241,-0.839137755,-0.543918954,-0.866025404,-0.5,5.560824442,4.059401842,25.404,16.23760737,16,20.2,0,0,44.3,32.4,30.48571429,27,27,36.33333333,37,3.9,3.042857143,6.9,6.9,31.48893271,33.28812196,0.000425375,7,7
30,8,2021,8/30/2021,21.143229,0,31.7,36,9,0,9,22.87,4.8,0.135,242,-0.848351198,-0.529433891,-0.866025404,-0.5,4.67476018,2.991846516,20.288,26.92661864,81,18.9,0,0,44.3,34.1,31.5,27,27,28.33333333,34.85714286,2.933333333,3.471428571,4,6.9,32.4822529,30.14406098,0.000127612,8,8
31,8,2021,8/31/2021,19.52539,0,29.7,41,1,0,40,20.06,4.18,0.133,243,-0.857314628,-0.514792802,-0.866025404,-0.5,4.170597197,2.460652346,17.523,2.460652346,1,17.9,0,0,44.3,33.6,32.04285714,27,27,31.33333333,34.42857143,4.966666667,4.542857143,9,9,32.24757703,33.07203049,3.83E-05,9,9
1,9,2021,9/1/2021,11.904948,0,27.7,49,1.6,1,55,14.65,3.05,0.14,244,-0.866025404,-0.5,-1,-1.84E-16,3.714403381,1.894345724,14.127,3.030953159,2.56,17.5,0,0,44.3,32.06666667,32.08571429,27,27,34.66666667,35.85714286,4.666666667,4.114285714,9,9,31.48330392,37.03601524,1.15E-05,10,10
2,9,2021,9/2/2021,2.8971355,0,22.2,53,13.3,1.8,47,16.03,2.85,0.179,245,-0.874480958,-0.485059846,-1,-1.84E-16,2.676333659,1.25787682,10.434,16.72976171,176.89,12.8,1,1,45.3,29.7,31.58571429,36,27,42,37.42857143,3.866666667,3.9,9,9,30.34831274,43.01800762,0.700003446,0,0
3,9,2021,9/3/2021,0.51432294,0,21.1,59,5.4,3.6,55,16.96,3.02,0.262,246,-0.882678798,-0.469976743,-1,-1.84E-16,2.502322755,1.02595233,8.651,5.540142581,29.16,12.9,2.8,2.8,47.1,26.53333333,30.51428571,41,27,47.66666667,37.71428571,5.3,4.814285714,13.3,13.3,27.90381892,48.00900381,1.470001034,0,0
4,9,2021,9/4/2021,3.5872395,0,23.2,45,2.8,0.7,46,21.61,3.94,0.25,247,-0.890616509,-0.454755136,-1,-1.84E-16,2.843602903,1.563981597,12.76,4.379148471,7.84,12.2,6.4,6.4,50.7,23.66666667,28.78571429,49,27,53.66666667,42.28571429,6.766666667,5.171428571,13.3,13.3,25.86267324,53.50450191,2.96100031,0,0
5,9,2021,9/5/2021,9.865886,0,23.8,50,2.7,0,46,16.99,3.21,0.234,248,-0.898291752,-0.43939951,-1,-1.84E-16,2.948284305,1.474142153,11.9,3.980183812,7.29,13.8,6.1,7.1,51.4,22.16666667,27.2,45,27,52.33333333,44.28571429,7.166666667,5.3,13.3,13.3,25.06387127,49.25225095,1.378300093,0,0
6,9,2021,9/6/2021,17.342447,0,25,35,5.9,0,28,20.58,4.19,0.212,249,-0.905702263,-0.423914391,-1,-1.84E-16,3.167777718,2.059055516,16.25,12.14842755,34.81,12,4.3,7.1,51.4,22.7,25.62857143,45,36,51.33333333,47.57142857,3.633333333,5.114285714,5.4,13.3,24.68470989,49.62612548,0.413490028,1,1
7,9,2021,9/7/2021,18.96875,0,23.2,31,6.2,0,11,23.18,4.32,0.195,250,-0.91284586,-0.408304342,-1,-1.84E-16,2.843602903,1.962086003,16.008,12.16493322,38.44,9.4,0.7,7.1,51,24,24.67142857,35,35,43.33333333,47.42857143,3.8,4.671428571,5.9,13.3,24.77929692,42.31306274,0.124047008,2,2
8,9,2021,9/8/2021,20.223959,0,23.7,32,4,0,0,23.01,4.28,0.179,251,-0.919720437,-0.392573965,-1,-1.84E-16,2.930607375,1.992813015,16.116,7.971252059,16,10.1,0,7.1,44.6,24,23.74285714,31,31,38.66666667,46,4.933333333,5.414285714,6.2,13.3,24.30550785,36.65653137,0.037214103,3,3
9,9,2021,9/9/2021,19.638021,0,26.3,32,2.9,0,4,22.42,4.31,0.166,252,-0.926323968,-0.376727894,-1,-1.84E-16,3.421514668,2.326629974,17.884,6.747226925,8.41,12.7,0,6.1,35.2,23.96666667,23.17142857,31,31,32.66666667,43.57142857,5.366666667,5.757142857,6.2,13.3,24.12385549,34.32826568,0.011164231,4,4
10,9,2021,9/10/2021,13.968099,0,25.6,46,3,0,58,15.46,2.96,0.166,253,-0.932654508,-0.360770799,-1,-1.84E-16,3.28277117,1.772696432,13.824,5.318089295,9,14.8,0,4.3,35,24.4,23.75714286,31,31,31.66666667,40.57142857,4.366666667,4.271428571,6.2,6.2,24.77669884,33.16413284,0.003349269,5,5
11,9,2021,9/11/2021,2.8841145,0,20.2,65,5,4.7,60,12.04,2.27,0.191,254,-0.938710189,-0.344707384,-1,-1.84E-16,2.367387698,0.828585694,7.07,4.142928471,25,13.2,0,0.7,24.9,25.2,24.4,32,31,36.66666667,38.71428571,3.3,3.928571429,4,6.2,25.02368919,39.58206642,0.001004781,6,6
12,9,2021,9/12/2021,5.9296875,0,24.2,35,2.9,0.1,39,21.24,3.91,0.183,255,-0.944489229,-0.328542382,-1,-1.84E-16,3.019925818,1.962951782,15.73,5.692560167,8.41,11.2,4.7,4.7,26.7,24.03333333,23.97142857,32,31,47.66666667,41.57142857,3.633333333,4.242857143,5,6.2,23.57658243,52.29103321,3.290301434,0,0
13,9,2021,9/13/2021,9.871094,0,25.1,48,3,0,26,20.13,3.78,0.173,256,-0.949989923,-0.312280557,-1,-1.84E-16,3.186695762,1.657081796,13.052,4.971245389,9,14.7,4.8,4.8,20,23.33333333,24.02857143,35,31,48.66666667,39.42857143,3.633333333,4.271428571,5,6.2,23.7636077,43.64551661,1.05709043,0,0
14,9,2021,9/14/2021,12.3411455,0,23.9,53,1.6,0,69,17.8,3.35,0.171,257,-0.955210651,-0.295926701,-1,-1.84E-16,2.966054202,1.394045475,11.233,2.23047276,2.56,14.5,4.8,4.8,19.9,23.16666667,24.04285714,35,31,49.33333333,41.28571429,3.633333333,3.857142857,5,6.2,24.16452539,45.8227583,0.317127129,1,1
15,9,2021,9/15/2021,5.015625,0,19.1,80,2.4,6.2,99,5.26,1.14,0.212,258,-0.960149874,-0.279485635,-1,-1.84E-16,2.211139634,0.442227927,3.82,1.061347024,5.76,15.1,0.1,4.8,19.9,24.4,24.14285714,35,32,45.33333333,44.42857143,2.5,3.2,3,5,24.08516777,49.41137915,0.095138139,2,2
16,9,2021,9/16/2021,0.20833333,0,21.1,61,6.8,8.4,67,11.19,2.14,0.267,259,-0.964806136,-0.262962203,-1,-1.84E-16,2.502322755,0.975905875,8.229,6.636159948,46.24,13.3,6.2,11,26.1,22.7,23.48571429,48,32,60.33333333,51.28571429,2.333333333,2.971428571,3,5,22.58961744,64.70568958,4.368541442,0,0
17,9,2021,9/17/2021,1.2167969,0,21,45,2,0.6,11,20.31,3.55,0.248,260,-0.969178065,-0.246361274,-1,-1.84E-16,2.487005397,1.367852968,11.55,2.735705937,4,10,14.6,19.4,34.5,21.36666667,22.74285714,53,35,64.66666667,55.42857143,3.6,3.528571429,6.8,6.8,22.14273221,62.85284479,7.190562432,0,0
18,9,2021,9/18/2021,8.463542,0,25.9,30,4.3,0,22,19.6,3.75,0.234,261,-0.973264374,-0.229687742,-1,-1.84E-16,3.341620215,2.339134151,18.13,10.05827685,18.49,11.9,15.2,20,35.1,20.4,22.08571429,45,35,62,55.28571429,3.733333333,3.385714286,6.8,6.8,21.79991255,53.92642239,2.57716873,0,0
19,9,2021,9/19/2021,1.7740885,0,24.4,59,9.8,2.2,50,15.53,2.89,0.255,262,-0.977063856,-0.21294652,-1,-1.84E-16,3.056312653,1.253088188,10.004,12.28026424,96.04,16.2,9,15.3,34.9,22.66666667,22.9,30,30,45.33333333,50.28571429,4.366666667,3.285714286,6.8,6.8,23.02993878,41.9632112,0.773150619,1,1
20,9,2021,9/20/2021,2.7623699,0,25.5,54,1.8,4,32,17.86,3.43,0.293,263,-0.980575394,-0.196142541,-1,-1.84E-16,3.263356619,1.501144045,11.73,2.702059281,3.24,16.3,2.8,17.4,29.9,23.76666667,22.92857143,30,30,44.66666667,53.71428571,5.366666667,4.271428571,9.8,9.8,23.44095715,50.4816056,1.771945186,0,0
21,9,2021,9/21/2021,0.9121094,0,21.3,84,7.9,2.6,78,8.96,1.7,0.293,264,-0.983797952,-0.179280759,-1,-1.84E-16,2.533204981,0.405312797,3.408,3.201971096,62.41,18.1,6.2,21.4,33.3,25.26666667,22.98571429,30,30,47.66666667,54.57142857,5.3,4.1,9.8,9.8,24.05867,52.2408028,3.331583556,0,0
22,9,2021,9/22/2021,0.004557293,0,15.3,76,3.3,18.5,94,6.38,1.19,0.316,265,-0.986730579,-0.162366141,-1,-1.84E-16,1.738563895,0.417255335,3.672,1.376942605,10.89,10.5,8.8,24,35.9,23.73333333,22.61428571,54,30,65.66666667,59,6.5,5,9.8,9.8,23.231069,68.1204014,2.819475067,0,0
23,9,2021,9/23/2021,0.001302085,0,13.1,82,5.4,6.8,92,5.52,0.98,0.353,266,-0.989372413,-0.145403674,-1,-1.84E-16,1.507596545,0.271367378,2.358,1.465383842,29.16,9.5,25.1,36.3,54.4,20.7,22.07142857,54,30,71.33333333,58.42857143,4.333333333,5.128571429,7.9,9.8,20.8517483,72.0602007,13.79584252,0,0
24,9,2021,9/24/2021,0.021484377,0,15.4,61,4.7,5.8,60,10.53,1.72,0.341,267,-0.991722674,-0.128398355,-1,-1.84E-16,1.749761807,0.682407105,6.006,3.207313392,22.09,7.6,27.9,34.7,61.2,16.56666667,20.92857143,76,30,80.66666667,61.42857143,5.533333333,4.928571429,7.9,9.8,18.52622381,77.03010035,8.898752756,0,0
25,9,2021,9/25/2021,0.25325522,0,17.9,66,10.1,0.1,55,8.9,1.62,0.316,268,-0.99378067,-0.111355197,-1,-1.84E-16,2.051047219,0.697356054,6.086,7.04329615,102.01,11.1,31.1,39.9,67,14.6,20.12857143,61,30,73,63.71428571,4.466666667,5.314285714,5.4,9.8,17.58835667,69.01505017,6.729625827,0,0
26,9,2021,9/26/2021,0.78841144,0,19.3,55,2.1,0.3,24,18.3,3.09,0.303,269,-0.995545794,-0.094279222,-1,-1.84E-16,2.238858125,1.007486156,8.685,2.115720928,4.41,10.3,12.7,40,67.1,15.46666667,18.98571429,61,54,69.66666667,68.85714286,6.733333333,6.142857143,10.1,10.1,17.68184967,67.50752509,2.088887748,0,0
27,9,2021,9/27/2021,2.0084636,0,21.4,51,0.4,0,8,18.76,3.23,0.284,270,-0.997017526,-0.077175462,-1,-1.84E-16,2.548770598,1.248897593,10.486,0.499559037,0.16,11.6,6.2,38.1,67.4,17.53333333,18.25714286,55,54,60.66666667,68.28571429,5.633333333,5.042857143,10.1,10.1,18.16729477,61.25376254,0.836666324,0,0
28,9,2021,9/28/2021,2.686198,0,19.4,57,3.2,0,32,16.36,2.8,0.267,271,-0.998195433,-0.060048959,-1,-1.84E-16,2.252831002,0.968717331,8.342,3.099895459,10.24,10.8,0.4,34.1,67.4,19.53333333,17.67142857,51,51,57.33333333,67.85714286,4.2,4.842857143,10.1,10.1,19.13710634,56.12688127,0.250999897,1,1
29,9,2021,9/29/2021,2.5631511,0,19.2,58,4.8,0,71,11.18,2,0.26,272,-0.999079167,-0.042904758,-1,-1.84E-16,2.224961118,0.93448367,8.064,4.485521615,23.04,10.8,0.3,31.5,67.4,20.03333333,17.4,51,51,54.33333333,64,1.9,4.171428571,3.2,10.1,19.21597444,56.56344064,0.075299969,2,2
30,9,2021,9/30/2021,3.625,0,17.7,51,1.9,0.4,33,13.69,2.24,0.268,273,-0.999668468,-0.025747914,-1,-1.84E-16,2.02537622,0.992434348,8.673,1.885625261,3.61,7.9,0,13,67.4,20,17.95714286,51,51,55.33333333,61.42857143,2.8,4.385714286,4.8,10.1,19.21118211,57.28172032,0.022589991,3,3
1,10,2021,10/1/2021,3.1510417,0,16.5,60,2.3,0.1,79,7.15,1.33,0.271,274,-0.999963161,-0.008583481,-0.866025404,0.5,1.877175834,0.750870334,6.6,1.727001767,5.29,8.5,0.4,6.6,67.8,18.76666667,18.61428571,51,51,55.33333333,57,3.3,3.885714286,4.8,10.1,18.75782747,54.14086016,0.286776997,0,0
2,10,2021,10/2/2021,4.6640625,0,17.1,52,1.8,0.2,39,15.99,2.59,0.265,275,-0.999963161,0.008583481,-0.866025404,0.5,1.950043263,0.936020766,8.208,1.684837379,3.24,7.5,0.5,0.9,66.9,17.8,18.77142857,51,51,56.33333333,56.85714286,3,3.542857143,4.8,10.1,18.08047923,57.07043008,0.156033099,0,0
3,10,2021,10/3/2021,4.4075522,0,17.8,60,4.4,0.5,73,10.96,1.81,0.273,276,-0.999668468,0.025747914,-0.866025404,0.5,2.038176335,0.815270534,7.12,3.58719035,19.36,9.8,0.7,1,65.3,17.1,18.65714286,51,51,54.33333333,54.85714286,2,2.357142857,2.3,4.8,17.78633546,54.53521504,0.18680993,0,0
4,10,2021,10/4/2021,2.28125,0,16.8,61,2.1,1,83,9.13,1.58,0.266,277,-0.999079167,0.042904758,-0.866025404,0.5,1.913305695,0.746189221,6.552,1.566997364,4.41,9,0.8,1.2,62.2,17.13333333,18.44285714,52,51,57.33333333,55.57142857,2.833333333,2.685714286,4.4,4.8,17.79043482,57.26760752,0.406042979,0,0
5,10,2021,10/5/2021,1.0247396,0,16.6,68,6.1,0.8,55,12.32,1.96,0.266,278,-0.998195433,0.060048959,-0.866025404,0.5,1.889152128,0.604528681,5.312,3.687624953,37.21,10.2,1.7,2.2,62.5,17.23333333,17.78571429,52,51,57.66666667,57,2.766666667,2.928571429,4.4,4.8,17.49330438,59.13380376,0.821812894,0,0
6,10,2021,10/6/2021,0.5253906,0,14.7,66,2.8,0.8,70,8.38,1.45,0.268,279,-0.997017526,0.077175462,-0.866025404,0.5,1.672686407,0.568713378,4.998,1.59239746,7.84,7.9,2.3,3,63.3,17.06666667,17.38571429,60,51,63,58.57142857,4.2,3.342857143,6.1,6.1,17.22531306,63.56690188,0.806543868,0,0
7,10,2021,10/7/2021,1.4641927,0,18.3,53,3.7,0,34,15.57,2.57,0.259,280,-0.995545794,0.094279222,-0.866025404,0.5,2.103245085,0.98852519,8.601,3.657543203,13.69,8.9,2.6,3.8,64.1,16.03333333,16.74285714,61,51,65,59.71428571,3.666666667,3.057142857,6.1,6.1,16.46771914,64.78345094,0.80196316,0,0
8,10,2021,10/8/2021,3.5026042,0,18.3,52,3.6,0,82,15.66,2.6,0.254,281,-0.99378067,0.111355197,-0.866025404,0.5,2.103245085,1.009557641,8.784,3.634407507,12.96,8.7,1.6,3.4,64.1,16.53333333,16.82857143,53,52,62.33333333,60,4.2,3.314285714,6.1,6.1,17.0174034,58.89172547,0.240588948,1,1
9,10,2021,10/9/2021,5.729818,0,20,41,2.2,0,37,14.58,2.56,0.247,282,-0.991722674,0.128398355,-0.866025404,0.5,2.338281271,1.37958595,11.8,3.03508909,4.84,8.2,0.8,3.3,64.1,17.1,17.08571429,52,52,57,58.85714286,3.366666667,3.5,3.7,6.1,17.40218238,55.44586273,0.072176684,2,2
10,10,2021,10/10/2021,5.9472656,0,19.8,65,1.8,0,59,13.92,2.47,0.245,283,-0.989372413,0.145403674,-0.866025404,0.5,2.309488249,0.808320887,6.93,1.454977597,3.24,12.8,0,3.1,64.1,18.86666667,17.5,41,41,48.66666667,57.28571429,3.166666667,3.557142857,3.7,6.1,18.18152767,48.22293137,0.021653005,3,3
11,10,2021,10/11/2021,6.3606772,0,21.2,68,0.8,0.2,57,14.26,2.56,0.24,284,-0.986730579,0.162366141,-0.866025404,0.5,2.517722492,0.805671197,6.784,0.644536958,0.64,14.8,0,2.6,64.1,19.36666667,17.78571429,41,41,52.66666667,58,2.533333333,3.185714286,3.6,6.1,18.66706937,56.61146568,0.006495902,4,4
12,10,2021,10/12/2021,10.67513,0,23.8,46,8,0,33,14.16,2.85,0.219,285,-0.983797952,0.179280759,-0.866025404,0.5,2.948284305,1.592073525,12.852,12.7365882,64,13,0.2,1.8,59.6,20.33333333,18.41428571,41,41,58,59,1.6,3,2.2,6.1,19.42694856,62.30573284,0.14194877,0,0
13,10,2021,10/13/2021,5.453776,0,21.5,35,13.3,0.8,60,10.59,1.99,0.194,286,-0.980575394,0.196142541,-0.866025404,0.5,2.564419721,1.666872818,13.975,22.16940849,176.89,8.5,0.2,1,59.5,21.6,19.44285714,46,41,59.66666667,55.85714286,3.533333333,3.271428571,8,8,20.73886399,54.15286642,0.042584631,1,1
14,10,2021,10/14/2021,3.438802,0,17.2,63,3.6,0.2,63,13.05,2.22,0.196,287,-0.977063856,0.21294652,-0.866025404,0.5,1.962425658,0.726097493,6.364,2.613950976,12.96,9.8,1,1,60.3,22.16666667,20.41428571,35,35,49.66666667,51.42857143,7.366666667,4.771428571,13.3,13.3,20.96720479,44.57643321,0.572775389,0,0
15,10,2021,10/15/2021,5.951172,0,21,47,6.5,0,35,14.7,2.64,0.194,288,-0.973264374,0.229687742,-0.866025404,0.5,2.487005397,1.318112861,11.13,8.567733594,42.25,10.4,1,1.2,60.5,20.83333333,20.25714286,35,35,48,52.85714286,8.3,4.757142857,13.3,13.3,19.83704335,53.78821661,0.311832617,0,0
16,10,2021,10/16/2021,8.301433,0,20.2,58,4.9,0.5,54,10.84,1.97,0.201,289,-0.969178065,0.246361274,-0.866025404,0.5,2.367387698,0.994302833,8.484,4.872083881,24.01,11.8,1,1.2,54.3,19.9,20.64285714,35,35,48.33333333,52.14285714,7.8,5.171428571,13.3,13.3,20.18593035,50.3941083,0.093549785,1,1
17,10,2021,10/17/2021,0.10091146,0,16.6,74,1.8,1.5,86,5.03,0.96,0.265,290,-0.964806136,0.262962203,-0.866025404,0.5,1.889152128,0.491179553,4.316,0.884123196,3.24,11.4,0.7,1.7,46.4,19.46666667,20.67142857,47,35,56,54.57142857,5,5.557142857,6.5,13.3,20.19015124,54.19705415,0.378064936,0,0
18,10,2021,10/18/2021,1.76E-09,0,16.6,73,5.6,11.6,91,6.18,1.07,0.348,291,-0.960149874,0.279485635,-0.866025404,0.5,1.889152128,0.510071074,4.482,2.856398017,31.36,11.2,2,3.2,47.3,19.26666667,20.21428571,47,35,59.66666667,55.85714286,4.4,5.557142857,6.5,13.3,19.11310587,64.09852708,1.163419481,0,0
19,10,2021,10/19/2021,0.007812501,0,14.7,70,1.5,4.7,69,8.88,1.5,0.325,292,-0.955210651,0.295926701,-0.866025404,0.5,1.672686407,0.501805922,4.41,0.752708883,2.25,8.7,13.6,14.6,58.9,17.8,19.55714286,58,35,68.33333333,56.57142857,4.1,6.242857143,5.6,13.3,18.35917411,68.54926354,8.469025844,0,0
20,10,2021,10/20/2021,0.23307292,0,14.1,59,4,0.2,33,10.85,1.67,0.307,293,-0.949989923,0.312280557,-0.866025404,0.5,1.609008439,0.65969346,5.781,2.63877384,16,5.9,17.8,19.3,61.4,15.96666667,18.25714286,70,35,72.33333333,60,2.966666667,5.314285714,5.6,13.3,17.26142188,69.27463177,5.830707753,0,0
21,10,2021,10/21/2021,0.81119794,0,15.8,50,8,0,0,14.91,2.3,0.286,294,-0.944489229,0.328542382,-0.866025404,0.5,1.795188282,0.897594141,7.9,7.180753127,64,5.8,16.5,18.7,57.6,15.13333333,17.2,59,47,67.33333333,63.42857143,3.7,3.985714286,5.6,6.5,16.31299531,64.13731588,1.889212326,0,0
22,10,2021,10/22/2021,3.4466145,0,16.9,45,5.6,0,12,14.65,2.38,0.278,295,-0.938710189,0.344707384,-0.866025404,0.5,1.925483602,1.059015981,9.295,5.930489496,31.36,5.9,4.9,18.5,55,14.86666667,17,50,47,59.66666667,61.57142857,4.5,4.614285714,8,8,16.15909672,57.06865794,0.566763698,1,1
23,10,2021,10/23/2021,5.408203,0,16.9,51,4.9,0,7,14.32,2.31,0.269,296,-0.932654508,0.360770799,-0.866025404,0.5,1.925483602,0.943486965,8.281,4.62308613,24.01,7.1,0.2,18.5,36.5,15.6,16.41428571,45,45,51.33333333,61.28571429,5.866666667,4.485714286,8,8,16.3813677,51.03432897,0.170029109,2,2
24,10,2021,10/24/2021,3.9342449,0,18.2,60,3.7,0,66,8.17,1.37,0.275,297,-0.926323968,0.376727894,-0.866025404,0.5,2.090087801,0.83603512,7.28,3.093329946,13.69,10.2,0,18,29.7,16.53333333,15.94285714,45,45,48.66666667,60.28571429,6.166666667,4.485714286,8,8,16.53695739,51.01716449,0.051008733,3,3
25,10,2021,10/25/2021,0.08658854,0,11.6,55,4.1,4.2,33,12,1.66,0.298,298,-0.919720437,0.392573965,-0.866025404,0.5,1.365995846,0.614698131,5.22,2.520262335,16.81,2.6,0,16.5,23.9,17.33333333,16.17142857,45,45,52,58.28571429,4.733333333,4.757142857,5.6,8,17.03587017,55.50858224,0.01530262,4,4
26,10,2021,10/26/2021,0.5032552,0,12,55,6.6,0,1,14.09,1.89,0.285,299,-0.91284586,0.408304342,-0.866025404,0.5,1.402563873,0.631153743,5.4,4.165614703,43.56,3,4.2,9.1,28,15.56666667,15.45714286,51,45,55.33333333,55.71428571,4.233333333,4.542857143,4.9,8,15.40510912,55.25429112,2.944590786,0,0
27,10,2021,10/27/2021,1.4622396,0,12,59,1,0,0,13.72,1.98,0.275,300,-0.905702263,0.423914391,-0.866025404,0.5,1.402563873,0.575051188,4.92,0.575051188,1,3.8,4.2,4.4,27.7,13.93333333,15.07142857,55,45,56.66666667,53.57142857,4.8,5.271428571,6.6,8,14.38357639,55.12714556,0.883377236,1,1
28,10,2021,10/28/2021,2.5182292,0,11.6,74,1.9,0,58,11.2,1.65,0.271,301,-0.898291752,0.43939951,-0.866025404,0.5,1.365995846,0.35515892,3.016,0.674801948,3.61,6.4,4.2,4.2,27.7,11.86666667,14.77142857,55,45,56.33333333,53.57142857,3.9,4.842857143,6.6,8,13.66850347,57.06357278,0.265013171,2,2
29,10,2021,10/29/2021,3.6692708,0,14.7,61,4.6,0.2,45,10.64,1.65,0.264,302,-0.890616509,0.454755136,-0.866025404,0.5,1.672686407,0.652347699,5.733,3.000799414,21.16,6.9,0,4.2,27.7,11.86666667,14.17142857,55,45,62.66666667,57,3.166666667,3.971428571,6.6,6.6,13.04795243,65.53178639,0.079503951,3,3
30,10,2021,10/30/2021,4.3782554,0,13,62,6.2,0,0,13.21,1.84,0.252,303,-0.882678798,0.469976743,-0.866025404,0.5,1.497770903,0.569152943,4.94,3.528748247,38.44,5.4,0.2,4.4,27.9,12.76666667,13.85714286,59,51,64.66666667,59.28571429,2.5,3.828571429,4.6,6.6,13.5435667,63.2658932,0.163851185,0,0
31,10,2021,10/31/2021,5.5859375,0,14.4,53,6.5,0,28,12.01,1.78,0.247,304,-0.874480958,0.485059846,-0.866025404,0.5,1.640576439,0.771070926,6.768,5.011961022,42.25,5,0.2,4.4,27.5,13.1,13.3,61,55,65.66666667,60.85714286,4.233333333,4.014285714,6.2,6.6,13.38049669,62.6329466,0.049155356,1,1
1,5,2022,5/1/2022,0.005208335,0,14.5,75,2.6,5.5,88,6.1,1.24,0.289,121,0.874480958,-0.485059846,0.5,-0.866025404,1.651219156,0.412804789,3.625,1.073292451,6.76,9.5,0.2,4.4,27.4,14.03333333,12.75714286,53,53,58.66666667,59.85714286,5.766666667,4.414285714,6.5,6.6,13.68634768,57.8164733,0.014746607,2,2
2,5,2022,5/2/2022,0.53515625,0,18.6,48,9.1,0,37,25.41,4.17,0.286,122,0.866025404,-0.5,0.5,-0.866025404,2.143152914,1.114439516,9.672,10.14139959,82.81,8.2,5.5,5.7,32.7,13.96666667,13.17142857,53,53,63.33333333,62.71428571,5.1,4.2,6.5,6.6,13.93044338,66.40823665,3.854423982,0,0
3,5,2022,5/3/2022,0.50911456,0,16.4,68,2.7,0.7,92,13.06,2.29,0.299,123,0.857314628,-0.514792802,0.5,-0.866025404,1.865266113,0.596885156,5.248,1.611589921,7.29,10,5.5,5.7,32.2,15.83333333,14.11428571,48,48,58.66666667,61.71428571,6.066666667,4.557142857,9.1,9.1,15.33131036,57.20411832,1.156327195,1,1
4,5,2022,5/4/2022,0.0234375,0,13.4,73,5,6.1,96,9.64,1.64,0.329,124,0.848351198,-0.529433891,0.5,-0.866025404,1.537413793,0.415101724,3.618,2.075508621,25,8,6.2,6.4,31.9,16.5,14.74285714,48,48,63.66666667,63,4.8,4.8,9.1,9.1,15.65191726,62.60205916,0.836898158,0,0
5,5,2022,5/5/2022,0.12434896,0,14.8,60,8.4,2.3,79,13.92,2.16,0.338,125,0.839137755,-0.543918954,0.5,-0.866025404,1.683511528,0.673404611,5.92,5.656598734,70.56,6.8,6.8,12.5,37.2,16.13333333,15,48,48,63,62.85714286,5.6,5.242857143,9.1,9.1,14.97634208,67.80102958,4.521069448,0,0
6,5,2022,5/6/2022,0.002604169,0,13.5,69,8.4,3.9,99,9.78,1.64,0.347,126,0.829677014,-0.558243722,0.5,-0.866025404,1.547467243,0.479714845,4.185,4.0296047,70.56,7.3,9.1,14.6,38.7,14.86666667,15.01428571,60,48,67,62.71428571,5.366666667,5.785714286,8.4,9.1,14.92343946,63.90051479,2.966320834,0,0
7,5,2022,5/7/2022,0.043619793,0,13,69,5,2,93,9.38,1.65,0.324,127,0.819971763,-0.572403973,0.5,-0.866025404,1.497770903,0.46430898,4.03,2.321544899,25,6.8,12.3,18.5,42.6,13.9,15.08571429,60,48,67.33333333,63.71428571,7.266666667,6.1,8.4,9.1,14.49640762,66.4502574,3.61989625,0,0
8,5,2022,5/8/2022,0.35221353,0,16.9,51,4.8,0.7,45,24.43,3.98,0.302,128,0.810024863,-0.586395533,0.5,-0.866025404,1.925483602,0.943486965,8.281,4.528737433,23.04,7.1,8.2,20.5,44.6,13.76666667,14.88571429,60,48,66,66,7.266666667,5.885714286,8.4,9.1,14.04748533,67.7251287,2.485968875,0,0
9,5,2022,5/9/2022,1.0299479,0,19.4,47,2,0,11,26.41,4.36,0.283,129,0.799839245,-0.600214281,0.5,-0.866025404,2.252831002,1.194000431,10.282,2.388000862,4,8.8,6.6,15.7,45.3,14.46666667,15.22857143,51,48,63,62.57142857,6.066666667,6.2,8.4,9.1,14.90323973,59.36256435,1.235790663,0,0
10,5,2022,5/10/2022,3.0664062,0,18.9,41,3.1,0,23,27.07,4.49,0.272,130,0.78941791,-0.613856142,0.5,-0.866025404,2.183721841,1.288395886,11.151,3.994027248,9.61,7.1,2.7,15.7,45.3,16.43333333,15.34285714,47,47,55.66666667,62.42857143,3.933333333,5.185714286,5,8.4,16.25226781,53.18128217,0.370737199,1,1
11,5,2022,5/11/2022,5.453776,0,20.7,40,4.3,0.1,39,27.81,4.7,0.246,131,0.778763931,-0.627317097,0.5,-0.866025404,2.441543871,1.464926323,12.42,6.299183188,18.49,8.7,0.7,15,45.1,18.4,15.7,41,41,46.33333333,58.57142857,3.3,5.242857143,4.8,8.4,17.04658747,47.09064109,0.11122116,2,2
12,5,2022,5/12/2022,6.5078125,0,19.7,38,5.1,0,34,24.83,4.3,0.24,132,0.767880446,-0.640593179,0.5,-0.866025404,2.295208371,1.42302919,12.214,7.257448869,26.01,7.3,0.1,9,45.2,19.66666667,16.74285714,40,40,42.66666667,53.85714286,3.133333333,5.142857143,4.3,8.4,18.14261123,43.54532054,0.103366348,0,0
13,5,2022,5/13/2022,8.691406,0,23.8,37,4.8,0,10,28.88,5.33,0.231,133,0.756770663,-0.653680475,0.5,-0.866025404,2.948284305,1.857419112,14.994,8.915611738,23.04,11.2,0.1,6.7,44.4,19.76666667,17.44285714,38,38,39.66666667,50.71428571,4.166666667,4.671428571,5.1,8.4,18.60982786,40.77266027,0.031009904,1,1
14,5,2022,5/14/2022,12.285156,0,24.3,33,7.2,0,38,25.69,4.87,0.222,134,0.745437857,-0.666575128,0.5,-0.866025404,3.038071715,2.035508049,16.281,14.65565795,51.84,10.9,0.1,2.8,44.2,21.4,18.91428571,37,37,38.33333333,46.14285714,4.733333333,4.157142857,5.1,5.1,20.1668795,38.88633014,0.009302971,2,2
15,5,2022,5/15/2022,12.796224,0,25.3,35,1.3,0.1,18,25.75,4.73,0.217,135,0.733885366,-0.679273339,0.5,-0.866025404,3.224827591,2.096137934,16.445,2.724979314,1.69,12.3,0,0.8,44.2,22.6,20.52857143,33,33,36,41,5.7,4.471428571,7.2,7.2,21.40681565,35.94316507,0.002790891,3,3
16,5,2022,5/16/2022,11.6432295,0,23.4,38,4.3,2.3,63,20.62,4.01,0.213,136,0.722116597,-0.691771365,0.5,-0.866025404,2.878130285,1.784440777,14.508,7.673095339,18.49,11,0.1,0.2,43.8,24.46666667,21.72857143,33,33,35,38.71428571,4.433333333,3.971428571,7.2,7.2,22.57477096,35.47158253,0.070837267,0,0
17,5,2022,5/17/2022,12.697917,0,23.8,36,2.3,0,15,27.14,4.95,0.208,137,0.710135016,-0.704065522,0.5,-0.866025404,2.948284305,1.886901955,15.232,4.339874497,5.29,11,2.4,2.5,44.6,24.33333333,22.3,33,33,35.33333333,37.42857143,4.266666667,4.3,7.2,7.2,22.82233967,36.73579127,1.63125118,0,0
18,5,2022,5/18/2022,19.778646,0,27,30,10.7,0,32,26.91,5.08,0.202,138,0.697944155,-0.716152188,0.5,-0.866025404,3.565340176,2.495738123,18.9,26.70439792,114.49,13,2.4,2.5,33,24.16666667,23,35,33,36.33333333,36.71428571,2.633333333,4.185714286,4.3,7.2,23.11563777,36.36789563,0.489375354,1,1
19,5,2022,5/19/2022,0.43229166,0,15.2,47,9.6,1.1,95,17.91,2.83,0.199,139,0.685547606,-0.728027801,0.5,-0.866025404,1.727428862,0.915537297,8.056,8.789158052,92.16,4.6,2.3,2.4,28.3,24.73333333,23.9,30,30,34.66666667,35.28571429,5.766666667,5.1,10.7,10.7,24.28094644,33.18394782,0.146812606,2,2
20,5,2022,5/20/2022,0.796875,0,18.2,40,7.1,0.6,42,26.6,4.51,0.197,140,0.672949024,-0.739688861,0.5,-0.866025404,2.090087801,1.254052681,10.92,8.903774033,50.41,6.2,1.1,3.5,29.2,22,23.25714286,30,30,37.66666667,36.57142857,7.533333333,5.742857143,10.7,10.7,21.55666251,40.09197391,0.814043782,0,0
21,5,2022,5/21/2022,4.2825522,0,24.3,37,5.1,0,0,29.67,5.43,0.19,141,0.660152121,-0.751131931,0.5,-0.866025404,3.038071715,1.913985181,15.309,9.761324421,26.01,11.7,1.7,4.1,29.8,20.13333333,22.45714286,30,30,39,37,9.133333333,6.071428571,10.7,10.7,20.54966375,40.04598695,0.664213135,0,0
22,5,2022,5/22/2022,11.328125,0,27.4,33,5.8,0,11,29.09,5.63,0.183,142,0.647160667,-0.762353639,0.5,-0.866025404,3.64986766,2.445411332,18.358,14.18338573,33.64,14,1.7,4.1,29.8,19.23333333,22.45714286,37,30,41.33333333,37.57142857,7.266666667,5.771428571,9.6,10.7,21.67476463,38.52299348,0.19926394,1,1
23,5,2022,5/23/2022,4.6184897,0,20.5,55,2.3,2.6,86,15.29,2.68,0.199,143,0.633978493,-0.773350678,0.5,-0.866025404,2.41164128,1.085238576,9.225,2.496048725,5.29,11.5,0.6,4,29.8,23.3,22.75714286,33,30,36.66666667,37.28571429,6,6.414285714,7.1,10.7,23.39233524,35.76149674,0.059779182,2,2
24,5,2022,5/24/2022,0.48697916,0,19.8,42,9,5.2,42,25.69,4.26,0.232,144,0.620609482,-0.784119807,0.5,-0.866025404,2.309488249,1.339503185,11.484,12.05552866,81,8.2,2.6,4.3,32.4,24.06666667,22.34285714,33,30,41.66666667,39.71428571,4.4,6.128571429,5.8,10.7,22.52463467,45.38074837,1.837933755,0,0
25,5,2022,5/25/2022,3.1692708,0,23.1,37,4.1,0,31,24.57,4.62,0.226,145,0.607057574,-0.794657852,0.5,-0.866025404,2.826475201,1.780679377,14.553,7.300785445,16.81,10.5,7.8,9.5,33.4,22.56666667,21.77142857,33,30,43.33333333,40.57142857,5.7,7.085714286,9,10.7,21.70724427,43.69037418,4.191380126,0,0
26,5,2022,5/26/2022,8.019531,0,27.5,41,5.8,0,12,29.04,5.69,0.207,146,0.593326764,-0.804961708,0.5,-0.866025404,3.671270209,2.166049423,16.225,12.56308666,33.64,15.7,7.8,9.5,33.4,21.13333333,21.21428571,37,33,44.66666667,41.57142857,5.133333333,6.142857143,9,9.6,22.12507099,40.34518709,1.257414038,1,1
27,5,2022,5/27/2022,5.910807,0,26.1,44,3.9,0.4,12,26.73,5.15,0.196,147,0.579421098,-0.815028338,0.5,-0.866025404,3.381361812,1.893562615,14.616,7.384894197,15.21,14.9,5.2,8.4,33.4,23.46666667,22.97142857,37,33,40,40.71428571,6.3,5.6,9,9,23.73754969,40.67259355,0.377224211,2,2
28,5,2022,5/28/2022,10.080078,0,27.6,33,2.6,0,10,28.83,5.59,0.185,148,0.565344674,-0.824854775,0.5,-0.866025404,3.69278196,2.474163913,18.492,6.432826175,6.76,14.2,0.4,8.2,33.8,25.56666667,24.1,37,33,40.66666667,41.28571429,4.6,5.142857143,5.8,9,24.44628478,42.33629677,0.393167263,0,0
29,5,2022,5/29/2022,14.011067,0,30.4,32,1.5,0,44,27.24,5.69,0.177,149,0.55110164,-0.834438124,0.5,-0.866025404,4.341390638,2.952145634,20.672,4.42821845,2.25,16.8,0.4,8.2,33.6,27.06666667,24.57142857,33,33,39.33333333,40.71428571,4.1,4.785714286,5.8,9,25.39239935,37.66814839,0.117950179,1,1
30,5,2022,5/30/2022,19.427734,0,34,23,10,0.4,30,26.02,5.7,0.184,150,0.536696194,-0.84377556,0.5,-0.866025404,5.31926021,4.095830362,26.18,40.95830362,100,18.6,0.4,8.2,33.6,28.03333333,25,32,32,36.33333333,40.57142857,2.666666667,4.171428571,3.9,9,26.89467954,34.83407419,0.035385054,2,2
31,5,2022,5/31/2022,10.556641,0,29.5,36,4.8,1.4,33,26.32,5.2,0.186,151,0.522132581,-0.852864331,0.5,-0.866025404,4.122885469,2.6386467,18.88,12.66550416,23.04,16.7,0.4,6,34,30.66666667,26.92857143,23,23,29.33333333,36,4.7,5.271428571,10,10,29.02627568,28.9170371,0.290615516,0,0
1,6,2022,6/1/2022,12.147786,0,29,43,2.3,0,42,24.11,4.74,0.178,152,0.507415093,-0.86170176,1.22E-16,-1,4.0056776,2.283236232,16.53,5.251443334,5.29,17.6,1.8,2.2,29.9,31.3,28.31428571,23,23,30.33333333,35.14285714,5.433333333,4.671428571,10,10,29.16839298,32.45851855,1.067184655,0,0
2,6,2022,6/2/2022,14.208984,0,30,36,2.5,1.4,72,27.6,5.56,0.169,153,0.492548068,-0.870285241,1.22E-16,-1,4.243065059,2.715561638,19.2,6.788904094,6.25,17.2,1.8,2.2,29.9,30.83333333,29.15714286,23,23,34,36,5.7,4.414285714,10,10,29.11787508,37.72925927,0.320155396,1,1
3,6,2022,6/3/2022,14.6953125,0,30.1,47,9.8,0,69,27.21,5.33,0.162,154,0.477535886,-0.878612245,1.22E-16,-1,4.267463105,2.261755445,15.953,22.16520336,96.04,19.5,2.8,3.6,30.6,29.5,29.51428571,36,23,38.33333333,35.28571429,3.2,3.942857143,4.8,10,29.38251256,36.86462964,1.076046619,0,0
4,6,2022,6/4/2022,15.320964,0,29.5,42,0.5,0,52,25.21,5.04,0.159,155,0.462382973,-0.886680318,1.22E-16,-1,4.122885469,2.391273572,17.11,1.195636786,0.25,17.9,1.4,3.2,24.5,29.7,30.08571429,36,23,42,35.71428571,4.866666667,4.785714286,9.8,10,29.59775879,41.93231482,0.322813986,1,1
5,6,2022,6/5/2022,15.489583,0,29.5,34,4.3,1.1,38,25.55,5.12,0.161,156,0.447093793,-0.894487082,1.22E-16,-1,4.122885469,2.72110441,19.47,11.70074896,18.49,16.3,1.4,3.2,22.2,29.86666667,30.35714286,36,23,41.66666667,37,4.266666667,4.485714286,9.8,10,29.56843115,41.96615741,0.096844196,2,2
6,6,2022,6/6/2022,13.769531,0,29.8,31,4.6,0,48,24.18,4.64,0.165,157,0.431672852,-0.902030237,1.22E-16,-1,4.194632611,2.894296502,20.562,13.31376391,21.16,16,1.1,4.3,19.4,29.7,30.22857143,34,23,41,37.28571429,4.866666667,4.885714286,9.8,10,29.54790181,37.9830787,0.799053259,0,0
7,6,2022,6/7/2022,4.2278647,0,24.4,53,5.5,1.7,70,19.25,3.61,0.199,158,0.416124696,-0.909307559,1.22E-16,-1,3.056312653,1.436466947,11.468,7.900568208,30.25,15,1.1,3.9,17.4,29.6,29.62857143,31,31,35.66666667,38.42857143,3.133333333,4.114285714,4.6,9.8,29.62353127,34.49153935,0.239715978,1,1
8,6,2022,6/8/2022,1.8763021,0,24.5,60,1.9,1.7,80,22.08,4.1,0.273,159,0.400453906,-0.916316904,1.22E-16,-1,3.074649051,1.22985962,9.8,2.336733279,3.61,16.5,2.8,4.2,18.4,27.9,28.9,31,31,39.33333333,40.85714286,4.8,4.214285714,5.5,9.8,28.05647189,43.74576968,1.261914793,0,0
9,6,2022,6/9/2022,3.8938801,0,25,49,8.9,4.8,58,26.05,4.84,0.286,160,0.3846651,-0.923056207,1.22E-16,-1,3.167777718,1.615566636,12.75,14.37854306,79.21,14.8,3.4,5.9,20.1,26.23333333,28.25714286,31,31,48,43.28571429,4,4.157142857,5.5,9.8,26.98953032,51.87288484,1.568574438,0,0
10,6,2022,6/10/2022,8.090495,0,26.7,50,12.2,2.4,52,24.96,4.74,0.27,161,0.368762931,-0.92952348,1.22E-16,-1,3.503068485,1.751534242,13.35,21.36871776,148.84,16.7,8.2,9.3,24.9,24.63333333,27.54285714,49,31,54,45.14285714,5.433333333,5.071428571,8.9,9.8,26.39267122,50.43644242,3.830572331,0,0
11,6,2022,6/11/2022,3.5735676,0,23.1,69,7.4,5.2,80,16.75,3.31,0.296,162,0.352752087,-0.935716819,1.22E-16,-1,2.826475201,0.876207312,7.161,6.483934111,54.76,16.9,8.9,11.7,27.2,25.4,27.05714286,49,31,53,45.57142857,7.666666667,5.414285714,12.2,12.2,26.48486986,50.21822121,2.829171699,0,0
12,6,2022,6/12/2022,0.2141927,0,25.3,58,1.8,5.1,94,17.49,3.26,0.319,163,0.336637284,-0.941634398,1.22E-16,-1,3.224827591,1.354427588,10.626,2.437969659,3.24,16.9,12.4,16.9,32.4,24.93333333,26.14285714,49,31,56,49.42857143,9.5,6.4,12.2,12.2,25.4694089,59.6091106,4.48875151,0,0
13,6,2022,6/13/2022,0.14713542,0,24.5,63,8.2,6.5,73,19.9,3.7,0.339,164,0.320423273,-0.947274472,1.22E-16,-1,3.074649051,1.137620149,9.065,9.32848522,67.24,17.1,12.7,20.9,37.5,25.03333333,25.54285714,50,31,59,52.85714286,7.133333333,6.042857143,12.2,12.2,25.41858623,58.8045553,4.916625453,0,0
14,6,2022,6/14/2022,0.7083333,0,26.2,53,3.7,2.5,63,24.31,4.65,0.303,165,0.304114832,-0.952635381,1.22E-16,-1,3.40138661,1.598651706,12.314,5.915011314,13.69,16.8,16.8,27.4,44,24.3,24.78571429,58,49,63.33333333,57.42857143,5.8,6.557142857,8.2,12.2,25.14301036,60.90227765,6.024987636,0,0
15,6,2022,6/15/2022,1.7167969,0,26.4,52,9.2,2.6,37,25.43,4.73,0.302,166,0.287716767,-0.957715543,1.22E-16,-1,3.441746435,1.652038289,12.672,15.19875225,84.64,16.8,14.1,28.2,46.4,25.33333333,25.04285714,53,49,58,57.42857143,4.566666667,6.3,8.2,12.2,25.46010725,56.95113883,3.557496291,0,0
16,6,2022,6/16/2022,2.1139324,0,24.8,49,2.2,3.4,73,23.9,4.52,0.308,167,0.271233911,-0.962513463,1.22E-16,-1,3.130235219,1.596419962,12.648,3.512123916,4.84,14.6,11.6,29.1,46.7,25.7,25.31428571,52,49,56,56.28571429,7.033333333,7.342857143,9.2,12.2,25.74207508,54.47556941,2.887248887,0,0
17,6,2022,6/17/2022,4.328776,0,24.1,60,0.8,0,55,21.24,3.92,0.293,168,0.25467112,-0.967027725,1.22E-16,-1,3.001874544,1.200749818,9.64,0.960599854,0.64,16.1,8.5,27.7,50.1,25.8,25.28571429,49,49,51.33333333,56.28571429,5.033333333,6.385714286,9.2,12.2,25.45945255,51.73778471,3.246174666,0,0
18,6,2022,6/18/2022,4.189453,0,25.8,48,3.4,1,60,26.15,5.04,0.305,169,0.238033277,-0.971256999,1.22E-16,-1,3.321902528,1.727389315,13.416,5.87312367,11.56,15.4,6,25.3,50.1,25.1,24.91428571,49,49,53.66666667,57.71428571,4.066666667,4.757142857,9.2,9.2,25.05161679,55.86889235,0.9738524,1,1
19,6,2022,6/19/2022,0.19270833,0,20.5,69,4.9,10.1,61,19.52,3.72,0.336,170,0.221325284,-0.97520004,1.22E-16,-1,2.41164128,0.747608797,6.355,3.663283105,24.01,14.3,4.4,21.1,50,24.9,25.3,48,48,52.33333333,54.71428571,2.133333333,4.185714286,3.4,9.2,25.27613175,51.93444618,0.99215572,0,0
20,6,2022,6/20/2022,1.6536459,0,27,54,5.4,0,47,27.87,5.44,0.312,171,0.204552066,-0.978855685,1.22E-16,-1,3.565340176,1.640056481,12.42,8.856304997,29.16,17.8,11.1,26.1,59.5,23.46666667,24.61428571,48,48,59,56.28571429,3.033333333,4.628571429,4.9,9.2,23.84329223,60.46722309,7.367646716,0,0
21,6,2022,6/21/2022,0.15234375,0,21.6,75,4.7,8,82,16.25,3,0.374,172,0.187718565,-0.982222857,1.22E-16,-1,2.580152726,0.645038182,5.4,3.031679453,22.09,16.6,11.1,19.6,59.5,24.43333333,24.97142857,48,48,57,55,4.566666667,4.228571429,5.4,9.2,24.79030456,57.23361154,2.210294015,1,1
22,6,2022,6/22/2022,0.8072917,0,26.3,61,12,4.8,36,22.48,4.07,0.35,173,0.170829743,-0.985300563,1.22E-16,-1,3.421514668,1.33439072,10.257,16.01268865,144,18.5,18.1,25.1,67.5,23.03333333,24.31428571,54,48,66,58.14285714,5,4.371428571,5.4,9.2,23.83321319,66.11680577,6.263088204,0,0
23,6,2022,6/23/2022,1.0533854,0,24.4,39,9.7,0.4,56,26.29,4.95,0.325,174,0.153890577,-0.988087896,1.22E-16,-1,3.056312653,1.864350718,14.884,18.08420197,94.09,12.2,12.8,27.3,69.7,24.96666667,24.3,54,48,63.33333333,59.42857143,7.366666667,4.771428571,12,12,24.57324923,63.55840289,5.238926461,0,0
24,6,2022,6/24/2022,0.34375,0,20.4,65,10.4,0.2,87,16.21,2.84,0.323,175,0.136906058,-0.990584035,1.22E-16,-1,2.39681041,0.838883644,7.14,8.724389894,108.16,13.4,13.2,24.3,64.9,24.1,24.24285714,39,39,58.33333333,58,8.8,5.842857143,12,12,24.52127446,51.27920144,1.851677938,0,0
25,6,2022,6/25/2022,0.033854168,0,19.7,78,10.2,7.6,91,11.32,2.06,0.382,176,0.119881192,-0.992788245,1.22E-16,-1,2.295208371,0.504945842,4.334,5.150447585,104.04,15.3,5.4,24.5,65.1,23.7,23.71428571,39,39,55,58.71428571,10.7,7.214285714,12,12,23.28489212,58.13960072,0.695503382,0,0
26,6,2022,6/26/2022,0.001953127,0,20.2,74,8.7,7.9,91,15.29,2.67,0.393,177,0.102820997,-0.994699876,1.22E-16,-1,2.367387698,0.615520801,5.252,5.355030972,75.69,15,8.2,31.1,72.7,21.5,22.84285714,39,39,60.66666667,63,10.1,8.185714286,10.4,12,22.20942449,68.06980036,5.528651014,0,0
27,6,2022,6/27/2022,1.76E-09,0,18.8,87,9.1,10,100,5.08,1.1,0.41,178,0.0857305,-0.996318363,1.22E-16,-1,2.170124842,0.282116229,2.444,2.567257688,82.81,16.2,15.7,28.9,80.2,20.1,22.8,65,39,72.33333333,63.71428571,9.766666667,8.728571429,10.4,12,21.60659714,71.03490018,7.188595304,0,0
28,6,2022,6/28/2022,0.009114585,0,20,82,1.9,75.4,82,12.11,2.22,0.414,179,0.068614738,-0.997643232,1.22E-16,-1,2.338281271,0.420890629,3.6,0.799692195,3.61,16.4,25.5,38.9,90.2,19.56666667,21.62857143,74,39,79.66666667,68.42857143,9.333333333,9.257142857,10.2,12,20.764618,79.01745009,9.156578591,0,0
29,6,2022,6/29/2022,0.052083332,0,22.5,62,3.5,4.3,76,18.48,3.44,0.399,180,0.051478755,-0.99867409,1.22E-16,-1,2.725587607,1.035723291,8.55,3.625031517,12.25,14.9,93.3,106.3,165.6,19.66666667,21.4,74,39,81,69.42857143,6.566666667,8.857142857,9.1,12,20.5352326,80.50872505,55.52697358,0,0
30,6,2022,6/30/2022,0.26106772,0,23.9,63,1.6,2.1,87,19.91,3.69,0.39,181,0.034327601,-0.999410634,1.22E-16,-1,2.966054202,1.097440055,8.843,1.755904088,2.56,16.5,89.7,105.8,169.5,20.43333333,20.85714286,62,39,77,69.57142857,4.833333333,7.642857143,9.1,10.4,21.12466282,71.25436252,19.66809207,0,0
1,7,2022,7/1/2022,0.578125,0,26.2,58,4.3,4.3,48,25.24,4.87,0.374,182,0.01716633,-0.999852648,-0.5,-0.866025404,3.40138661,1.428582376,11.004,6.142904217,18.49,17.8,81.8,107.5,170.2,22.13333333,20.78571429,62,62,69,73,2.333333333,6.485714286,3.5,10.4,21.95726397,67.12718126,7.370427622,0,0
2,7,2022,7/2/2022,2.0917969,0,25.9,56,3.8,0.6,26,25.42,4.96,0.352,183,1.22E-16,-1,-0.5,-0.866025404,3.341620215,1.470312895,11.396,5.587189,14.44,17.1,10.7,111.6,174.5,24.2,21.61428571,58,58,61,72,3.133333333,5.614285714,4.3,10.2,23.23008478,62.56359063,5.221128287,0,0
3,7,2022,7/3/2022,5.403646,0,24.5,52,2.1,0,0,31.15,5.87,0.32,184,-0.01716633,-0.999852648,-0.5,-0.866025404,3.074649051,1.475831544,11.76,3.099246243,4.41,14.9,7,104.6,173.7,25.33333333,22.5,56,56,59,68.85714286,3.233333333,4.7,4.3,9.1,24.03105935,59.28179532,1.986338486,0,0
4,7,2022,7/4/2022,7.4205728,0,23.7,44,3.3,0,0,31.26,5.85,0.288,185,-0.034327601,-0.999410634,-0.5,-0.866025404,2.930607375,1.64114013,13.272,5.415762428,10.89,12.5,4.9,96.7,173.7,25.53333333,23.11428571,52,52,55.33333333,65.71428571,3.4,3.757142857,4.3,9.1,24.17174154,55.64089766,0.595901546,1,1
5,7,2022,7/5/2022,8.571614,0,24.9,48,2.1,0,0,30.82,5.9,0.252,186,-0.051478755,-0.99867409,-0.5,-0.866025404,3.148957679,1.637457993,12.948,3.438661786,4.41,14.5,0.6,86.7,173.7,24.7,23.81428571,44,44,50.66666667,59.57142857,3.066666667,2.928571429,3.8,4.3,24.03021908,49.82044883,0.178770464,2,2
6,7,2022,7/6/2022,8.850261,0,27.1,40,4.3,0,3,30.58,6.01,0.234,187,-0.068614738,-0.997643232,-0.5,-0.866025404,3.586310566,2.15178634,16.26,9.252681261,18.49,15.1,0,11.3,172.6,24.36666667,24.51428571,44,44,48,54.71428571,2.5,2.957142857,3.3,4.3,24.29115336,48.91022441,0.053631139,3,3
7,7,2022,7/7/2022,8.119141,0,28.1,49,1.5,0,60,25.4,5,0.219,188,-0.0857305,-0.996318363,-0.5,-0.866025404,3.801995174,1.939017539,14.331,2.908526308,2.25,17.9,0,7,172.6,25.23333333,25.17142857,40,40,44,51.57142857,3.233333333,3.071428571,4.3,4.3,25.13380735,44.45511221,0.016089342,4,4
8,7,2022,7/8/2022,9.259114,0,27.2,52,1,0.2,51,26.05,5.13,0.21,189,-0.102820997,-0.994699876,-0.5,-0.866025404,3.607388303,1.731546385,13.056,1.731546385,1,17.6,0,4.9,170.9,26.7,25.77142857,40,40,45.66666667,49.57142857,2.633333333,3.057142857,4.3,4.3,26.02366514,46.7275561,0.004826803,5,5
9,7,2022,7/9/2022,9.223958,0,28.1,51,0.8,0.2,60,24.06,4.7,0.214,190,-0.119881192,-0.992788245,-0.5,-0.866025404,3.801995174,1.862977635,13.769,1.490382108,0.64,18.3,0.2,0.8,169.4,27.46666667,25.91428571,40,40,47,48.71428571,2.266666667,2.585714286,4.3,4.3,26.3765656,49.36377805,0.141448041,0,0
10,7,2022,7/10/2022,0.040364582,0,22.7,75,8.8,11.4,96,13.23,2.51,0.374,191,-0.136906058,-0.990584035,-0.5,-0.866025404,2.758861627,0.689715407,5.675,6.069495579,77.44,17.7,0.4,0.4,164.8,27.8,26.22857143,49,40,50.66666667,48,1.1,2.157142857,1.5,4.3,26.89359592,50.18188903,0.182434412,0,0
11,7,2022,7/11/2022,0.091796875,0,23.7,57,7.4,9.2,55,22.65,4.19,0.335,192,-0.153890577,-0.988087896,-0.5,-0.866025404,2.930607375,1.260161171,10.191,9.325192666,54.76,15.1,11.8,11.8,173.8,26,25.97142857,51,40,59.33333333,51.28571429,3.533333333,3.114285714,8.8,8.8,25.63551714,62.59094451,8.034730324,0,0
12,7,2022,7/12/2022,0.5677083,0,24.7,59,1.6,0.9,55,22.54,4.26,0.315,193,-0.170829743,-0.985300563,-0.5,-0.866025404,3.111609911,1.275760064,10.127,2.041216102,2.56,16.5,20.8,21,177.8,24.83333333,25.97142857,51,40,61,53.14285714,5.666666667,3.7,8.8,8.8,25.054862,59.79547226,8.850419097,0,0
13,7,2022,7/13/2022,1.46875,0,22.4,68,2.9,10.3,67,16.62,3.11,0.342,194,-0.187718565,-0.982222857,-0.5,-0.866025404,2.709082405,0.86690637,7.168,2.514028472,8.41,16,21.5,21.9,173.6,23.7,25.94285714,57,40,63.66666667,54.71428571,5.933333333,3.628571429,8.8,8.8,24.9484034,59.39773613,3.285125729,0,0
14,7,2022,7/14/2022,1.9283854,0,24.5,48,1.6,6.9,19,27.81,5.21,0.345,195,-0.204552066,-0.978855685,-0.5,-0.866025404,3.074649051,1.598817506,12.74,2.55810801,2.56,14.1,20.4,32.2,177.4,23.6,25.27142857,57,49,61.33333333,58.71428571,3.966666667,3.428571429,7.4,8.8,24.18388238,63.69886806,8.195537719,0,0
15,7,2022,7/15/2022,3.7949219,0,24,53,2.7,0,21,26.61,4.94,0.314,196,-0.221325284,-0.97520004,-0.5,-0.866025404,2.983917477,1.402441214,11.28,3.786591279,7.29,14.6,18.1,39.1,181.8,23.86666667,24.75714286,48,48,58.33333333,58.57142857,2.033333333,3.442857143,2.9,8.8,24.27871767,55.84943403,7.288661316,0,0
16,7,2022,7/16/2022,5.7604165,0,26,48,5.1,1,45,26.51,5.15,0.31,197,-0.238033277,-0.971256999,-0.5,-0.866025404,3.361439829,1.747948711,13.52,8.914538425,26.01,15.6,17.2,38.9,179.2,23.63333333,24.3,48,48,56.33333333,58.71428571,2.4,3.685714286,2.9,8.8,24.19510237,54.42471702,2.186598395,1,1
17,7,2022,7/17/2022,7.5729165,0,27.5,51,2.5,0,24,27.13,5.31,0.285,198,-0.25467112,-0.967027725,-0.5,-0.866025404,3.671270209,1.798922403,13.475,4.497306006,6.25,17.7,7.9,39.7,176.8,24.83333333,24,48,48,49.66666667,58.28571429,3.133333333,4.3,5.1,8.8,24.73657166,51.21235851,1.355979518,0,0
18,7,2022,7/18/2022,6.705078,0,25.8,42,8,1.2,31,26.88,5.13,0.271,199,-0.271233911,-0.962513463,-0.5,-0.866025404,3.321902528,1.926703466,14.964,15.41362773,64,14.2,1,28.3,176.8,25.83333333,24.68571429,48,48,50.66666667,54.85714286,3.433333333,3.4,5.1,7.4,25.56560016,51.10617925,0.406793856,1,1
19,7,2022,7/19/2022,7.3229165,0,23.4,61,3.7,0.5,81,17.25,3.4,0.271,200,-0.287716767,-0.957715543,-0.5,-0.866025404,2.878130285,1.122470811,9.126,4.153142001,13.69,15.6,2.2,20.3,177,26.43333333,24.98571429,42,42,47,52.71428571,5.2,3.485714286,8,8,25.63592011,46.55308963,0.962038157,0,0
20,7,2022,7/20/2022,10.287761,0,25.1,47,1.8,0.1,22,24.74,4.76,0.266,201,-0.304114832,-0.952635381,-0.5,-0.866025404,3.186695762,1.688948754,13.303,3.040107757,3.24,14.5,1.7,19.9,167.4,25.56666667,24.8,42,42,51.33333333,53,4.733333333,3.785714286,8,8,24.96514408,53.77654481,0.638611447,0,0
21,7,2022,7/21/2022,10.4453125,0,26.4,42,4.6,0,17,26.22,5.04,0.25,202,-0.320423273,-0.947274472,-0.5,-0.866025404,3.441746435,1.996212932,15.312,9.182579487,21.16,14.8,1.8,9.7,167.5,24.76666667,25.18571429,42,42,50,50,4.5,3.628571429,8,8,25.00560085,50.38827241,0.261583434,0,0
22,7,2022,7/22/2022,11.024739,0,25.5,47,6.8,0,14,27.62,5.2,0.237,203,-0.336637284,-0.941634398,-0.5,-0.866025404,3.263356619,1.729579008,13.515,11.76113726,46.24,14.9,0.6,2.8,159.5,24.96666667,25.45714286,42,42,50,49.14285714,3.366666667,4.057142857,4.6,8,25.4239206,46.1941362,0.07847503,1,1
23,7,2022,7/23/2022,12.21875,0,26.9,37,4,0,4,28.75,5.56,0.227,204,-0.352752087,-0.935716819,-0.5,-0.866025404,3.544476671,2.233020303,16.947,8.93208121,16,14.3,0.1,2.8,154.7,25.66666667,25.67142857,42,42,45.33333333,48.28571429,4.4,4.642857143,6.8,8,25.44674442,46.5970681,0.023542509,2,2
24,7,2022,7/24/2022,13.467448,0,26.5,41,1.6,0,7,27.64,5.35,0.207,205,-0.368762931,-0.92952348,-0.5,-0.866025404,3.462082359,2.042628592,15.635,3.268205747,2.56,14.7,0,1.8,154.3,26.26666667,25.8,37,37,42,46.71428571,5.133333333,4.485714286,6.8,8,25.88272109,41.79853405,0.007062753,3,3
25,7,2022,7/25/2022,14.3151045,0,27.8,34,1.1,0,5,28.1,5.57,0.195,206,-0.3846651,-0.923056207,-0.5,-0.866025404,3.736134941,2.465849061,18.348,2.712433967,1.21,14.6,0,1.8,154.1,26.3,25.65714286,37,37,41.66666667,45.28571429,4.133333333,4.357142857,6.8,8,26.06790477,41.39926703,0.002118826,4,4
26,7,2022,7/26/2022,15.274739,0,28.4,38,2.3,0,14,24.67,4.88,0.193,207,-0.400453906,-0.916316904,-0.5,-0.866025404,3.868863717,2.398695504,17.608,5.51699966,5.29,16,0,0.6,146.5,27.06666667,25.94285714,34,34,37.33333333,44.14285714,2.233333333,3.371428571,4,6.8,26.58753334,37.69963351,0.000635648,5,5
27,7,2022,7/27/2022,17.99414,0,28.7,32,0,0,0,29.03,5.78,0.186,208,-0.416124696,-0.909307559,-0.5,-0.866025404,3.936753503,2.676992382,19.516,0,0,15.1,0,0.1,138.6,27.56666667,26.65714286,34,34,37.66666667,40.85714286,1.666666667,3.171428571,2.3,6.8,27.13127333,37.84981676,0.000190694,6,6
28,7,2022,7/28/2022,17.709635,0,30.2,40,1.3,0,0,28.43,5.84,0.175,209,-0.431672852,-0.902030237,-0.5,-0.866025404,4.291983042,2.575189825,18.12,3.347746773,1.69,18.2,0,0,128.6,28.3,27.17142857,32,32,34.66666667,38.71428571,1.133333333,2.914285714,2.3,6.8,27.60189133,34.92490838,5.72E-05,7,7
29,7,2022,7/29/2022,20.359375,0,30.8,35,1.5,0,6,28.17,5.88,0.167,210,-0.447093793,-0.894487082,-0.5,-0.866025404,4.441691099,2.887099214,20.02,4.330648822,2.25,17.8,0,0,53.2,29.1,27.71428571,32,32,36.66666667,38.42857143,1.2,2.442857143,2.3,6.8,28.38132393,37.46245419,1.72E-05,8,8
30,7,2022,7/30/2022,20.507812,0,30.4,33,0.8,0,1,28.44,5.94,0.161,211,-0.462382973,-0.886680318,-0.5,-0.866025404,4.341390638,2.908731727,20.368,2.326985382,0.64,17,0,0,48.9,29.9,28.47142857,32,32,35.66666667,36.71428571,0.933333333,1.685714286,1.5,4,29.10692675,36.23122709,5.15E-06,9,9
31,7,2022,7/31/2022,21.721354,0,31.9,29,0.8,0,17,26.08,5.49,0.155,212,-0.477535886,-0.878612245,-0.5,-0.866025404,4.7279725,3.356860475,22.649,2.68548838,0.64,17.7,0,0,46.8,30.46666667,28.97142857,33,32,36,36.14285714,1.2,1.228571429,1.5,2.3,29.49484873,34.61561355,1.54E-06,10,10
1,8,2022,8/1/2022,11.5234375,0,29,51,4.3,0,67,17.86,3.75,0.153,213,-0.492548068,-0.870285241,-0.866025404,-0.5,4.0056776,1.962782024,14.21,8.439962703,18.49,19.2,0,0,42.5,31.03333333,29.74285714,29,29,32.33333333,34.42857143,1.033333333,1.114285714,1.5,2.3,30.21639411,31.80780677,4.63E-07,11,11
2,8,2022,8/2/2022,13.371094,0,27.6,48,6.9,2.5,37,21.62,4.48,0.147,214,-0.507415093,-0.86170176,-0.866025404,-0.5,3.69278196,1.920246619,14.352,13.24970167,47.61,17.2,0,0,41.9,30.43333333,29.91428571,29,29,37.66666667,36.85714286,1.966666667,1.571428571,4.3,4.3,29.85147588,41.40390339,1.39E-07,12,12
3,8,2022,8/3/2022,15.440755,0,27.2,46,4.9,0.4,46,24.31,5,0.141,215,-0.522132581,-0.852864331,-0.866025404,-0.5,3.607388303,1.947989683,14.688,9.545149448,24.01,16.4,2.5,2.5,44.4,29.5,29.8,29,29,42.66666667,38.28571429,4,2.228571429,6.9,6.9,29.17603311,44.70195169,1.750000042,0,0
4,8,2022,8/4/2022,16.921225,0,29.6,50,4.1,0,54,23.99,4.96,0.14,216,-0.536696194,-0.84377556,-0.866025404,-0.5,4.14668165,2.073340825,14.8,8.500697383,16.81,19.6,2.9,2.9,44.8,27.93333333,29.58571429,46,29,48.33333333,40.28571429,5.366666667,2.928571429,6.9,6.9,28.58322318,45.35097585,0.805000013,0,0
5,8,2022,8/5/2022,12.255208,0,27.7,62,3.9,7.6,79,16.2,3.36,0.156,217,-0.55110164,-0.834438124,-0.866025404,-0.5,3.714403381,1.411473285,10.526,5.504745811,15.21,20.1,2.9,2.9,44.8,28.13333333,29.5,46,29,48,41.71428571,5.3,3.328571429,6.9,6.9,28.88825623,47.67548792,0.241500004,1,1
6,8,2022,8/6/2022,15.847005,0,30.6,46,1.5,0.9,66,20.99,4.41,0.152,218,-0.565344674,-0.824854775,-0.866025404,-0.5,4.391291947,2.371297651,16.524,3.556946477,2.25,19.8,8,10.5,52.4,28.16666667,29.05714286,46,29,52.66666667,45.57142857,4.3,3.671428571,4.9,6.9,28.53177936,54.83774396,5.392450001,0,0
7,8,2022,8/7/2022,18.589193,0,29.3,45,4.6,1.4,49,21.33,4.49,0.165,219,-0.579421098,-0.815028338,-0.866025404,-0.5,4.075649206,2.241607063,16.115,10.31139249,21.16,18.3,8.5,11.4,53.3,29.3,29.08571429,46,29,52.66666667,47.42857143,3.166666667,3.771428571,4.1,6.9,29.15224555,50.41887198,2.247735,0,0
8,8,2022,8/8/2022,21.776693,0,30.6,39,0.8,0.4,22,25.6,5.33,0.156,220,-0.593326764,-0.804961708,-0.866025404,-0.5,4.391291947,2.678688087,18.666,2.14295047,0.64,18.4,9.9,12.8,54.5,29.2,28.71428571,45,45,51,49.71428571,3.333333333,4.314285714,4.6,6.9,29.19657189,47.70943599,1.6543205,0,0
9,8,2022,8/9/2022,22.679688,0,31.5,34,2.2,0,23,23.83,5.07,0.149,221,-0.607057574,-0.794657852,-0.866025404,-0.5,4.622068903,3.050565476,20.79,6.711244047,4.84,18.3,2.7,13.2,54.7,30.16666667,28.94285714,39,39,43.33333333,48,2.3,3.814285714,4.6,6.9,29.61760032,43.354718,0.77629615,0,0
10,8,2022,8/10/2022,19.722656,0,31.1,38,2.7,0,18,22.45,4.8,0.144,222,-0.620609482,-0.784119807,-0.866025404,-0.5,4.518232383,2.801304078,19.282,7.56352101,7.29,18.7,1.8,10.7,43.3,30.46666667,29.5,34,34,39.33333333,46,2.533333333,3.142857143,4.6,4.9,30.18232022,38.677359,0.232888845,1,1
11,8,2022,8/11/2022,13.348958,0,28.7,42,9.8,0.6,54,22.48,4.41,0.143,223,-0.633978493,-0.773350678,-0.866025404,-0.5,3.936753503,2.283317032,16.646,22.37650691,96.04,17.1,0.4,10.3,34.1,31.06666667,30.05714286,34,34,37,44.85714286,1.9,2.828571429,2.7,4.6,30.45762416,38.3386795,0.069866654,2,2
12,8,2022,8/12/2022,8.944011,0,27.9,46,1.8,0.5,58,21.23,4.38,0.147,224,-0.647160667,-0.762353639,-0.866025404,-0.5,3.757977111,2.02930764,15.066,3.652753752,3.24,17.1,0.6,10.9,33.8,30.43333333,29.92857143,34,34,38,43.71428571,4.9,3.642857143,9.8,9.8,29.93033691,40.16933975,0.440959996,0,0
13,8,2022,8/13/2022,14.788411,0,31.6,37,1.8,0,69,21.39,4.5,0.146,225,-0.660152121,-0.751131931,-0.866025404,-0.5,4.64834968,2.928460298,19.908,5.271228537,3.24,19,1.1,3.8,24,29.23333333,29.95714286,38,34,42,41.42857143,4.766666667,3.342857143,9.8,9.8,29.32123584,43.08466987,0.482287999,0,0
14,8,2022,8/14/2022,18.016275,0,30.8,43,3.9,0.4,26,23.46,4.76,0.166,226,-0.672949024,-0.739688861,-0.866025404,-0.5,4.441691099,2.531763926,17.556,9.873879313,15.21,19.4,1.1,2.9,17.1,29.4,30.1,37,34,41.66666667,40.14285714,4.466666667,3.385714286,9.8,9.8,30.00486509,40.04233494,0.1446864,1,1
15,8,2022,8/15/2022,6.5533853,0,27,59,2.9,8,71,17.31,3.48,0.27,227,-0.685547606,-0.728027801,-0.866025404,-0.5,3.565340176,1.461789472,11.07,4.239189469,8.41,18.8,0.9,1.9,17.5,30.1,30.31428571,37,34,42,39.85714286,2.5,3.285714286,3.9,9.8,30.24340556,41.52116747,0.32340592,0,0
16,8,2022,8/16/2022,5.2102866,0,27.4,49,3.5,1.4,44,23.21,4.72,0.271,228,-0.697944155,-0.716152188,-0.866025404,-0.5,3.64986766,1.861432507,13.974,6.515013773,12.25,17.2,8.4,9.5,24.5,29.8,29.8,37,34,46.33333333,42.71428571,2.866666667,3.585714286,3.9,9.8,29.27038389,50.26058373,5.697021776,0,0
17,8,2022,8/17/2022,17.585287,0,29.9,38,1.6,0,7,23.85,4.94,0.24,229,-0.710135016,-0.704065522,-0.866025404,-0.5,4.218788397,2.615648806,18.538,4.185038089,2.56,17.5,9.8,10.9,25.9,28.4,29.21428571,43,37,50.33333333,44.85714286,3.433333333,3.771428571,3.9,9.8,28.70926872,49.63029187,2.689106533,0,0
18,8,2022,8/18/2022,19.815104,0,30.1,36,1.8,0,5,23.77,4.93,0.217,230,-0.722116597,-0.691771365,-0.866025404,-0.5,4.267463105,2.731176387,19.264,4.916117496,3.24,17.3,9.4,10.9,24.7,28.1,29.04285714,38,37,48.66666667,44.85714286,2.666666667,3.614285714,3.5,9.8,29.06648811,43.81514593,0.80673196,1,1
19,8,2022,8/19/2022,13.311849,0,28.2,47,8.3,0.2,30,21.37,4.23,0.207,231,-0.733885366,-0.679273339,-0.866025404,-0.5,3.824172018,2.02681117,14.946,16.82253271,68.89,17.6,1.4,10.3,24.2,29.13333333,29.24285714,36,36,41,44,2.3,2.471428571,3.5,3.9,29.37654167,39.90757297,0.242019588,2,2
20,8,2022,8/20/2022,6.4101562,0,27.2,52,0.5,3,60,20.74,4.26,0.198,232,-0.745437857,-0.666575128,-0.866025404,-0.5,3.607388303,1.731546385,13.056,0.865773193,0.25,17.6,0.2,10,24.3,29.4,29.28571429,36,36,40.33333333,44.14285714,3.9,3.4,8.3,8.3,29.02357917,43.45378648,0.212605876,0,0
21,8,2022,8/21/2022,14.527344,0,31.2,41,1.5,0,51,22.02,4.7,0.186,233,-0.756770663,-0.653680475,-0.866025404,-0.5,4.543999587,2.680959756,18.408,4.021439634,2.25,19.4,3.2,13,27.3,28.5,28.65714286,36,36,45,46.28571429,3.533333333,3.214285714,8.3,8.3,28.47650542,47.72689324,2.163781763,0,0
22,8,2022,8/22/2022,17.7181,0,33.3,36,0.7,0,32,21.75,4.65,0.177,234,-0.767880446,-0.640593179,-0.866025404,-0.5,5.115413295,3.273864509,21.312,2.291705156,0.49,20.5,3.2,12.6,27.3,28.86666667,28.71428571,41,36,46.66666667,46,3.433333333,2.871428571,8.3,8.3,29.29355379,44.36344662,0.649134529,1,1
23,8,2022,8/23/2022,18.484375,0,34.7,28,5.4,0,20,22.56,5,0.17,235,-0.778763931,-0.627317097,-0.866025404,-0.5,5.530117966,3.981684935,24.984,21.50109865,29.16,20.3,3,4.6,27.3,30.56666667,29.61428571,36,36,43,42.71428571,0.9,2.557142857,1.5,8.3,30.49548766,40.18172331,0.194740359,2,2
24,8,2022,8/24/2022,25.039713,0,35,20,1.3,0,21,24.55,5.74,0.158,236,-0.78941791,-0.613856142,-0.866025404,-0.5,5.622681238,4.498144991,28,5.847588488,1.69,19,0,3.2,27.3,33.06666667,30.65714286,28,28,35,39.71428571,2.533333333,2.828571429,5.4,8.3,31.75684136,34.09086166,0.058422108,3,3
25,8,2022,8/25/2022,18.091146,0,30,48,1.9,0.1,73,17.13,3.62,0.155,237,-0.799839245,-0.600214281,-0.866025404,-0.5,4.243065059,2.206393831,15.6,4.192148278,3.61,19.6,0,3.2,27.3,34.33333333,31.38571429,20,20,28,37.14285714,2.466666667,2.785714286,5.4,8.3,32.72978895,27.04543083,0.017526632,4,4
26,8,2022,8/26/2022,18.235025,0,29.9,48,2.1,0.1,62,19.61,4.08,0.16,238,-0.810024863,-0.586395533,-0.866025404,-0.5,4.218788397,2.193769966,15.548,4.606916929,4.41,19.5,0.1,3.3,27.4,33.23333333,31.37142857,20,20,32,38.85714286,2.866666667,2.8,5.4,8.3,31.91085227,37.52271541,0.07525799,0,0
27,8,2022,8/27/2022,15.520183,0,30.1,46,2,1.6,43,18.93,3.97,0.164,239,-0.819971763,-0.572403973,-0.866025404,-0.5,4.267463105,2.304430076,16.254,4.608860153,4,19.3,0.2,3.2,27.5,31.63333333,31.61428571,20,20,38.66666667,39,1.766666667,1.914285714,2.1,5.4,31.30759659,42.76135771,0.092577397,0,0
28,8,2022,8/28/2022,17.247396,0,28.4,57,2.9,0.9,79,14.97,3.04,0.176,240,-0.829677014,-0.558243722,-0.866025404,-0.5,3.868863717,1.663611398,12.212,4.824473055,8.41,19.8,1.8,1.8,29.1,30,32.02857143,46,20,47.33333333,38.14285714,2,2.128571429,2.1,5.4,30.94531761,44.38067885,1.147773219,0,0
29,8,2022,8/29/2022,21.360678,0,29.8,46,2.1,1.1,38,22.12,4.56,0.171,241,-0.839137755,-0.543918954,-0.866025404,-0.5,4.194632611,2.26510161,16.092,4.756713381,4.41,19,2.6,2.7,30,29.46666667,31.62857143,46,20,50.33333333,40.42857143,2.333333333,2.328571429,2.9,5.4,30.18172233,50.69033943,0.974331966,0,0
30,8,2022,8/30/2022,25.68685,0,33.1,35,3.2,0,16,20.83,4.58,0.162,242,-0.848351198,-0.529433891,-0.866025404,-0.5,5.058431496,3.287980472,21.515,10.52153751,10.24,20.1,3.6,3.8,31.1,29.43333333,31.12857143,46,20,49.66666667,41.85714286,2.333333333,2.528571429,2.9,5.4,30.06720563,48.34516971,1.06229959,0,0
31,8,2022,8/31/2022,19.43815,0,32.8,38,3.8,0,16,20.86,4.45,0.153,243,-0.857314628,-0.514792802,-0.866025404,-0.5,4.973991993,3.083875036,20.336,11.71872514,14.44,20.4,2,3.8,31.1,30.43333333,30.9,35,20,46,42.85714286,2.733333333,2.214285714,3.2,3.2,30.97704394,41.67258486,0.318689877,1,1
1,9,2022,9/1/2022,12.751953,0,30.9,46,2.5,1.1,69,16.92,3.65,0.147,244,-0.866025404,-0.5,-1,-1.84E-16,4.467078664,2.412222479,16.686,6.030556197,6.25,20.1,1.1,3.8,31.1,31.9,30.58571429,35,35,39.66666667,45.42857143,3.033333333,2.571428571,3.8,3.8,31.52393076,39.83629243,0.095606963,2,2
2,9,2022,9/2/2022,14.490886,0,30.3,50,4,0,36,20.94,4.48,0.152,245,-0.874480958,-0.485059846,-1,-1.84E-16,4.316625383,2.158312691,15.15,8.633250766,16,20.3,1.1,4.8,29.7,32.26666667,30.71428571,35,35,39.66666667,45.14285714,3.166666667,2.657142857,3.8,3.8,31.33675153,42.91814621,0.798682089,0,0
3,9,2022,9/3/2022,15.7109375,0,32.2,43,7.4,0,37,18.17,3.8,0.16,246,-0.882678798,-0.469976743,-1,-1.84E-16,4.808777365,2.741003098,18.354,20.28342293,54.76,20.8,1.1,4.7,29.3,31.33333333,30.77142857,38,35,44.66666667,45.42857143,3.433333333,2.928571429,4,4,31.02572607,46.45907311,0.239604627,1,1
4,9,2022,9/4/2022,2.9772136,0,26.9,51,9.2,3,61,18.53,3.63,0.191,247,-0.890616509,-0.454755136,-1,-1.84E-16,3.544476671,1.736793569,13.181,15.97850083,84.64,17.1,1.1,3.1,29.3,31.13333333,31.07142857,43,35,46.33333333,45,4.633333333,3.7,7.4,7.4,31.37800825,44.72953655,0.071881388,2,2
5,9,2022,9/5/2022,3.6308594,0,23.8,57,6.2,0.8,82,13.65,2.68,0.211,248,-0.898291752,-0.43939951,-1,-1.84E-16,2.948284305,1.267762251,10.234,7.860125957,38.44,15.2,3,5.2,24.7,29.8,30.85714286,43,35,48,44.14285714,6.866666667,4.6,9.2,9.2,30.03460578,47.86476828,2.121564416,0,0
6,9,2022,9/6/2022,3.6347656,0,22.1,57,7.4,2.3,66,13.4,2.76,0.206,249,-0.905702263,-0.423914391,-1,-1.84E-16,2.660089335,1.143838414,9.503,8.464404264,54.76,13.5,3.8,4.9,24.6,27.63333333,30,43,35,50.33333333,45.71428571,7.6,5.185714286,9.2,9.2,28.16422404,52.43238414,1.196469325,0,0
7,9,2022,9/7/2022,13.770183,0,23.1,33,8.4,0.3,38,17.94,3.56,0.197,250,-0.91284586,-0.408304342,-1,-1.84E-16,2.826475201,1.893738385,15.477,15.90740243,70.56,9.7,6.1,7.2,25.5,24.26666667,28.42857143,51,38,55,48.85714286,7.6,5.785714286,9.2,9.2,26.34495683,54.71619207,1.968940797,0,0
8,9,2022,9/8/2022,16.389322,0,23.7,31,2.5,0,0,22.88,4.17,0.186,251,-0.919720437,-0.392573965,-1,-1.84E-16,2.930607375,2.022119089,16.353,5.055297721,6.25,9.9,3.4,7.5,25.4,23,27.04285714,33,33,49,48.14285714,7.333333333,6.442857143,8.4,9.2,25.37146978,43.85809603,0.800682239,0,0
9,9,2022,9/9/2022,21.49935,0,27.2,29,3.1,0,0,22.65,4.41,0.175,252,-0.926323968,-0.376727894,-1,-1.84E-16,3.607388303,2.561245695,19.312,7.939861654,9.61,13,2.6,6.4,25.4,22.96666667,26.01428571,31,31,40.33333333,46,6.1,6.442857143,8.4,9.2,24.87002885,37.42904802,0.240204672,1,1
10,9,2022,9/10/2022,22.838541,0,29.5,30,2.2,0,0,22.05,4.5,0.167,253,-0.932654508,-0.360770799,-1,-1.84E-16,4.122885469,2.886019829,20.65,6.349243623,4.84,15.5,0.3,6.4,25.4,24.66666667,25.57142857,29,29,31,43,4.666666667,6.314285714,8.4,9.2,25.56902019,33.21452401,0.072061402,2,2
11,9,2022,9/11/2022,26.348959,0,31.2,32,4.9,0,2,21.07,4.45,0.158,254,-0.938710189,-0.344707384,-1,-1.84E-16,4.543999587,3.089919719,21.216,15.14060662,24.01,17.6,0,6.4,24.8,26.8,25.18571429,29,29,30,41.14285714,2.6,5.571428571,3.1,9.2,26.74831413,31.607262,0.02161842,3,3
12,9,2022,9/12/2022,14.462891,0,25.7,54,10,1.1,56,12.43,2.36,0.18,255,-0.944489229,-0.328542382,-1,-1.84E-16,3.302286327,1.51905171,11.822,15.1905171,100,16.5,0,3.4,24.3,29.3,25.8,29,29,30.33333333,38.42857143,3.4,4.957142857,4.9,8.4,28.08381989,31.803631,0.006485526,4,4
13,9,2022,9/13/2022,1.1451823,0,21.7,53,1.8,11.5,66,14.99,2.66,0.209,256,-0.949989923,-0.312280557,-1,-1.84E-16,2.595969994,1.220105897,10.199,2.196190615,3.24,12.3,1.1,3.7,25.4,28.8,26.07142857,30,29,38.66666667,38,5.7,5.5,10,10,27.36867393,42.9018155,0.771945658,0,0
14,9,2022,9/14/2022,2.3255208,0,20.8,50,2.3,4.1,49,18.07,3.28,0.2,257,-0.955210651,-0.295926701,-1,-1.84E-16,2.456616326,1.228308163,10.4,2.825108775,5.29,10.8,12.6,12.9,36.5,26.2,26.01428571,32,29,46.33333333,37.42857143,5.566666667,4.7,10,10,25.66807175,47.95090775,8.281583697,0,0
15,9,2022,9/15/2022,14.349609,0,26.1,36,2.6,0,26,20.99,4.22,0.189,258,-0.960149874,-0.279485635,-1,-1.84E-16,3.381361812,2.16407156,16.704,5.626586055,6.76,13.3,16.7,16.7,32.6,22.73333333,25.68571429,50,29,52.33333333,39.85714286,4.7,3.828571429,10,10,24.20765022,48.97545388,5.354475109,0,0
16,9,2022,9/16/2022,23.591146,0,31.7,32,6,0,24,20.55,4.54,0.185,259,-0.964806136,-0.262962203,-1,-1.84E-16,4.67476018,3.178836923,21.556,19.07302154,36,18.1,15.6,16.7,31.2,22.86666667,26.02857143,36,29,46.33333333,40.57142857,2.233333333,3.842857143,2.6,10,24.77535516,42.48772694,1.606342533,1,1
17,9,2022,9/17/2022,22.12565,0,30.5,35,3.4,0,15,20.22,4.45,0.179,260,-0.969178065,-0.246361274,-1,-1.84E-16,4.366279321,2.838081558,19.825,9.649477298,11.56,17.5,4.1,16.7,31.2,26.2,26.67142857,32,30,39.33333333,41,3.633333333,4.257142857,6,10,26.85274861,37.24386347,0.48190276,2,2
18,9,2022,9/18/2022,26.697916,0,32.5,32,4.8,0,29,19.35,4.21,0.174,261,-0.973264374,-0.229687742,-1,-1.84E-16,4.89077893,3.325729673,22.1,15.96350243,23.04,18.9,0,16.7,31.2,29.43333333,26.81428571,32,32,34.33333333,41.71428571,4,4.428571429,6,10,27.94692403,36.12193173,0.144570828,3,3
19,9,2022,9/19/2022,8.650391,0,23.4,42,3.4,0.3,57,15.91,2.99,0.16,262,-0.977063856,-0.21294652,-1,-1.84E-16,2.878130285,1.669315565,13.572,5.675672922,11.56,11.8,0,16.7,31,31.56666667,27,32,32,33,41.71428571,4.733333333,4.414285714,6,10,29.31284682,34.06096587,0.043371248,4,4
20,9,2022,9/20/2022,11.7421875,0,22.7,51,5,0,59,14.54,2.78,0.151,263,-0.980575394,-0.196142541,-1,-1.84E-16,2.758861627,1.351842197,11.123,6.759210985,25,12.9,0.3,15.9,28.3,28.8,26.67142857,32,32,36.33333333,40,3.866666667,3.471428571,4.8,6,27.53899277,38.03048293,0.223011375,0,0
21,9,2022,9/21/2022,6.013672,0,19.7,50,1.9,0,69,11.45,2.11,0.15,264,-0.983797952,-0.179280759,-1,-1.84E-16,2.295208371,1.147604186,9.85,2.180447953,3.61,9.7,0.3,4.4,28.3,26.2,26.81428571,32,32,41.66666667,39.71428571,4.4,3.928571429,5,6,26.08729494,44.51524147,0.066903412,1,1
22,9,2022,9/22/2022,0.18619792,0,19.6,54,9.8,3.3,66,13.07,2.2,0.179,265,-0.986730579,-0.162366141,-1,-1.84E-16,2.281005773,1.049262656,9.016,10.28277402,96.04,10.4,0.3,0.3,28.3,21.93333333,26.65714286,42,32,47.66666667,39.71428571,3.433333333,3.871428571,5,6,24.17110646,47.25762073,0.020071024,2,2
23,9,2022,9/23/2022,0.11002604,0,16.5,54,1.6,0.7,74,13.3,2.19,0.247,266,-0.989372413,-0.145403674,-1,-1.84E-16,1.877175834,0.863500884,7.59,1.381601414,2.56,7.3,3.3,3.6,31.6,20.66666667,25.72857143,50,32,51.66666667,42.28571429,5.566666667,4.9,9.8,9.8,22.79977452,50.62881037,2.316021307,0,0
24,9,2022,9/24/2022,0.99934894,0,17.8,44,9.1,0.9,52,15.34,2.57,0.242,267,-0.991722674,-0.128398355,-1,-1.84E-16,2.038176335,1.141378748,9.968,10.3865466,82.81,6.6,4,4.3,32.3,18.6,23.55714286,50,32,52.66666667,45.42857143,4.433333333,4.271428571,9.8,9.8,20.90984216,52.31440518,1.184806392,0,0
25,9,2022,9/25/2022,2.6464844,0,18.1,50,4.7,0,28,19.68,3.24,0.229,268,-0.99378067,-0.111355197,-1,-1.84E-16,2.077002619,1.038501309,9.05,4.880956154,22.09,8.1,4.9,5.2,33.1,17.96666667,21.74285714,44,32,50.66666667,46.71428571,6.833333333,5.085714286,9.8,9.8,19.97688952,48.15720259,0.985441918,0,0
26,9,2022,9/26/2022,10.516927,0,22.9,30,5.8,0,43,19.34,3.43,0.221,269,-0.995545794,-0.094279222,-1,-1.84E-16,2.792489766,1.954742836,16.03,11.33750845,33.64,8.9,1.6,5.2,33,17.46666667,19.68571429,44,42,49.33333333,49.28571429,5.133333333,5.071428571,9.1,9.8,19.41382266,49.0786013,0.295632575,1,1
27,9,2022,9/27/2022,17.669922,0,26.2,26,7.1,0,84,17.36,3.44,0.218,270,-0.997017526,-0.077175462,-1,-1.84E-16,3.40138661,2.517026091,19.388,17.87088525,50.41,11.4,0.9,4.9,31.4,19.6,19.61428571,30,30,41.33333333,47.57142857,6.533333333,5.414285714,9.1,9.8,20.45967586,39.53930065,0.088689773,2,2
28,9,2022,9/28/2022,17.901041,0,27.1,40,4.9,0,68,11.85,2.48,0.221,271,-0.998195433,-0.060048959,-1,-1.84E-16,3.586310566,2.15178634,16.26,10.54375307,24.01,15.1,0,4.9,30.5,22.4,20.11428571,26,26,35.33333333,44,5.866666667,5.714285714,7.1,9.8,22.1817731,32.76965032,0.026606932,3,3
29,9,2022,9/29/2022,1.1106771,0,24.7,57,4.4,5.6,12,16.6,3.21,0.226,272,-0.999079167,-0.042904758,-1,-1.84E-16,3.111609911,1.337992262,10.621,5.887165952,19.36,16.1,0,4.9,29.4,25.4,21.17142857,26,26,32,42.57142857,5.933333333,6.142857143,7.1,9.8,23.65724117,36.38482516,0.00798208,4,4
30,9,2022,9/30/2022,7.595703,0,26.2,42,5.4,0,3,18.16,3.51,0.219,273,-0.999668468,-0.025747914,-1,-1.84E-16,3.40138661,1.972804234,15.196,10.65314286,29.16,14.6,5.6,7.2,35,26,21.9,26,26,41,43,5.466666667,5.371428571,7.1,9.1,23.97006882,46.69241258,3.922394624,0,0
1,10,2022,10/1/2022,11.965495,0,26.9,44,2.7,0,5,18.11,3.5,0.209,274,-0.999963161,-0.008583481,-0.866025404,0.5,3.544476671,1.984906936,15.064,5.359248726,7.29,15.7,5.6,6.5,35,26,23.28571429,40,26,46.33333333,41.28571429,4.9,5.914285714,5.4,9.1,24.63904817,44.34620629,1.176718387,1,1
2,10,2022,10/2/2022,15.2630205,0,28.4,42,0.4,0,81,9.93,2.08,0.226,275,-0.999963161,0.008583481,-0.866025404,0.5,3.868863717,2.243940956,16.472,0.897576382,0.16,16.8,5.6,5.6,33.9,25.93333333,24.58571429,42,26,47.66666667,41.28571429,4.166666667,5,5.4,7.1,25.31733372,44.17310315,0.353015516,2,2
3,10,2022,10/3/2022,0.20182292,0,19.4,59,2.8,3.2,49,14.14,2.47,0.296,276,-0.999668468,0.025747914,-0.866025404,0.5,2.252831002,0.923660711,7.954,2.58624999,7.84,11.2,0,5.6,33.9,27.16666667,26.05714286,42,26,42.66666667,40.14285714,2.833333333,4.385714286,5.4,7.1,26.24213361,43.08655157,0.105904655,3,3
4,10,2022,10/4/2022,0.63346356,0,19.5,56,6.3,0,67,12.31,2.12,0.273,277,-0.999079167,0.042904758,-0.866025404,0.5,2.266880101,0.997427244,8.58,6.28379164,39.69,10.7,3.2,8.8,37.1,24.9,25.55714286,42,26,48.33333333,44.28571429,1.966666667,3.957142857,2.8,7.1,24.18949352,51.04327579,2.271771396,0,0
5,10,2022,10/5/2022,0.057942707,0,17.5,61,1.8,0.3,74,11.8,1.99,0.316,278,-0.998195433,0.060048959,-0.866025404,0.5,1.999986975,0.77999492,6.825,1.403990856,3.24,9.7,3.2,8.8,34.1,22.43333333,24.6,42,40,52.33333333,48.57142857,3.166666667,3.842857143,6.3,6.3,22.78264547,53.52163789,0.681531419,1,1
6,10,2022,10/6/2022,0.54752606,0,18.5,58,1.5,0,54,12.06,2.26,0.289,279,-0.997017526,0.077175462,-0.866025404,0.5,2.129777303,0.894506467,7.77,1.341759701,2.25,10.1,3.5,9.1,33.6,18.8,23.22857143,56,42,58.66666667,51.57142857,3.633333333,3.4,6.3,6.3,21.19785183,57.26081895,0.414459426,0,0
7,10,2022,10/7/2022,0.7317708,0,17.8,61,10.6,0,71,8.51,1.73,0.267,280,-0.995545794,0.094279222,-0.866025404,0.5,2.038176335,0.794888771,6.942,8.42582097,112.36,10,0.3,3.5,31.3,18.5,22.34285714,56,42,58.33333333,51.71428571,3.2,2.985714286,6.3,6.3,20.38849628,57.63040947,0.124337828,1,1
8,10,2022,10/8/2022,0.001302085,0,16.4,77,4.2,6.1,98,4.22,0.87,0.282,281,-0.99378067,0.111355197,-0.866025404,0.5,1.865266113,0.429011206,3.772,1.801847065,17.64,11.8,0.3,3.5,31,17.93333333,21.14285714,58,42,60,54.42857143,4.633333333,3.728571429,10.6,10.6,19.6119474,59.31520474,0.037301348,2,2
9,10,2022,10/9/2022,1.82E-09,0,16.8,83,1.9,10,99,3.64,0.75,0.352,282,-0.991722674,0.128398355,-0.866025404,0.5,1.913305695,0.325261968,2.856,0.617997739,3.61,13.4,6.1,9.6,37.1,17.56666667,19.64285714,58,42,65.33333333,59.14285714,5.433333333,3.942857143,10.6,10.6,18.64836318,68.15760237,4.281190404,0,0
10,10,2022,10/10/2022,0.034505207,0,19,62,4.7,5.4,75,10.97,1.93,0.34,283,-0.989372413,0.145403674,-0.866025404,0.5,2.197393324,0.835009463,7.22,3.924544476,22.09,11.4,16.1,19.6,47.1,17,17.98571429,61,56,73.66666667,65,5.566666667,4.157142857,10.6,10.6,18.09385422,75.57880118,8.284357121,0,0
11,10,2022,10/11/2022,0.29882812,0,16.6,72,1.8,0.3,100,14.37,2.37,0.315,284,-0.986730579,0.162366141,-0.866025404,0.5,1.889152128,0.528962596,4.648,0.952132672,3.24,11,21.5,21.8,52.5,17.4,17.92857143,62,56,74,65.42857143,3.6,4.428571429,4.7,10.6,18.36569796,68.78940059,6.265307136,0,0
12,10,2022,10/12/2022,0.6985677,0,18.2,61,1.1,0,97,11.28,2,0.297,285,-0.983797952,0.179280759,-0.866025404,0.5,2.090087801,0.815134242,7.098,0.896647667,1.21,10.4,15.7,22.1,52.8,17.46666667,17.51428571,62,58,72.33333333,67.71428571,2.8,3.785714286,4.7,10.6,17.83598857,70.3947003,2.089592141,0,0
13,10,2022,10/13/2022,1.0032552,0,18,66,2,0,78,14.8,2.45,0.284,286,-0.980575394,0.196142541,-0.866025404,0.5,2.063989203,0.701756329,6.12,1.403512658,4,11.2,5.7,21.8,51.7,17.93333333,17.61428571,61,58,65,67.71428571,2.533333333,3.685714286,4.7,10.6,17.945192,65.69735015,0.626877642,1,1
14,10,2022,10/14/2022,1.84375,0,17.1,67,3.6,0,98,12.44,2.12,0.268,287,-0.977063856,0.21294652,-0.866025404,0.5,1.950043263,0.643514277,5.643,2.316651397,12.96,10.5,0.3,21.8,40.2,17.6,17.54285714,61,61,66.33333333,68.85714286,1.633333333,3.757142857,2,10.6,17.9616344,65.84867507,0.188063293,2,2
15,10,2022,10/15/2022,3.3209636,0,18.9,53,4.8,0,85,13.01,2.32,0.265,288,-0.973264374,0.229687742,-0.866025404,0.5,2.183721841,1.026349265,8.883,4.926476474,23.04,9.5,0,21.8,36.1,17.76666667,17.44285714,61,61,64.66666667,69.71428571,2.233333333,2.757142857,3.6,4.7,17.70314408,66.42433754,0.056418988,3,3
16,10,2022,10/16/2022,0.19466145,0,16.2,80,2.2,1.6,100,4.73,0.91,0.297,289,-0.969178065,0.246361274,-0.866025404,0.5,1.84164513,0.368329026,3.24,0.810323857,4.84,12.2,0,15.7,36.1,18,17.8,53,53,62,66.28571429,3.466666667,2.842857143,4.8,4.8,18.06220086,59.71216877,0.016925696,4,4
17,10,2022,10/17/2022,0.083984375,0,18.1,69,3.9,5.1,95,5.9,1.23,0.346,290,-0.964806136,0.262962203,-0.866025404,0.5,2.077002619,0.643870812,5.611,2.511096166,15.21,11.9,1.6,7.3,37.7,17.4,17.71428571,53,53,66.66666667,65.85714286,3.533333333,2.885714286,4.8,4.8,17.5035406,69.85608438,1.125077709,0,0
18,10,2022,10/18/2022,0.40625,0,19.2,62,7.2,0,32,12.91,2.19,0.33,291,-0.960149874,0.279485635,-0.866025404,0.5,2.224961118,0.845485225,7.296,6.08749362,51.84,11.6,6.7,7,42.8,17.73333333,17.58571429,53,53,67.33333333,66.85714286,3.633333333,2.771428571,4.8,4.8,17.68247842,69.42804219,3.907523313,0,0
19,10,2022,10/19/2022,0.640625,0,19,70,0,0,42,14.31,2.32,0.321,292,-0.955210651,0.295926701,-0.866025404,0.5,2.197393324,0.659217997,5.7,0,0,13,6.7,6.7,42.8,17.83333333,17.95714286,62,53,70.33333333,65.42857143,4.433333333,3.542857143,7.2,7.2,18.13773489,65.7140211,1.172256994,1,1
20,10,2022,10/20/2022,0.47460938,0,17.9,58,5.6,0.5,87,8.36,1.43,0.32,293,-0.949989923,0.312280557,-0.866025404,0.5,2.051047219,0.861439832,7.518,4.824063059,31.36,9.5,5.1,6.7,42.5,18.76666667,18.07142857,62,53,67,66.71428571,3.7,3.385714286,7.2,7.2,18.39641443,67.85701055,0.351677098,2,2
21,10,2022,10/21/2022,0.2063802,0,12.1,62,3,2,48,7.96,1.2,0.316,294,-0.944489229,0.328542382,-0.866025404,0.5,1.411839132,0.53649887,4.598,1.609496611,9,4.5,0.5,7.2,43,18.7,18.05714286,58,53,63.33333333,65.57142857,4.266666667,3.9,7.2,7.2,18.2474901,62.92850527,0.455503129,0,0
22,10,2022,10/22/2022,0.54817706,0,13.3,51,6.6,0,2,15.08,2.11,0.306,295,-0.938710189,0.344707384,-0.866025404,0.5,1.527417713,0.748434679,6.517,4.939668884,43.56,3.5,2.5,9.2,45,16.33333333,17.34285714,58,53,63.33333333,64.85714286,2.866666667,3.814285714,5.6,7.2,16.40324307,62.46425264,1.536650939,0,0
23,10,2022,10/23/2022,2.796875,0,15.1,47,4.2,0,39,11.96,2.03,0.297,296,-0.932654508,0.360770799,-0.866025404,0.5,1.716356408,0.909668896,8.003,3.820609364,17.64,4.5,2.5,9.2,41.7,14.43333333,16.54285714,51,51,57,64.57142857,5.066666667,4.071428571,6.6,7.2,15.47227015,56.73212632,0.460995282,1,1
24,10,2022,10/24/2022,3.6699219,0,17.1,60,3,0,40,10.55,1.65,0.293,297,-0.926323968,0.376727894,-0.866025404,0.5,1.950043263,0.780017305,6.84,2.340051916,9,9.1,2,7.6,41,13.5,16.38571429,47,47,53.33333333,59.85714286,4.6,4.357142857,6.6,7.2,15.3605891,51.86606316,0.138298584,2,2
25,10,2022,10/25/2022,4.4023438,0,15.9,60,3.1,0,2,13.99,2.14,0.283,298,-0.919720437,0.392573965,-0.866025404,0.5,1.806705129,0.722682052,6.36,2.24031436,9.61,7.9,0,2.5,40.1,15.16666667,16.24285714,47,47,52.66666667,58.57142857,4.6,4.228571429,6.6,7.2,15.88241237,55.93303158,0.041489575,3,3
26,10,2022,10/26/2022,7.4309897,0,17.4,51,3.9,0,47,12.21,2.02,0.281,299,-0.91284586,0.408304342,-0.866025404,0.5,1.987397189,0.973824623,8.526,3.797916028,15.21,7.6,0,2.5,40.1,16.03333333,15.77142857,47,47,55.66666667,58.28571429,3.433333333,3.642857143,4.2,6.6,15.88768866,57.96651579,0.012446873,4,4
27,10,2022,10/27/2022,5.6022134,0,16.2,68,2.4,0.4,55,10.45,1.7,0.285,300,-0.905702263,0.423914391,-0.866025404,0.5,1.84164513,0.589326442,5.184,1.41438346,5.76,9.8,0,2.5,40.1,16.8,15.54285714,51,47,57,55.57142857,3.333333333,4.2,3.9,6.6,16.34138206,54.48325789,0.003734062,5,5
28,10,2022,10/28/2022,5.604818,0,14.9,58,1.1,0,15,13.03,1.94,0.276,301,-0.898291752,0.43939951,-0.866025404,0.5,1.694398038,0.711647176,6.258,0.782811893,1.21,6.5,0.4,2.4,40.5,16.5,15.3,51,47,59.66666667,57,3.133333333,3.742857143,3.9,6.6,16.29896744,61.24162895,0.281120219,0,0
29,10,2022,10/29/2022,5.986979,0,12.7,69,2.5,0,43,13.36,1.93,0.266,302,-0.890616509,0.454755136,-0.866025404,0.5,1.468630442,0.455275437,3.937,1.138188593,6.25,6.5,0.4,0.4,40.5,16.16666667,15.7,51,47,59,56.42857143,2.466666667,3.471428571,3.9,6.6,15.87927721,59.62081447,0.084336066,1,1
30,10,2022,10/30/2022,6.0768228,0,13.8,61,0.8,0,0,13.27,1.95,0.251,303,-0.882678798,0.469976743,-0.866025404,0.5,1.577974609,0.615410098,5.382,0.492328078,0.64,6,0.4,0.4,34.9,14.6,15.61428571,58,47,65,59,2,2.885714286,2.5,4.2,14.92549405,64.31040724,0.02530082,2,2
31,10,2022,10/31/2022,3.5976562,0,15.9,49,1.5,0,46,9.86,1.62,0.24,304,-0.874480958,0.485059846,-0.866025404,0.5,1.806705129,0.921419616,8.109,1.382129424,2.25,5.7,0,0.4,34.9,13.8,15.42857143,58,51,62.66666667,61,1.466666667,2.4,2.5,3.9,14.58784583,62.65520362,0.007590246,3,3
1,5,2023,5/1/2023,0.34179688,0,16.1,43,7.9,0,34,25.36,3.83,0.394,121,0.874480958,-0.485059846,0.5,-0.866025404,1.829933244,1.043061949,9.177,8.2401894,62.41,4.7,0,0.4,34.9,14.13333333,15.25714286,49,49,59.66666667,59.42857143,1.6,2.185714286,2.5,3.9,14.98149208,55.82760181,0.002277074,4,4
2,5,2023,5/2/2023,0.85221356,0,15.7,50,4.2,0.1,12,25.29,3.98,0.381,122,0.866025404,-0.5,0.5,-0.866025404,1.783735831,0.891867916,7.85,3.745845246,17.64,5.7,0,0.4,34.9,15.26666667,15.28571429,43,43,51,57,3.4,2.871428571,7.9,7.9,15.31704446,49.4138009,0.000683122,5,5
3,5,2023,5/3/2023,3.2226562,0,18.6,53,4.7,0,63,27.01,4.69,0.367,123,0.857314628,-0.514792802,0.5,-0.866025404,2.143152914,1.00728187,8.742,4.734224788,22.09,9.2,0.1,0.5,31.8,15.9,15.04285714,43,43,47.33333333,56.85714286,4.533333333,2.914285714,7.9,7.9,15.43193112,49.70690045,0.070204937,0,0
4,5,2023,5/4/2023,3.2786458,0,20.1,56,4.1,0,88,20.75,3.87,0.358,124,0.848351198,-0.529433891,0.5,-0.866025404,2.352795129,1.035229857,8.844,4.244442413,16.81,11.3,0.1,0.1,31.8,16.8,15.38571429,43,43,48.66666667,54.71428571,5.6,3.242857143,7.9,7.9,16.38235178,51.35345023,0.021061481,1,1
5,5,2023,5/5/2023,2.3971355,0,20.7,62,3,0,98,19.93,3.54,0.349,125,0.839137755,-0.543918954,0.5,-0.866025404,2.441543871,0.927786671,7.866,2.783360014,9,13.1,0.1,0.1,31.5,18.13333333,16.12857143,50,43,53,54.42857143,4.333333333,3.671428571,4.7,7.9,17.49764625,53.67672511,0.006318444,2,2
6,5,2023,5/6/2023,1.0690104,0,19.1,60,2.5,11,88,20.01,3.52,0.352,126,0.829677014,-0.558243722,0.5,-0.866025404,2.211139634,0.884455854,7.64,2.211139634,6.25,11.1,0,0.1,31.5,19.8,17.27142857,53,43,57,53.42857143,3.933333333,3.742857143,4.7,7.9,18.45835237,57.83836256,0.001895533,3,3
7,5,2023,5/7/2023,0.62109375,0,13.7,80,6.8,2.1,100,5.57,1.08,0.343,127,0.819971763,-0.572403973,0.5,-0.866025404,1.567747369,0.313549474,2.74,2.132136422,46.24,9.7,11,11.1,42.5,19.96666667,18.02857143,56,43,59.33333333,53.28571429,3.2,3.985714286,4.1,7.9,18.65084666,58.91918128,7.70056866,0,0
8,5,2023,5/8/2023,0.35351562,0,15.9,72,5.4,0.3,91,14.66,2.48,0.353,128,0.810024863,-0.586395533,0.5,-0.866025404,1.806705129,0.505877436,4.452,2.731738155,29.16,10.3,13.1,13.2,38.5,17.83333333,17.71428571,60,43,67.33333333,57.71428571,4.1,4.742857143,6.8,7.9,17.16559266,69.45959064,3.780170598,0,0
9,5,2023,5/9/2023,0.5657552,0,17.6,54,6.2,0.3,98,20.26,3.27,0.347,129,0.799839245,-0.600214281,0.5,-0.866025404,2.012646543,0.92581741,8.096,5.74006794,38.44,8.4,13.4,13.5,28.8,16.23333333,17.68571429,60,50,70.66666667,61.85714286,4.9,4.385714286,6.8,6.8,16.78591486,70.72979532,1.344051179,0,0
10,5,2023,5/10/2023,0.82161456,0,12.2,82,2.3,7.1,98,8.34,1.51,0.364,130,0.78941791,-0.613856142,0.5,-0.866025404,1.421168221,0.25581028,2.196,0.588363643,5.29,8.6,2.7,13.7,23.7,15.73333333,17.95714286,54,53,68.66666667,62.42857143,6.133333333,4.671428571,6.8,6.8,17.03014041,62.36489766,0.613215354,0,0
11,5,2023,5/11/2023,1.1627604,0,16.2,72,2.3,3.3,90,17.79,3.01,0.36,131,0.778763931,-0.627317097,0.5,-0.866025404,1.84164513,0.515660637,4.536,1.186019464,5.29,10.6,7.7,20.8,30.5,15.23333333,17.04285714,54,54,69.33333333,66.57142857,4.633333333,4.328571429,6.2,6.8,15.58109828,72.18244883,5.153964606,0,0
12,5,2023,5/12/2023,1.7161459,0,15.1,83,5.6,1.5,100,17.02,2.82,0.35,132,0.767880446,-0.640593179,0.5,-0.866025404,1.716356408,0.291780589,2.567,1.6339713,31.36,11.7,10.7,24.1,33.8,15.33333333,16.48571429,54,54,69.33333333,68.85714286,3.6,4.071428571,6.2,6.8,15.7667688,72.09122441,3.856189382,0,0
13,5,2023,5/13/2023,1.9648438,0,14.6,74,7.6,0.1,94,11.59,2.03,0.345,133,0.756770663,-0.653680475,0.5,-0.866025404,1.661922381,0.432099819,3.796,3.283958624,57.76,9.4,11.9,25.6,35.3,14.5,15.68571429,72,54,79,71.85714286,3.4,4.442857143,5.6,6.8,15.56673816,77.54561221,2.206856815,0,0
14,5,2023,5/14/2023,3.563802,0,18.3,52,1.5,0.1,76,25.95,4.34,0.332,134,0.745437857,-0.666575128,0.5,-0.866025404,2.103245085,1.009557641,8.784,1.514336461,2.25,8.7,4.9,14.7,35.4,15.3,15.04285714,72,54,76.33333333,73.85714286,5.166666667,5.171428571,7.6,7.6,15.27671671,75.7728061,0.732057044,0,0
15,5,2023,5/15/2023,5.7402344,0,21.2,50,2.8,0,79,27.26,4.83,0.328,135,0.733885366,-0.679273339,0.5,-0.866025404,2.517722492,1.258861246,10.6,3.524811489,7.84,11.2,1.7,12.7,35.5,16,15.7,52,52,69.66666667,69.85714286,4.9,4.414285714,7.6,7.6,16.1837017,63.88640305,0.289617113,0,0
16,5,2023,5/16/2023,7.057943,0,24.7,55,3.4,0,76,27.28,5.1,0.311,136,0.722116597,-0.691771365,0.5,-0.866025404,3.111609911,1.40022446,11.115,4.760763164,11.56,15.7,0.2,12.4,33.9,18.03333333,16.45714286,50,50,58.66666667,66.71428571,3.966666667,4.042857143,7.6,7.6,17.68859119,56.94320153,0.086885134,1,1
17,5,2023,5/17/2023,7.8821616,0,26.1,53,3.6,0,74,20.62,3.89,0.316,137,0.710135016,-0.704065522,0.5,-0.866025404,3.381361812,1.589240052,12.267,5.721264186,12.96,16.7,0.1,12.1,28.8,21.4,17.47142857,50,50,52.33333333,66.85714286,2.566666667,3.642857143,3.4,7.6,19.79201383,55.97160076,0.02606554,2,2
18,5,2023,5/18/2023,2.2819011,0,22.1,65,2.7,9,88,16.25,2.88,0.332,138,0.697944155,-0.716152188,0.5,-0.866025404,2.660089335,0.931031267,7.735,2.513784422,7.29,15.1,0,5,28.8,24,19.45714286,50,50,52.66666667,62.71428571,3.266666667,3.828571429,3.6,7.6,21.68440968,54.48580038,0.007819662,3,3
19,5,2023,5/19/2023,0.06966146,0,16,80,9.5,4.5,89,10.97,1.87,0.359,139,0.685547606,-0.728027801,0.5,-0.866025404,1.81828668,0.363657336,3.2,3.454744693,90.25,12,9,10.7,37.8,24.3,20.3,53,50,57.66666667,61.71428571,3.233333333,3.885714286,3.6,7.6,21.80908678,59.74290019,6.302345899,0,0
20,5,2023,5/20/2023,0.45247397,0,17.9,68,1.6,1,96,15.52,2.74,0.346,140,0.672949024,-0.739688861,0.5,-0.866025404,2.051047219,0.65633511,5.728,1.050136176,2.56,11.5,13.5,13.7,41.8,21.4,20.42857143,53,50,66,61.28571429,5.266666667,4.442857143,9.5,9.5,20.06636074,69.8714501,5.04070377,0,0
21,5,2023,5/21/2023,1.3209635,0,20.4,66,1.1,0.5,92,19.3,3.4,0.337,141,0.660152121,-0.751131931,0.5,-0.866025404,2.39681041,0.81491554,6.936,0.896407094,1.21,13.6,14.5,14.6,40.8,18.66666667,20.9,65,50,71,60.42857143,4.6,3.585714286,9.5,9.5,19.41645252,68.93572505,2.212211131,0,0
22,5,2023,5/22/2023,1.5097656,0,21,65,1.3,4.5,85,22.92,4,0.331,142,0.647160667,-0.762353639,0.5,-0.866025404,2.487005397,0.870451889,7.35,1.131587456,1.69,14,6,15,41.3,18.1,21.2,66,50,71.33333333,62.42857143,4.066666667,3.528571429,9.5,9.5,19.71151676,67.46786252,1.013663339,0,0
23,5,2023,5/23/2023,1.9895834,0,20.6,66,1.8,1.3,99,14.36,2.64,0.339,143,0.633978493,-0.773350678,0.5,-0.866025404,2.426552312,0.825027786,7.004,1.485050015,3.24,13.8,6,19.5,45.8,19.76666667,21.17142857,65,53,66.33333333,64.57142857,1.333333333,3.314285714,1.6,9.5,20.09806174,66.23393126,3.454099002,0,0
24,5,2023,5/24/2023,0.8248698,0,19.5,72,2.9,14.1,97,14.28,2.55,0.381,144,0.620609482,-0.784119807,0.5,-0.866025404,2.266880101,0.634726428,5.46,1.840706642,8.41,13.9,6.3,20.8,47.1,20.66666667,20.58571429,65,53,65.66666667,66.14285714,1.4,3.085714286,1.8,9.5,20.24864321,66.11696563,1.946229701,0,0
25,5,2023,5/25/2023,0.8235677,0,21.2,66,0.7,5.8,90,19.7,3.48,0.368,145,0.607057574,-0.794657852,0.5,-0.866025404,2.517722492,0.856025647,7.208,0.599217953,0.49,14.4,19.9,34.9,61.2,20.36666667,19.64285714,65,65,67.66666667,68.85714286,2,2.985714286,2.9,9.5,20.02405025,69.05848282,10.45386891,0,0
26,5,2023,5/26/2023,1.186849,0,21.7,60,3,2,85,17.73,3.18,0.366,146,0.593326764,-0.804961708,0.5,-0.866025404,2.595969994,1.038387998,8.68,3.115163993,9,13.7,21.2,31.7,67,20.43333333,19.51428571,66,65,68,69,1.8,2.7,2.9,9.5,20.37683518,67.52924141,7.196160673,0,0
27,5,2023,5/27/2023,2.2584636,0,22.6,63,1.8,0.3,73,21.29,3.85,0.357,147,0.579421098,-0.815028338,0.5,-0.866025404,2.742180549,1.014606803,8.362,1.826292246,3.24,15.2,21.9,29.2,68.6,20.8,20.32857143,60,60,66,66.14285714,2.2,1.771428571,3,3,20.77378462,63.7646207,3.558848202,0,0
28,5,2023,5/28/2023,2.4765625,0,22.7,70,3.1,4.4,79,21.14,3.73,0.366,148,0.565344674,-0.824854775,0.5,-0.866025404,2.758861627,0.827658488,6.81,2.565741313,9.61,16.7,8.1,28.5,68.9,21.83333333,21,60,60,63,65.42857143,1.833333333,1.8,3,3,21.32164924,63.38231035,1.277654461,0,0
29,5,2023,5/29/2023,1.156901,0,21.8,68,4.2,2.1,92,20.5,3.66,0.38,149,0.55110164,-0.834438124,0.5,-0.866025404,2.611871906,0.83579901,6.976,3.510355842,17.64,15.4,6.7,32.4,73.3,22.33333333,21.32857143,60,60,64.33333333,66,2.633333333,2.085714286,3.1,3.1,21.73515447,66.69115518,3.463296338,0,0
30,5,2023,5/30/2023,0.46679688,0,18.2,83,5,24.9,81,11.19,2.02,0.404,150,0.536696194,-0.84377556,0.5,-0.866025404,2.090087801,0.355314926,3.094,1.776574631,25,14.8,6.8,30,75.4,22.36666667,21.44285714,63,60,67,66.42857143,3.033333333,2.5,4.2,4.2,21.75460813,67.34557759,2.508988901,0,0
31,5,2023,5/31/2023,0.5605469,0,21.7,67,2.6,2.6,86,20.44,3.69,0.411,151,0.522132581,-0.852864331,0.5,-0.866025404,2.595969994,0.856670098,7.161,2.227342255,6.76,15.1,31.4,53.6,100.3,20.9,21.1,68,60,73.66666667,68.85714286,4.1,2.957142857,5,5,20.68822569,75.17278879,18.18269667,0,0
1,6,2023,6/1/2023,1.3697916,0,22,55,2.6,0.2,77,24.99,4.42,0.393,152,0.507415093,-0.86170176,1.22E-16,-1,2.643931192,1.189769036,9.9,3.093399495,6.76,13,29.6,42.1,102.9,20.56666667,21.41428571,67,60,72.66666667,68.14285714,3.933333333,2.914285714,5,5,20.99175798,71.0863944,7.274809001,0,0
2,6,2023,6/2/2023,3.0911458,0,23.7,58,3.3,0.1,47,27.7,5.08,0.372,153,0.492548068,-0.870285241,1.22E-16,-1,2.930607375,1.230855097,9.954,4.061821821,10.89,15.3,27.7,36.5,103,20.63333333,21.52857143,55,55,68.33333333,66.57142857,3.4,3.185714286,5,5,21.29423059,63.0431972,2.3224427,0,0
3,6,2023,6/3/2023,2.921875,0,23.7,67,7.7,2.3,68,18.81,3.43,0.379,154,0.477535886,-0.878612245,1.22E-16,-1,2.930607375,0.967100434,7.821,7.446673339,59.29,17.1,2.9,34.6,103.1,22.46666667,21.81428571,55,55,60,66.28571429,2.833333333,3.228571429,3.3,5,22.01596141,60.5215986,0.76673281,0,0
4,6,2023,6/4/2023,1.80E-09,0,18.8,81,2.6,18.8,100,6.15,1.31,0.427,155,0.462382973,-0.886680318,1.22E-16,-1,2.170124842,0.41232372,3.572,1.072041672,6.76,15,2.6,36.6,105.4,23.13333333,21.97142857,55,55,60,66.85714286,4.533333333,4.071428571,7.7,7.7,22.52117299,63.7607993,1.840019843,0,0
5,6,2023,6/5/2023,0.039713543,0,20.7,68,4.8,6.1,84,13.5,2.54,0.414,156,0.447093793,-0.894487082,1.22E-16,-1,2.441543871,0.781294039,6.624,3.750211387,23.04,14.3,21.2,51,124.2,22.06666667,21.41428571,58,55,68.66666667,68.42857143,4.533333333,4,7.7,7.7,21.40482109,72.38039965,13.71200595,0,0
6,6,2023,6/6/2023,0.6191406,0,21.7,65,5.3,0.3,39,23.62,4.36,0.396,157,0.431672852,-0.902030237,1.22E-16,-1,2.595969994,0.908589498,7.595,4.815524339,28.09,14.7,27.2,55,119.3,21.06666667,21.25714286,67,55,72,68.42857143,5.033333333,4.085714286,7.7,7.7,21.19337476,70.19019982,8.383601786,0,0
7,6,2023,6/7/2023,1.5429688,0,24.9,57,2,0,28,28.73,5.36,0.378,158,0.416124696,-0.909307559,1.22E-16,-1,3.148957679,1.354051802,10.707,2.708103604,4,16.3,25.2,30.4,117.5,20.4,21.75714286,65,55,71.33333333,65.85714286,4.233333333,4.128571429,5.3,7.7,21.34536233,67.59509991,2.725080536,0,0
8,6,2023,6/8/2023,3.9407551,0,25.9,61,1.6,0,56,25.62,4.98,0.353,159,0.400453906,-0.916316904,1.22E-16,-1,3.341620215,1.303231884,10.101,2.085171014,2.56,18.1,6.4,27.8,117.2,22.43333333,22.21428571,57,55,63.33333333,64.42857143,4.033333333,4.042857143,5.3,7.7,22.41175363,62.29754996,0.817524161,1,1
9,6,2023,6/9/2023,4.5904946,0,24.6,62,5.8,0.2,93,18.96,3.6,0.364,160,0.3846651,-0.923056207,1.22E-16,-1,3.09308133,1.175370905,9.348,6.81715125,33.64,17,0.3,27.6,116.9,24.16666667,22.77142857,57,57,61,65.28571429,2.966666667,3.9,5.3,7.7,23.45822754,61.64877498,0.245257248,2,2
10,6,2023,6/10/2023,5.1165366,0,24.5,59,2.3,1.1,47,27.26,5.05,0.364,161,0.368762931,-0.92952348,1.22E-16,-1,3.074649051,1.260606111,10.045,2.899394055,5.29,16.3,0.2,27.7,110,25.13333333,22.9,57,57,60,65.85714286,3.133333333,4.257142857,5.8,7.7,23.80075928,61.82438749,0.213577174,0,0
11,6,2023,6/11/2023,6.8990884,0,25.1,50,1.5,0,87,27.87,5.12,0.34,162,0.352752087,-0.935716819,1.22E-16,-1,3.186695762,1.593347881,12.55,2.390021822,2.25,15.1,1.3,26.5,107.8,25,23.01428571,59,57,60.66666667,64.71428571,3.233333333,3.485714286,5.8,5.8,24.0105315,60.41219374,0.834073152,0,0
12,6,2023,6/12/2023,5.0611978,0,23.3,58,10,0.4,77,21.15,3.75,0.333,163,0.336637284,-0.941634398,1.22E-16,-1,2.86082113,1.201544874,9.786,12.01544874,100,14.9,1.3,7.7,106.3,24.73333333,23.91428571,50,50,57,60.28571429,3.2,3.328571429,5.8,5.8,24.33737205,55.20609687,0.250221946,1,1
13,6,2023,6/13/2023,0.390625,0,22.5,69,6.9,1.5,85,19.78,3.58,0.348,164,0.320423273,-0.947274472,1.22E-16,-1,2.725587607,0.844932158,6.975,5.830031891,47.61,16.3,1.5,2,106.6,24.3,24.28571429,50,50,55.66666667,58.85714286,4.6,4.071428571,10,10,24.02616043,56.60304844,0.355066584,0,0
14,6,2023,6/14/2023,0.57096356,0,23.4,60,6.8,0.9,83,22.15,3.95,0.337,165,0.304114832,-0.952635381,1.22E-16,-1,2.878130285,1.151252114,9.36,7.828514375,46.24,15.4,1.9,3.2,108,23.63333333,24.4,50,50,59,59.42857143,6.133333333,4.3,10,10,23.5683123,62.80152422,1.156519975,0,0
15,6,2023,6/15/2023,1.1074219,0,24.1,56,3.4,1.3,60,25.2,4.77,0.328,166,0.287716767,-0.957715543,1.22E-16,-1,3.001874544,1.3208248,10.604,4.490804318,11.56,15.3,2.8,4.1,108.9,23.06666667,24.18571429,58,50,62.33333333,59.85714286,7.9,4.985714286,10,10,23.51781861,61.40076211,0.976955993,0,0
16,6,2023,6/16/2023,4.2018228,0,26.2,59,2.3,0,84,26.13,5.13,0.311,167,0.271233911,-0.962513463,1.22E-16,-1,3.40138661,1.39456851,10.742,3.207507573,5.29,18,3.7,5.4,110.2,23.33333333,23.92857143,56,50,61.66666667,59.14285714,5.7,5.242857143,6.9,10,23.69247303,58.70038105,1.203086798,0,0
17,6,2023,6/17/2023,6.1666665,0,27,59,3.1,0.4,62,23.87,4.6,0.322,168,0.25467112,-0.967027725,1.22E-16,-1,3.565340176,1.461789472,11.07,4.531547363,9.61,18.8,2.2,5.2,110.2,24.56666667,24.15714286,56,50,58.33333333,58.71428571,4.166666667,4.742857143,6.8,10,24.44473112,58.85019053,0.360926039,1,1
18,6,2023,6/18/2023,0.056640625,0,23,71,4.3,13.9,92,15.65,3.02,0.383,169,0.238033277,-0.971256999,1.22E-16,-1,2.809437622,0.81473691,6.67,3.503368715,18.49,17.2,1.7,4.5,101.6,25.76666667,24.51428571,56,50,58,58.71428571,2.933333333,4.857142857,3.4,10,25.21131178,58.92509526,0.388277812,0,0
19,6,2023,6/19/2023,0.26822916,0,24.4,59,5.4,1.5,95,18.9,3.53,0.375,170,0.221325284,-0.97520004,1.22E-16,-1,3.056312653,1.253088188,10.004,6.766676214,29.16,16.2,14.3,18.4,111,25.4,24.21428571,59,56,63,61.71428571,3.233333333,5.257142857,4.3,10,24.54791825,64.96254763,9.846483344,0,0
20,6,2023,6/20/2023,0.000651044,0,18.6,88,5.2,14.7,94,6.87,1.36,0.402,171,0.204552066,-0.978855685,1.22E-16,-1,2.143152914,0.25717835,2.232,1.337327419,27.04,16.2,15.8,19.5,111.5,24.8,24.37142857,59,56,63,61.85714286,4.266666667,4.6,5.4,6.9,24.50354277,61.98127382,4.003945003,0,0
21,6,2023,6/21/2023,0.029947916,0,23,61,3.6,3.1,56,21.7,4,0.379,172,0.187718565,-0.982222857,1.22E-16,-1,2.809437622,1.095680673,8.97,3.944450422,12.96,15.2,30.1,32.7,125.7,22,23.81428571,59,56,72.66666667,64.57142857,4.966666667,4.357142857,5.4,6.8,22.73247994,74.99063691,11.4911835,0,0
22,6,2023,6/22/2023,0.32747397,0,23.6,57,3.7,0.2,30,27.37,5.08,0.354,173,0.170829743,-0.985300563,1.22E-16,-1,2.913023,1.25259989,10.148,4.634619594,13.69,15,19.3,34.9,124.3,22,23.75714286,59,56,69.33333333,64.71428571,4.733333333,3.9,5.4,5.4,22.81273596,67.99531845,5.61735505,0,0
23,6,2023,6/23/2023,1.796875,0,25.4,40,4.8,0,1,30.53,5.8,0.335,174,0.153890577,-0.988087896,1.22E-16,-1,3.244042238,1.946425343,15.24,9.342841646,23.04,13.4,18,33.8,123.2,21.73333333,23.68571429,57,57,68.66666667,64.85714286,4.166666667,3.942857143,5.2,5.4,23.04891517,62.49765923,1.825206515,0,0
24,6,2023,6/24/2023,5.4498696,0,27.2,41,1.9,0,0,31.19,6.12,0.322,175,0.136906058,-0.990584035,1.22E-16,-1,3.607388303,2.128359098,16.048,4.043882287,3.61,15.4,3.3,33.8,109.1,24,23.57142857,40,40,52.66666667,62.14285714,4.033333333,4.3,4.8,5.4,23.75424062,51.24882961,0.547561955,1,1
25,6,2023,6/25/2023,6.9700522,0,28.9,42,2.5,0,4,29.53,5.88,0.314,176,0.119881192,-0.992788245,1.22E-16,-1,3.982587166,2.309900556,16.762,5.77475139,6.25,17.3,0.2,33.4,103.3,25.4,23.6,40,40,46,59.57142857,3.466666667,4.128571429,4.8,5.4,24.78796843,46.12441481,0.164268586,2,2
26,6,2023,6/26/2023,7.223307,0,28,53,8.7,0,31,25.69,4.97,0.302,177,0.102820997,-0.994699876,1.22E-16,-1,3.779930364,1.776567271,13.16,15.45613526,75.69,18.6,0,19.5,101.3,27.16666667,24.44285714,40,40,41,55.42857143,3.066666667,3.871428571,4.8,5.4,26.0215779,44.0622074,0.049280576,3,3
27,6,2023,6/27/2023,3.9179688,0,24.9,61,4,3.1,55,21.86,4.17,0.319,178,0.0857305,-0.996318363,1.22E-16,-1,3.148957679,1.228093495,9.711,4.91237398,16,17.1,0,18,101,28.03333333,24.95714286,41,40,45.33333333,54.57142857,4.366666667,4.342857143,8.7,8.7,26.61510453,48.5311037,0.014784173,4,4
28,6,2023,6/28/2023,2.201823,0,27.1,53,2.3,0.4,9,27.76,5.33,0.315,179,0.068614738,-0.997643232,1.22E-16,-1,3.586310566,1.685565966,12.737,3.876801722,5.29,17.7,3.1,6.4,99.7,27.26666667,25.85714286,42,40,52,50.71428571,5.066666667,4.171428571,8.7,8.7,26.10057317,54.76555185,2.174435252,0,0
29,6,2023,6/29/2023,4.7154946,0,26.2,38,10.2,0.6,42,23.01,4.23,0.316,180,0.051478755,-0.99867409,1.22E-16,-1,3.40138661,2.108859698,16.244,21.51036892,104.04,13.8,3.5,3.7,98,26.66666667,26.44285714,53,40,55.66666667,49.57142857,5,3.985714286,8.7,8.7,26.40040122,53.88277593,0.932330576,0,0
30,6,2023,6/30/2023,0.5338542,0,24.5,44,4.7,4.6,41,25.54,4.67,0.306,181,0.034327601,-0.999410634,1.22E-16,-1,3.074649051,1.721803468,13.72,8.092476302,22.09,13.3,4.1,4.1,73.7,26.06666667,26.81428571,38,38,50.66666667,46.85714286,5.5,4.914285714,10.2,10.2,26.34028085,45.94138796,0.699699173,0,0
1,7,2023,7/1/2023,2.5930989,0,25.9,37,3.4,0,7,30.96,5.79,0.284,182,0.01716633,-0.999852648,-0.5,-0.866025404,3.341620215,2.105220736,16.317,7.157750501,11.56,13.3,5.6,8.7,75.7,25.93333333,26.68571429,38,38,45,47.42857143,5.733333333,4.9,10.2,10.2,25.7881966,44.97069398,3.429909752,0,0
2,7,2023,7/2/2023,6.3580728,0,29.3,41,4.5,0,5,28.74,5.66,0.266,183,1.22E-16,-1,-0.5,-0.866025404,4.075649206,2.404633031,17.287,10.82084864,20.25,17.5,5.2,8.7,75.5,25.53333333,26.5,37,37,39.66666667,46.85714286,6.1,5.114285714,10.2,10.2,25.82173762,40.98534699,1.028972926,1,1
3,7,2023,7/3/2023,9.650391,0,30.9,39,2.9,0,33,25.79,5.17,0.262,184,-0.01716633,-0.999852648,-0.5,-0.866025404,4.467078664,2.724917985,18.849,7.902262157,8.41,18.7,4.6,8.7,75.4,26.56666667,26.55714286,37,37,40.66666667,46.71428571,4.2,5.4,4.7,10.2,26.86521633,40.9926735,0.308691878,2,2
4,7,2023,7/4/2023,10.1067705,0,30.7,48,1.8,0,18,25.41,5.1,0.255,185,-0.034327601,-0.999410634,-0.5,-0.866025404,4.416429033,2.296543097,15.964,4.133777575,3.24,20.3,0,8.7,73.1,28.7,26.97142857,37,37,39,44.71428571,3.6,4.571428571,4.5,10.2,28.07565143,39.99633675,0.092607563,3,3
5,7,2023,7/5/2023,10.0286455,0,31.5,36,2.9,0.8,38,28.27,5.85,0.244,186,-0.051478755,-0.99867409,-0.5,-0.866025404,4.622068903,2.958124098,20.16,8.578559884,8.41,18.7,0,5.6,54.3,30.3,27.8,39,37,42.66666667,42.85714286,3.066666667,4.257142857,4.5,10.2,28.862956,43.99816837,0.027782269,4,4
6,7,2023,7/6/2023,11.635417,0,32.2,36,2.2,0,19,26.85,5.72,0.234,187,-0.068614738,-0.997643232,-0.5,-0.866025404,4.808777365,3.077617514,20.608,6.77075853,4.84,19.4,0.8,6,49,31.03333333,28.42857143,36,36,41,40.42857143,2.533333333,4.342857143,2.9,10.2,29.6540692,39.99908419,0.568334681,0,0
7,7,2023,7/7/2023,12.026692,0,30.5,49,5.8,0,72,24.32,5,0.226,188,-0.0857305,-0.996318363,-0.5,-0.866025404,4.366279321,2.226802453,15.555,12.91545423,33.64,20.3,0.8,5.4,48.7,31.46666667,29.28571429,36,36,40,40.14285714,2.3,3.2,2.9,4.7,30.41784844,37.99954209,0.170500404,1,1
8,7,2023,7/8/2023,1.4042969,0,27.7,48,10,1.3,88,17.63,3.35,0.241,189,-0.102820997,-0.994699876,-0.5,-0.866025404,3.714403381,1.931489758,14.404,19.31489758,100,17.3,0.8,0.8,48.7,31.4,30.14285714,36,36,40.33333333,40.85714286,3.633333333,3.357142857,5.8,5.8,30.44249391,43.49977105,0.051150121,2,2
9,7,2023,7/9/2023,0.00325521,0,22.7,72,13.7,4.8,99,8.63,1.69,0.369,190,-0.119881192,-0.992788245,-0.5,-0.866025404,2.758861627,0.772481255,6.356,10.5829932,187.69,17.1,1.3,2.1,50,30.13333333,30.4,36,36,44.33333333,42.42857143,6,4.3,10,10,29.61974574,45.74988552,0.925345036,0,0
10,7,2023,7/10/2023,0.072265625,0,23.7,57,8.5,16.5,57,21.3,3.88,0.394,191,-0.136906058,-0.990584035,-0.5,-0.866025404,2.930607375,1.260161171,10.191,10.71136995,72.25,15.1,6.1,6.9,54.6,26.96666667,29.45714286,48,36,56.33333333,46.85714286,9.833333333,5.614285714,13.7,13.7,27.54382202,58.87494276,3.637603511,0,0
11,7,2023,7/11/2023,0.6302083,0,25.4,48,8,1.8,24,26.72,4.93,0.359,192,-0.153890577,-0.988087896,-0.5,-0.866025404,3.244042238,1.686901964,13.208,13.49521571,64,15,22.6,23.4,70,24.7,28.42857143,48,36,59,49.42857143,10.73333333,6.414285714,13.7,13.7,26.39067541,57.93747138,12.64128105,0,0
12,7,2023,7/12/2023,3.0774739,0,28.4,45,5,1.1,12,27.24,5.38,0.344,193,-0.170829743,-0.985300563,-0.5,-0.866025404,3.868863717,2.127875044,15.62,10.63937522,25,17.4,23.1,25.2,71.8,23.93333333,27.67142857,48,36,59,49.42857143,10.06666667,7.3,13.7,13.7,26.09347279,52.96873569,5.052384316,0,0
13,7,2023,7/13/2023,5.7246094,0,29.3,42,1.8,0,2,29.36,5.83,0.32,194,-0.187718565,-0.982222857,-0.5,-0.866025404,4.075649206,2.363876539,16.994,4.254977771,3.24,17.7,19.4,25.5,72.5,25.83333333,27.22857143,45,36,50,50.71428571,7.166666667,7.6,8.5,13.7,26.78543095,48.98436785,2.285715295,0,0
14,7,2023,7/14/2023,8.286458,0,31.7,42,3.4,0,1,29.39,6.09,0.304,195,-0.204552066,-0.978855685,-0.5,-0.866025404,4.67476018,2.711360905,18.386,9.218627076,11.56,20.1,2.9,25.5,71,27.7,26.81428571,42,42,45,51.57142857,4.933333333,7.542857143,8,13.7,27.53980167,45.49218392,0.685714588,1,1
15,7,2023,7/15/2023,10.324219,0,30.1,45,4,0,8,29.06,5.78,0.282,196,-0.221325284,-0.97520004,-0.5,-0.866025404,4.267463105,2.347104707,16.555,9.38841883,16,19.1,1.1,25.5,70.1,29.8,26.98571429,42,42,43,50.57142857,3.4,7.2,5,13.7,28.78786117,43.74609196,0.205714377,2,2
16,7,2023,7/16/2023,10.078776,0,27.4,43,2.3,0,21,28.54,5.53,0.267,197,-0.238033277,-0.971256999,-0.5,-0.866025404,3.64986766,2.080424566,15.618,4.784976502,5.29,16,0,24.2,68.8,30.36666667,27.32857143,42,42,43,50.14285714,3.066666667,6.342857143,4,13.7,29.18150282,44.37304598,0.061714313,3,3
17,7,2023,7/17/2023,9.758464,0,27.5,40,1.6,0,10,29.06,5.67,0.252,198,-0.25467112,-0.967027725,-0.5,-0.866025404,3.671270209,2.202762126,16.5,3.524419401,2.56,15.5,0,19.4,68.8,29.73333333,28,42,42,43.33333333,46,3.233333333,4.714285714,4,8.5,28.64705197,43.68652299,0.018514294,4,4
18,7,2023,7/18/2023,11.235677,0,28.2,41,0.8,0,5,28.66,5.64,0.242,199,-0.271233911,-0.962513463,-0.5,-0.866025404,3.824172018,2.256261491,16.638,1.805009193,0.64,16.4,0,2.9,68.4,28.33333333,28.54285714,40,40,42.66666667,43.57142857,2.633333333,3.728571429,4,8,28.30293638,41.8432615,0.005554288,5,5
19,7,2023,7/19/2023,11.613933,0,28.6,33,1.1,0,2,28.7,5.67,0.238,200,-0.287716767,-0.957715543,-0.5,-0.866025404,3.914009299,2.62238623,19.162,2.884624853,1.21,15.2,0,1.1,54.5,27.7,28.94285714,40,40,41.33333333,42.57142857,1.566666667,2.7,2.3,5,28.27205547,41.42163075,0.001666286,6,6
20,7,2023,7/20/2023,12.6432295,0,30.5,34,2.4,0,2,28.58,5.79,0.227,201,-0.304114832,-0.952635381,-0.5,-0.866025404,4.366279321,2.881744352,20.13,6.916186444,5.76,17.3,0,0,53,28.1,28.97142857,33,33,38,40.85714286,1.166666667,2.142857143,1.6,4,28.37043883,37.21081537,0.000499886,7,7
21,7,2023,7/21/2023,12.989583,0,31.9,36,5.2,0,10,25.44,5.34,0.217,202,-0.320423273,-0.947274472,-0.5,-0.866025404,4.7279725,3.0259024,20.416,15.73469248,27.04,19.1,0,0,38.3,29.1,29.14285714,33,33,36,39.71428571,1.433333333,2.228571429,2.4,4,29.00930718,35.60540769,0.000149966,8,8
22,7,2023,7/22/2023,14.016276,0,31.8,37,2.1,0.3,0,28.91,5.98,0.208,203,-0.336637284,-0.941634398,-0.5,-0.866025404,4.701300942,2.961819593,20.034,6.219821146,4.41,19.2,0,0,35.2,30.33333333,29.17142857,33,33,34.33333333,38.85714286,2.9,2.485714286,5.2,5.2,29.87651502,35.80270384,4.50E-05,9,9
23,7,2023,7/23/2023,14.177734,0,33.5,31,0.8,0,7,27.22,5.84,0.195,204,-0.352752087,-0.935716819,-0.5,-0.866025404,5.172951386,3.569336456,23.115,2.855469165,0.64,19.7,0.3,0.3,35.3,31.4,29.41428571,34,33,35.66666667,37.71428571,3.233333333,2.214285714,5.2,5.2,30.45356052,36.40135192,0.210013497,0,0
24,7,2023,7/24/2023,2.7063801,0,27.6,54,2.9,2.2,40,24.26,4.82,0.203,205,-0.368762931,-0.92952348,-0.5,-0.866025404,3.69278196,1.698679702,12.696,4.926171135,8.41,18.4,0.3,0.3,35.3,32.4,30.28571429,31,31,34.66666667,36,2.7,2,5.2,5.2,31.36749236,33.70067596,0.063004049,1,1
25,7,2023,7/25/2023,8.302083,0,27.9,36,2.5,0.4,21,28.76,5.61,0.208,206,-0.3846651,-0.923056207,-0.5,-0.866025404,3.757977111,2.405105351,17.856,6.012763377,6.25,15.1,2.5,2.5,37.5,30.96666667,30.3,31,31,40.66666667,38,1.933333333,2.185714286,2.9,5.2,30.23724465,43.85033798,1.558901215,0,0
26,7,2023,7/26/2023,17.225912,0,33.3,29,1.5,0,0,28.83,6.16,0.193,207,-0.400453906,-0.916316904,-0.5,-0.866025404,5.115413295,3.63194344,23.643,5.44791516,2.25,19.1,2.6,2.9,37.9,29.66666667,30.25714286,31,31,40.33333333,37.28571429,2.066666667,2.428571429,2.9,5.2,29.53607126,39.92516899,0.747670364,0,0
27,7,2023,7/27/2023,19.179037,0,35.7,28,2.6,0,51,21.3,5.11,0.191,208,-0.416124696,-0.909307559,-0.5,-0.866025404,5.843903083,4.20761022,25.704,10.93978657,6.76,21.3,2.6,2.9,37.9,29.6,30.92857143,29,29,39.66666667,36.71428571,2.3,2.485714286,2.9,5.2,30.66524988,34.4625845,0.224301109,1,1
28,7,2023,7/28/2023,0.81966144,0,23.6,50,10.9,1.7,53,22.03,4.06,0.269,209,-0.431672852,-0.902030237,-0.5,-0.866025404,2.913023,1.4565115,11.8,15.87597535,118.81,13.6,0.4,2.9,34.8,32.3,31.67142857,28,28,31,35.85714286,2.2,2.514285714,2.6,5.2,32.17567492,31.23129225,0.067290333,2,2
29,7,2023,7/29/2023,4.604818,0,26.6,35,1.1,0,2,28.41,5.36,0.263,210,-0.447093793,-0.894487082,-0.5,-0.866025404,3.482522891,2.263639879,17.29,2.490003867,1.21,13.6,1.7,4.6,36.1,30.86666667,30.48571429,28,28,35.66666667,37.85714286,5,3.328571429,10.9,10.9,29.60297244,40.61564612,1.2101871,0,0
30,7,2023,7/30/2023,8.306641,0,27.6,43,1.3,0,5,27.39,5.29,0.24,211,-0.462382973,-0.886680318,-0.5,-0.866025404,3.69278196,2.104885717,15.732,2.736351433,1.69,16.2,1.7,4.3,35.5,28.63333333,29.74285714,28,28,37.66666667,37.57142857,4.866666667,3.185714286,10.9,10.9,28.70208071,37.80782306,0.36305613,1,1
31,7,2023,7/31/2023,11.095703,0,29.3,40,1.1,0,26,27.37,5.4,0.224,212,-0.477535886,-0.878612245,-0.5,-0.866025404,4.075649206,2.445389523,17.58,2.689928476,1.21,17.3,1.7,4.3,30.9,25.93333333,28.9,35,28,42.66666667,39.28571429,4.433333333,3.257142857,10.9,10.9,28.3714565,40.40391153,0.108916839,2,2
1,8,2023,8/1/2023,11.632161,0,29.4,46,0.8,0,54,24.85,5.05,0.207,213,-0.492548068,-0.870285241,-0.866025404,-0.5,4.099208154,2.213572403,15.876,1.770857923,0.64,18.6,0,2.1,30.9,27.83333333,29.14285714,35,28,39.33333333,37.28571429,1.166666667,3,1.3,10.9,28.65001955,40.20195577,0.032675052,3,3
2,8,2023,8/2/2023,12.885417,0,31.8,42,2.9,0,41,26.68,5.51,0.195,214,-0.507415093,-0.86170176,-0.866025404,-0.5,4.701300942,2.726754546,18.444,7.907588184,8.41,20.2,0,1.7,30.9,28.76666667,29.35714286,40,28,43,38.71428571,1.066666667,2.757142857,1.3,10.9,28.87501368,43.10097788,0.009802516,4,4
3,8,2023,8/3/2023,18.86914,0,32.5,30,1.6,0,6,27.6,5.72,0.181,215,-0.522132581,-0.852864331,-0.866025404,-0.5,4.89077893,3.423545251,22.75,5.477672402,2.56,18.5,0,1.7,30.9,30.16666667,29.14285714,40,28,42.66666667,40.57142857,1.6,2.957142857,2.9,10.9,29.75250958,42.55048894,0.002940755,5,5
4,8,2023,8/4/2023,20.96289,0,33,29,1.8,0,0,27.57,5.81,0.169,216,-0.536696194,-0.84377556,-0.866025404,-0.5,5.030147796,3.571404935,23.43,6.428528883,3.24,18.8,0,1.7,30.9,31.23333333,28.68571429,30,30,39.33333333,40.85714286,1.766666667,2.814285714,2.9,10.9,30.5767567,36.27524447,0.000882226,6,6
5,8,2023,8/5/2023,21.276041,0,34.2,27,3.6,0,0,27.8,6.1,0.16,217,-0.55110164,-0.834438124,-0.866025404,-0.5,5.378781213,3.926510285,24.966,14.13543703,12.96,19.6,0,0,30.1,32.43333333,30.02857143,29,29,33.66666667,37.85714286,2.1,1.514285714,2.9,2.9,31.30372969,32.63762224,0.000264668,7,7
6,8,2023,8/6/2023,23.630209,0,37.5,27,4,0,8,25.6,5.83,0.156,218,-0.565344674,-0.824854775,-0.866025404,-0.5,6.447730885,4.706843546,27.375,18.82737418,16,22.9,0,0,30.1,33.23333333,31.11428571,27,27,28.66666667,36.71428571,2.333333333,1.871428571,3.6,3.6,32.17261079,29.81881112,7.94E-05,8,8
7,8,2023,8/7/2023,22.894531,0,31.9,39,8.7,0,2,26.77,5.62,0.148,219,-0.579421098,-0.815028338,-0.866025404,-0.5,4.7279725,2.884063225,19.459,25.09135006,75.69,19.7,0,0,30.1,34.9,32.52857143,27,27,27.66666667,34.42857143,3.133333333,2.257142857,4,4,33.77082755,28.40940556,2.38E-05,9,9
8,8,2023,8/8/2023,20.3125,0,32.2,42,5.4,0,24,23.67,5,0.138,220,-0.593326764,-0.804961708,-0.866025404,-0.5,4.808777365,2.789090872,18.676,15.06109071,29.16,20.6,0,0,28.8,34.53333333,32.9,27,27,31,34.28571429,5.433333333,3.342857143,8.7,8.7,33.20957928,33.70470278,7.15E-06,10,10
9,8,2023,8/9/2023,11.2890625,0,32.6,35,7.2,1.2,60,21.52,4.55,0.141,221,-0.607057574,-0.794657852,-0.866025404,-0.5,4.918381272,3.196947827,21.19,23.01802435,51.84,19.6,0,0,24,33.86666667,33.3,27,27,36,33.71428571,6.033333333,4,8.7,8.7,32.9067055,37.85235139,2.14E-06,11,11
10,8,2023,8/10/2023,8.4661455,0,28.8,52,3.6,0,53,21.59,4.53,0.144,222,-0.620609482,-0.784119807,-0.866025404,-0.5,3.95961263,1.900614062,13.824,6.842210624,12.96,19.2,1.2,1.2,8.7,32.23333333,33.41428571,35,27,38.66666667,32.71428571,7.1,4.614285714,8.7,8.7,32.81469385,36.42617569,0.840000643,0,0
11,8,2023,8/11/2023,0.9270833,0,27.3,60,6.1,1.7,71,13.99,2.81,0.222,223,-0.633978493,-0.773350678,-0.866025404,-0.5,3.628573846,1.451429538,10.92,8.853720184,37.21,19.3,1.2,1.2,6.9,31.2,32.88571429,35,27,43,35.85714286,5.4,4.9,7.2,8.7,31.61028569,44.21308785,0.252000193,1,1
12,8,2023,8/12/2023,3.1881511,0,27,53,2.5,1.1,46,17.71,3.67,0.159,224,-0.647160667,-0.762353639,-0.866025404,-0.5,3.565340176,1.675709883,12.69,4.189274707,6.25,17.6,2.9,2.9,7.5,29.56666667,32.07142857,35,27,49,40.28571429,5.633333333,5.514285714,7.2,8.7,30.31719999,52.10654392,1.265600058,0,0
13,8,2023,8/13/2023,10.3619795,0,31.6,40,1.3,0,9,25.99,5.59,0.151,225,-0.660152121,-0.751131931,-0.866025404,-0.5,4.64834968,2.789009808,18.96,3.62571275,1.69,19.6,2.8,4,8.6,27.7,31.04285714,52,27,55,44,4.066666667,5.357142857,6.1,8.7,29.32203999,52.55327196,1.149680017,0,0
14,8,2023,8/14/2023,19.60026,0,35.3,33,6.5,0,18,24.53,5.77,0.143,226,-0.672949024,-0.739688861,-0.866025404,-0.5,5.716584973,3.830111932,23.651,24.89572756,42.25,21.9,2.8,4,8.6,28.63333333,30.2,40,35,51,45.85714286,3.3,4.971428571,6.1,8.7,30.00542799,46.27663598,0.344904005,1,1
15,8,2023,8/15/2023,22.029947,0,38.4,21,7.6,0,21,23.77,6,0.137,227,-0.685547606,-0.728027801,-0.866025404,-0.5,6.769393288,5.347820698,30.336,40.6434373,57.76,22.6,1.1,4,8.6,31.3,30.68571429,33,33,42,45,3.433333333,4.657142857,6.5,7.2,31.5937996,39.63831799,0.103471202,2,2
16,8,2023,8/16/2023,21.501303,0,36.1,23,0.8,0,2,25.98,6.07,0.128,228,-0.697944155,-0.716152188,-0.866025404,-0.5,5.973671742,4.599727242,27.797,3.679781793,0.64,20.7,0,4,8.6,35.1,31.57142857,21,21,31.33333333,42,5.133333333,4.971428571,7.6,7.6,33.63565972,30.319159,0.03104136,3,3
17,8,2023,8/17/2023,22.391275,0,34.6,28,0.4,0,0,25.81,5.74,0.123,229,-0.710135016,-0.704065522,-0.866025404,-0.5,5.499558649,3.959682228,24.912,1.583872891,0.16,20.2,0,2.8,8.6,36.6,32.07142857,21,21,25.66666667,40.28571429,4.966666667,4.057142857,7.6,7.6,34.3749618,26.6595795,0.009312408,4,4
18,8,2023,8/18/2023,23.916016,0,34.2,24,1.9,0,0,26.13,5.65,0.121,230,-0.722116597,-0.691771365,-0.866025404,-0.5,5.378781213,4.087873722,25.992,7.766960072,3.61,19,0,2.8,8.6,36.36666667,32.9,21,21,24,36.85714286,2.933333333,3.6,7.6,7.6,34.44247326,27.32978975,0.002793722,5,5
19,8,2023,8/19/2023,25.004557,0,33.1,35,1.5,0,0,25.81,5.67,0.119,231,-0.733885366,-0.679273339,-0.866025404,-0.5,5.058431496,3.287980472,21.515,4.931970708,2.25,20.1,0,1.1,8.6,34.96666667,33.88571429,23,21,25,31.71428571,1.033333333,3,1.9,7.6,34.36973128,25.66489487,0.000838117,6,6
20,8,2023,8/20/2023,26.167969,0,33.4,21,2.5,0,3,25.79,5.42,0.11,232,-0.745437857,-0.666575128,-0.866025404,-0.5,5.144112522,4.063848892,26.386,10.15962223,6.25,17.6,0,0,8.6,33.96666667,34.75714286,24,21,29,29.14285714,1.266666667,2.857142857,1.9,7.6,33.9888119,30.33244744,0.000251435,7,7
21,8,2023,8/21/2023,26.067709,0,31.4,36,3.1,0,6,24.85,5.49,0.102,233,-0.756770663,-0.653680475,-0.866025404,-0.5,4.595917317,2.941387083,20.096,9.118299956,9.61,18.6,0,0,8.6,33.56666667,35.01428571,21,21,26.66666667,26.42857143,1.966666667,3.028571429,2.5,7.6,33.81216833,25.66622372,7.54E-05,8,8
22,8,2023,8/22/2023,29.490885,0,33.4,22,3.7,0,0,25.39,5.89,0.103,234,-0.767880446,-0.640593179,-0.866025404,-0.5,5.144112522,4.012407767,26.052,14.84590874,13.69,17.8,0,0,8.3,32.63333333,34.45714286,21,21,30.66666667,26.85714286,2.366666667,2.542857143,3.1,7.6,33.08851783,30.83311186,2.26E-05,9,9
23,8,2023,8/23/2023,31.416666,0,32.9,22,0.8,0,0,25.3,5.59,0.103,235,-0.778763931,-0.627317097,-0.866025404,-0.5,5.002001481,3.901561155,25.662,3.121248924,0.64,17.3,0,0,8.3,32.73333333,33.74285714,21,21,26.33333333,27,3.1,1.985714286,3.7,3.7,33.18196248,26.41655593,6.79E-06,10,10
24,8,2023,8/24/2023,30.577475,0,32.7,28,2.3,0,2,24.34,5.2,0.103,236,-0.78941791,-0.613856142,-0.866025404,-0.5,4.946118775,3.561205518,23.544,8.190772692,5.29,18.3,0,0,6.1,32.56666667,33.28571429,22,21,26.66666667,26.85714286,2.533333333,1.985714286,3.7,3.7,33.09737374,24.20827796,2.04E-06,11,11
25,8,2023,8/25/2023,29.160807,0,30.9,32,0.8,0,5,23.07,4.88,0.096,237,-0.799839245,-0.600214281,-0.866025404,-0.5,4.467078664,3.037613492,21.012,2.430090793,0.64,17.3,0,0,5.7,33,33.01428571,22,21,24,26.85714286,2.266666667,2.257142857,3.7,3.7,32.97816162,26.10413898,6.11E-07,12,12
26,8,2023,8/26/2023,32.38672,0,31.4,24,4.3,0,0,25.05,5.55,0.096,238,-0.810024863,-0.586395533,-0.866025404,-0.5,4.595917317,3.492897161,23.864,15.01945779,18.49,16.2,0,0,5.7,32.16666667,32.54285714,22,21,27.33333333,28,1.3,2.1,2.3,3.7,32.35471313,29.05206949,1.83E-07,13,13
27,8,2023,8/27/2023,31.572916,0,31.6,31,1.1,0,7,24.11,5.15,0.094,239,-0.819971763,-0.572403973,-0.866025404,-0.5,4.64834968,3.207361279,21.804,3.528097407,1.21,17.8,0,0,5.7,31.66666667,32.3,24,21,28,26.42857143,2.466666667,2.5,4.3,4.3,32.06829919,26.52603475,5.50E-08,14,14
28,8,2023,8/28/2023,31.903646,0,30.7,35,0.7,0,2,23.59,4.89,0.094,240,-0.829677014,-0.558243722,-0.866025404,-0.5,4.416429033,2.870678872,19.955,2.00947521,0.49,17.7,0,0,4,31.3,32.04285714,24,22,29,27.85714286,2.066666667,2.3,4.3,4.3,31.92780943,28.76301737,1.65E-08,15,15
29,8,2023,8/29/2023,28.83724,0,30.6,34,2.9,0,16,22.15,4.77,0.093,241,-0.839137755,-0.543918954,-0.866025404,-0.5,4.391291947,2.898252685,20.196,8.404932786,8.41,17.4,0,0,4,31.23333333,31.94285714,24,22,30,27.71428571,2.033333333,1.957142857,4.3,4.3,31.5594666,31.88150869,4.95E-09,16,16
30,8,2023,8/30/2023,31.761068,0,34.3,26,3.8,0,4,23.07,5.12,0.096,242,-0.848351198,-0.529433891,-0.866025404,-0.5,5.408757769,4.002480749,25.382,15.20942685,14.44,19.5,0,0,4,30.96666667,31.54285714,31,22,33.33333333,29.42857143,1.566666667,1.842857143,2.9,4.3,31.27162662,32.94075434,1.48E-09,17,17
31,8,2023,8/31/2023,33.676434,0,34,28,0.7,0,27,21.5,4.83,0.097,243,-0.857314628,-0.514792802,-0.866025404,-0.5,5.31926021,3.829867351,24.48,2.680907146,0.49,19.6,0,0,4,31.86666667,31.74285714,26,24,31.66666667,30,2.466666667,2.271428571,3.8,4.3,32.18013864,29.47037717,4.45E-10,18,18
1,9,2023,9/1/2023,28.057943,0,31.6,33,7.9,0,52,18.48,3.93,0.102,244,-0.866025404,-0.5,-1,-1.84E-16,4.64834968,3.114394285,21.172,24.60371485,62.41,18.2,0,0,4,32.96666667,31.92857143,26,24,29.33333333,30,2.466666667,2.042857143,3.8,4.3,32.72609705,28.73518859,1.34E-10,19,19
2,9,2023,9/2/2023,20.128256,0,30.8,35,4.2,0.9,65,19.82,4.23,0.11,245,-0.874480958,-0.485059846,-1,-1.84E-16,4.441691099,2.887099214,20.02,12.1258167,17.64,17.8,0,0,4,33.3,32.02857143,26,24,29,30.14285714,4.133333333,3.057142857,7.9,7.9,32.38826793,30.86759429,4.01E-11,20,20
3,9,2023,9/3/2023,10.0651045,0,28.4,45,3.6,0.5,88,13.39,2.62,0.137,246,-0.882678798,-0.469976743,-1,-1.84E-16,3.868863717,2.127875044,15.62,7.660350159,12.96,17.4,0.9,0.9,4.9,32.13333333,31.94285714,28,26,32,31.71428571,4.266666667,3.042857143,7.9,7.9,31.91178755,32.93379715,0.63,0,0
4,9,2023,9/4/2023,2.5585938,0,24.4,55,3.1,20.7,83,15.51,3.09,0.185,247,-0.890616509,-0.454755136,-1,-1.84E-16,3.056312653,1.375340694,10.98,4.263556151,9.61,15.4,1.4,1.4,5.4,30.26666667,31.48571429,33,26,37.66666667,33.71428571,5.233333333,3.4,7.9,7.9,30.85825129,38.96689857,0.539,0,0
5,9,2023,9/5/2023,7.999349,0,27.6,51,2.9,0.9,65,19.38,3.92,0.178,248,-0.898291752,-0.43939951,-1,-1.84E-16,3.69278196,1.809463161,13.524,5.247443166,8.41,17.8,22.1,22.1,26.1,27.86666667,30.58571429,35,26,45,36.57142857,3.633333333,3.742857143,4.2,7.9,28.9207759,46.98344929,14.6517,0,0
6,9,2023,9/6/2023,12.158203,0,26.9,60,2.5,0.4,84,14.83,3.14,0.202,249,-0.905702263,-0.423914391,-1,-1.84E-16,3.544476671,1.417790668,10.76,3.544476671,6.25,18.9,22.1,23,27,26.8,30.15714286,45,26,50.33333333,39,3.2,3.742857143,3.6,7.9,28.52454313,48.99172464,5.02551,0,0
7,9,2023,9/7/2023,18.578775,0,28.2,50,3.5,0,56,19.56,4.04,0.194,250,-0.91284586,-0.408304342,-1,-1.84E-16,3.824172018,1.912086009,14.1,6.692301032,12.25,18.2,22,23.4,27.4,26.3,29.1,51,28,55.33333333,43.85714286,2.833333333,3.557142857,3.1,7.9,28.03718019,54.49586232,1.787653,0,0
8,9,2023,9/8/2023,21.36849,0,25.5,47,1.5,0,54,17.56,3.57,0.177,251,-0.919720437,-0.392573965,-1,-1.84E-16,3.263356619,1.729579008,13.515,2.594368512,2.25,14.9,1.3,23.4,27.4,27.56666667,28.27142857,50,33,53.66666667,47,2.966666667,3.957142857,3.5,7.9,28.08602613,52.24793116,0.5362959,1,1
9,9,2023,9/9/2023,26.434896,0,26.5,35,1.9,0,12,21.95,4.25,0.165,252,-0.926323968,-0.376727894,-1,-1.84E-16,3.462082359,2.250353533,17.225,4.275671713,3.61,13.5,0.4,23.4,26.2,26.86666667,27.4,47,35,52.33333333,49,2.5,3.042857143,3.5,4.2,27.31021829,49.62396558,0.16088877,2,2
10,9,2023,9/10/2023,25.945963,0,24.7,33,0.4,0,18,21.78,4.25,0.155,253,-0.932654508,-0.360770799,-1,-1.84E-16,3.111609911,2.08477864,16.549,0.833911456,0.16,11.3,0,22.5,26.2,26.73333333,26.78571429,35,35,44,49,2.3,2.714285714,3.5,3.6,27.06715281,42.31198279,0.048266631,3,3
11,9,2023,9/11/2023,27.15625,0,23.7,29,1,0,4,22.5,4.19,0.144,254,-0.938710189,-0.344707384,-1,-1.84E-16,2.930607375,2.080731236,16.827,2.080731236,1,9.5,0,22,24.5,25.56666667,26.25714286,33,33,38.33333333,47.28571429,1.266666667,2.257142857,1.9,3.5,26.35700696,37.6559914,0.014479989,4,4
12,9,2023,9/12/2023,26.43164,0,23.5,27,1,0,2,21.65,3.97,0.137,255,-0.944489229,-0.328542382,-1,-1.84E-16,2.895530773,2.113737464,17.155,2.113737464,1,8.9,0,1.3,23.4,24.96666667,26.15714286,29,29,32.33333333,43.57142857,1.1,1.957142857,1.9,3.5,25.55990487,33.3279957,0.004343997,5,5
13,9,2023,9/13/2023,27.190756,0,24.9,30,2.5,0,0,22.11,4.24,0.131,256,-0.949989923,-0.312280557,-1,-1.84E-16,3.148957679,2.204270375,17.43,5.510675939,6.25,10.9,0,0.4,23.4,23.96666667,25.57142857,27,27,29.66666667,40.14285714,0.8,1.685714286,1,3.5,24.94193341,30.16399785,0.001303199,6,6
14,9,2023,9/14/2023,27.082682,0,25.5,25,0.8,0,0,21.91,4.23,0.129,257,-0.955210651,-0.295926701,-1,-1.84E-16,3.263356619,2.447517464,19.125,1.958013972,0.64,10.5,0,0,23.4,24.03333333,25.28571429,27,27,28.66666667,35.85714286,1.5,1.685714286,2.5,3.5,24.92935339,30.08199892,0.00039096,7,7
15,9,2023,9/15/2023,30.621094,0,26.3,31,0.5,0,11,21.57,4.21,0.131,258,-0.960149874,-0.279485635,-1,-1.84E-16,3.421514668,2.360845121,18.147,1.18042256,0.25,12.5,0,0,23.4,24.63333333,24.9,25,25,27.33333333,32.28571429,1.433333333,1.3,2.5,2.5,25.10054737,27.54099946,0.000117288,8,8
16,9,2023,9/16/2023,30.496094,0,26.6,27,0.8,0,18,21.21,4.28,0.134,259,-0.964806136,-0.262962203,-1,-1.84E-16,3.482522891,2.542241711,19.418,2.033793369,0.64,12,0,0,23.4,25.56666667,25.01428571,25,25,28.66666667,30,1.266666667,1.157142857,2.5,2.5,25.46038316,29.27049973,3.52E-05,9,9
17,9,2023,9/17/2023,31.865234,0,26.3,31,1,0,7,20.65,4.07,0.129,260,-0.969178065,-0.246361274,-1,-1.84E-16,3.421514668,2.360845121,18.147,2.360845121,1,12.5,0,0,23.4,26.13333333,25.02857143,25,25,27.66666667,28.85714286,0.7,1,0.8,2.5,25.80226821,28.13524987,1.06E-05,10,10
18,9,2023,9/18/2023,30.983072,0,22.8,36,0.7,0,3,21.41,3.96,0.129,261,-0.973264374,-0.229687742,-1,-1.84E-16,2.775631234,1.776403989,14.592,1.243482793,0.49,10,0,0,23.4,26.4,25.25714286,27,25,29.66666667,28.57142857,0.766666667,1.085714286,1,2.5,25.95158775,29.56762493,3.17E-06,11,11
19,9,2023,9/19/2023,30.085287,0,23.6,30,1.9,0,0,21.72,4.14,0.129,262,-0.977063856,-0.21294652,-1,-1.84E-16,2.913023,2.0391161,16.52,3.87432059,3.61,9.6,0,0,23.4,25.23333333,25.12857143,27,25,31.33333333,29.57142857,0.833333333,1.042857143,1,2.5,25.00611142,32.78381247,9.50E-07,12,12
20,9,2023,9/20/2023,27.22526,0,25.9,34,2.2,0,0,20.95,3.97,0.13,263,-0.980575394,-0.196142541,-1,-1.84E-16,3.341620215,2.205469342,17.094,4.852032552,4.84,12.7,0,0,23.4,24.23333333,25.14285714,30,25,32.33333333,30,1.2,1.171428571,1.9,2.5,24.584278,31.39190623,2.85E-07,13,13
21,9,2023,9/21/2023,27.421875,0,25.2,46,1.4,0,14,20.34,3.93,0.121,264,-0.983797952,-0.179280759,-1,-1.84E-16,3.205712243,1.731084611,13.608,2.423518456,1.96,14.4,0,0,23.4,24.1,25.28571429,30,25,33.33333333,30.57142857,1.6,1.128571429,2.2,2.2,24.9789946,32.69595312,8.55E-08,14,14
22,9,2023,9/22/2023,28.440756,0,27.2,41,1.5,0,29,19.8,4.03,0.12,265,-0.986730579,-0.162366141,-1,-1.84E-16,3.607388303,2.128359098,16.048,3.192538648,2.25,15.4,0,0,23.4,24.9,25.24285714,30,27,36.66666667,33.57142857,1.833333333,1.214285714,2.2,2.2,25.04529622,39.34797656,2.57E-08,15,15
23,9,2023,9/23/2023,38.434246,1,28.6,27,1.5,0,0,19.74,4.14,0.125,266,-0.989372413,-0.145403674,-1,-1.84E-16,3.914009299,2.857226788,20.878,4.285840182,2.25,14,0,0,23.4,26.1,25.37142857,34,27,40.33333333,35,1.7,1.357142857,2.2,2.2,25.69170735,40.17398828,7.70E-09,16,16
24,9,2023,9/24/2023,38.601562,1,28.4,28,0.5,0,0,19.62,4.08,0.118,267,-0.991722674,-0.128398355,-1,-1.84E-16,3.868863717,2.785581876,20.448,1.392790938,0.25,14,0,0,23.4,27,25.65714286,27,27,38,35,1.466666667,1.457142857,1.5,2.2,26.56419515,33.58699414,2.31E-09,17,17
25,9,2023,9/25/2023,37.86914,1,28.4,30,1.5,0,0,19.53,3.97,0.113,268,-0.99378067,-0.111355197,-1,-1.84E-16,3.868863717,2.708204602,19.88,4.062306902,2.25,14.4,0,0,23.4,28.06666667,25.95714286,27,27,32,34.57142857,1.166666667,1.385714286,1.5,2.2,27.1149366,30.79349707,6.93E-10,18,18
26,9,2023,9/26/2023,38.56901,1,26.7,36,1.9,0,52,19.39,3.91,0.115,269,-0.995545794,-0.094279222,-1,-1.84E-16,3.503068485,2.24196383,17.088,4.259731278,3.61,13.9,0,0,23.4,28.46666667,26.75714286,27,27,28.33333333,33.71428571,1.166666667,1.5,1.5,2.2,27.50045562,30.39674853,2.08E-10,19,19
27,9,2023,9/27/2023,34.97461,0,26.8,33,3.3,0,5,19.07,3.86,0.115,270,-0.997017526,-0.077175462,-1,-1.84E-16,3.523719593,2.360892127,17.956,7.79094402,10.89,13.4,0,0,23.4,27.83333333,27.2,28,27,31.33333333,34.57142857,1.3,1.5,1.9,2.2,27.26031894,33.19837427,6.23E-11,20,20
28,9,2023,9/28/2023,29.720053,0,28.3,37,3,0,78,13.58,2.86,0.117,271,-0.998195433,-0.060048959,-1,-1.84E-16,3.846461372,2.423270665,17.829,7.269811994,9,15.7,0,0,23.4,27.3,27.32857143,30,27,33,34.42857143,2.233333333,1.657142857,3.3,3.3,27.12222325,33.09918713,1.87E-11,21,21
29,9,2023,9/29/2023,19.742188,0,25.8,51,2.6,0,56,14.67,2.76,0.16,272,-0.999079167,-0.042904758,-1,-1.84E-16,3.321902528,1.627732239,12.642,4.232103821,6.76,16,0,0,23.4,27.26666667,27.77142857,33,27,35.33333333,33.14285714,2.733333333,1.885714286,3.3,3.3,27.47555628,35.04959357,5.61E-12,22,22
30,9,2023,9/30/2023,6.8066406,0,22.4,65,1.4,4.6,82,10.23,1.93,0.225,273,-0.999668468,-0.025747914,-1,-1.84E-16,2.709082405,0.948178842,7.84,1.327450379,1.96,15.4,0,0,23.4,26.96666667,27.57142857,33,27,40.33333333,34.57142857,2.966666667,2.042857143,3.3,3.3,26.97288939,43.02479678,1.68E-12,23,23
1,10,2023,10/1/2023,1.7291666,0,21.1,70,1.9,2.4,96,10.43,1.9,0.277,274,-0.999963161,-0.008583481,-0.866025404,0.5,2.502322755,0.750696827,6.33,1.426323971,3.61,15.1,4.6,4.6,28,25.5,26.68571429,37,28,51,40,2.333333333,2.028571429,3,3.3,25.60102258,54.01239839,3.22,0,0
2,10,2023,10/2/2023,0.013671876,0,20.9,66,4,5.6,88,8.31,1.57,0.306,275,-0.999963161,0.008583481,-0.866025404,0.5,2.471770045,0.840401815,7.106,3.361607261,16,14.1,7,7,30.4,23.1,25.64285714,51,30,62,46,1.966666667,2.228571429,2.6,3.3,24.2507158,62.0061992,2.646,0,0
3,10,2023,10/3/2023,0.1953125,0,19,61,2.6,3.7,60,11.51,1.95,0.304,276,-0.999668468,0.025747914,-0.866025404,0.5,2.197393324,0.856983396,7.41,2.22815683,6.76,11.2,12.6,12.6,35.1,21.46666667,24.57142857,65,33,67,51.14285714,2.433333333,2.585714286,4,4,23.24550106,64.0030996,4.7138,0,0
4,10,2023,10/4/2023,1.3151041,0,18.4,55,2.9,0,0,18.18,2.96,0.279,277,-0.999079167,0.042904758,-0.866025404,0.5,2.116474806,0.952413663,8.28,2.761999622,8.41,9.4,11.7,16.3,38.3,20.33333333,23.47142857,61,33,65.66666667,54.71428571,2.833333333,2.685714286,4,4,21.97185074,62.5015498,4.00414,0,0
5,10,2023,10/5/2023,5.0865884,0,20.4,49,1.1,0,23,17.46,3,0.265,278,-0.998195433,0.060048959,-0.866025404,0.5,2.39681041,1.222373309,10.404,1.34461064,1.21,10.2,9.3,16.3,17.6,19.43333333,22.27142857,55,37,60.66666667,57.85714286,3.166666667,2.628571429,4,4,20.90029552,58.7507749,1.201242,1,1
6,10,2023,10/6/2023,8.811849,0,21.3,50,2.2,0,39,16.72,2.94,0.251,279,-0.997017526,0.077175462,-0.866025404,0.5,2.533204981,1.266602491,10.65,2.786525479,4.84,11.3,3.7,16.3,16.7,19.26666667,21.14285714,49,49,55,59.57142857,2.2,2.357142857,2.9,4,20.75020686,53.87538745,0.3603726,2,2
7,10,2023,10/7/2023,8.545573,0,20.5,53,2.3,0,38,16.29,2.87,0.236,280,-0.995545794,0.094279222,-0.866025404,0.5,2.41164128,1.133471402,9.635,2.606984224,5.29,11.1,0,16.3,16.3,20.03333333,20.5,49,49,51.33333333,59.42857143,2.066666667,2.3,2.9,4,20.91514481,51.93769372,0.10811178,3,3
8,10,2023,10/8/2023,12.927083,0,23,46,1.8,0,0,17.16,3.12,0.227,281,-0.99378067,0.111355197,-0.866025404,0.5,2.809437622,1.517096316,12.42,2.730773369,3.24,12.2,0,11.7,16.3,20.73333333,20.22857143,49,49,50.66666667,57.71428571,1.866666667,2.428571429,2.3,4,20.79060136,52.46884686,0.032433534,4,4
9,10,2023,10/9/2023,0.96940106,0,15.8,76,5.4,3.8,73,7.97,1.43,0.252,282,-0.991722674,0.128398355,-0.866025404,0.5,1.795188282,0.430845188,3.792,2.326564013,29.16,11,0,9.3,16.3,21.6,20.5,46,46,49.66666667,54.28571429,2.1,2.414285714,2.3,4,21.45342095,49.23442343,0.00973006,5,5
10,10,2023,10/10/2023,3.0716145,0,17.6,51,0.5,0.1,56,15.36,2.61,0.243,283,-0.989372413,0.145403674,-0.866025404,0.5,2.012646543,0.986196806,8.624,0.493098403,0.25,7.8,3.8,7.5,20.1,19.76666667,19.77142857,46,46,58.33333333,55.71428571,3.166666667,2.614285714,5.4,5.4,19.75739467,62.61721172,2.662919018,0,0
11,10,2023,10/11/2023,2.5989583,0,17.3,62,4.1,0,63,8.5,1.49,0.24,284,-0.986730579,0.162366141,-0.866025404,0.5,1.974876858,0.750453206,6.574,3.076858145,16.81,9.7,3.9,3.9,20.2,18.8,19.57142857,46,46,57.66666667,54.28571429,2.566666667,2.314285714,5.4,5.4,19.11017627,56.80860586,0.868875705,0,0
12,10,2023,10/12/2023,5.096354,0,17.1,56,4.7,0,5,16.52,2.59,0.23,285,-0.983797952,0.179280759,-0.866025404,0.5,1.950043263,0.858019036,7.524,4.032689468,22.09,8.3,3.9,3.9,20.2,16.9,19.41428571,51,46,63,55.28571429,3.333333333,2.485714286,5.4,5.4,18.56712339,59.40430293,0.260662712,1,1
13,10,2023,10/13/2023,8.964844,0,19.6,45,1.1,0,1,16.34,2.77,0.223,286,-0.980575394,0.196142541,-0.866025404,0.5,2.281005773,1.254553175,10.78,1.380008493,1.21,8.6,0.1,3.9,20.2,17.33333333,18.94285714,51,46,56.33333333,56.28571429,3.1,3,4.7,5.4,18.12698637,57.70215146,0.078198813,2,2
14,10,2023,10/14/2023,10.214192,0,19,51,3.6,0,41,15.31,2.62,0.213,287,-0.977063856,0.21294652,-0.866025404,0.5,2.197393324,1.076722729,9.31,3.876201823,12.96,9.2,0,3.9,20.2,18,18.7,45,45,54.33333333,55.57142857,3.3,2.842857143,4.7,5.4,18.56889046,51.35107573,0.023459644,3,3
15,10,2023,10/15/2023,13.147786,0,19.8,35,1.5,0,4,15.5,2.75,0.206,288,-0.973264374,0.229687742,-0.866025404,0.5,2.309488249,1.501167362,12.87,2.251751043,2.25,6.8,0,3.9,20.2,18.56666667,18.48571429,45,45,50.66666667,55.28571429,3.133333333,3.028571429,4.7,5.4,18.69822332,51.17553787,0.007037893,4,4
16,10,2023,10/16/2023,14.536458,0,22.4,46,6.8,0,50,10.81,1.92,0.211,289,-0.969178065,0.246361274,-0.866025404,0.5,2.709082405,1.462904499,12.096,9.947750592,46.24,11.6,0,3.9,20.2,19.46666667,18.02857143,35,35,43.66666667,53.71428571,2.066666667,2.985714286,3.6,5.4,19.02875633,43.08776893,0.002111368,5,5
17,10,2023,10/17/2023,0.23046875,0,16.4,62,4.2,3.6,89,10.15,1.7,0.225,290,-0.964806136,0.262962203,-0.866025404,0.5,1.865266113,0.708801123,6.232,2.976964716,17.64,8.8,0,0.1,20.2,20.4,18.97142857,35,35,44,49.42857143,3.966666667,3.185714286,6.8,6.8,20.04012943,44.54388447,0.00063341,6,6
18,10,2023,10/18/2023,0.001302085,0,13,87,2.4,10.6,97,2.37,0.54,0.326,291,-0.960149874,0.279485635,-0.866025404,0.5,1.497770903,0.194710217,1.69,0.467304522,5.76,10.4,3.6,3.6,23.8,19.53333333,18.8,35,35,47.66666667,51,4.166666667,3.714285714,6.8,6.8,18.9480906,53.27194223,2.520190023,0,0
19,10,2023,10/19/2023,0.107421875,0,15.8,73,7.3,3.8,49,12.66,1.94,0.33,292,-0.955210651,0.295926701,-0.866025404,0.5,1.795188282,0.484700836,4.266,3.538316103,53.29,10.4,14.2,14.2,34.4,17.26666667,18.18571429,46,35,65,54.57142857,4.466666667,3.471428571,6.8,6.8,17.16366342,70.13597112,8.176057007,0,0
20,10,2023,10/20/2023,0.9042969,0,18.8,53,7.6,0,7,14.73,2.35,0.299,293,-0.949989923,0.312280557,-0.866025404,0.5,2.170124842,1.019958676,8.836,7.751685934,57.76,9.4,18,18,38.2,15.06666667,18,62,35,74,57,4.633333333,3.842857143,7.3,7.3,16.75456439,71.56798556,5.112817102,0,0
21,10,2023,10/21/2023,6.9544272,0,21.9,50,4.2,0,2,14.24,2.59,0.282,294,-0.944489229,0.328542382,-0.866025404,0.5,2.627858844,1.313929422,10.95,5.518503573,17.64,11.9,14.4,18,38.2,15.86666667,17.88571429,53,35,71,58.14285714,5.766666667,4.771428571,7.6,7.6,17.36819508,62.28399278,1.533845131,1,1
22,10,2023,10/22/2023,8.960286,0,21.4,52,3.1,0,11,14.11,2.58,0.274,295,-0.938710189,0.344707384,-0.866025404,0.5,2.548770598,1.223409887,10.272,3.792570651,9.61,11.8,3.8,18,38.2,18.83333333,18.3,50,35,58.66666667,58,6.366666667,4.857142857,7.6,7.6,18.72773655,56.14199639,0.460153539,2,2
23,10,2023,10/23/2023,11.809245,0,22.6,50,2.8,0,31,13.99,2.54,0.269,296,-0.932654508,0.360770799,-0.866025404,0.5,2.742180549,1.371090275,11.3,3.839052769,7.84,12.6,0,18,38.2,20.7,18.52857143,50,46,51.66666667,60.42857143,4.966666667,5.085714286,7.6,7.6,19.52941559,54.07099819,0.138046062,3,3
24,10,2023,10/24/2023,12.061198,0,21.8,49,1.5,0,26,13.72,2.44,0.256,297,-0.926323968,0.376727894,-0.866025404,0.5,2.611871906,1.332054672,11.118,1.998082008,2.25,11.6,0,18,38.2,21.96666667,18.55714286,50,50,50.66666667,61,3.366666667,4.514285714,4.2,7.6,20.45059091,52.0354991,0.041413819,4,4
25,10,2023,10/25/2023,11.218099,0,20.2,53,6.7,0,86,11.28,1.98,0.242,298,-0.919720437,0.392573965,-0.866025404,0.5,2.367387698,1.112672218,9.494,7.454903859,44.89,10.8,0,14.4,38.2,21.93333333,19.32857143,49,49,50.33333333,59.14285714,2.466666667,4.128571429,3.1,7.6,20.85541364,50.51774955,0.012424146,5,5
26,10,2023,10/26/2023,12.797526,0,21,60,7.5,0.5,100,9.33,1.85,0.24,299,-0.91284586,0.408304342,-0.866025404,0.5,2.487005397,0.994802159,8.4,7.461016192,56.25,13,0,3.8,38.2,21.53333333,20.35714286,49,49,50.66666667,54.28571429,3.666666667,4.742857143,6.7,7.6,20.65878955,51.75887477,0.003727244,6,6
27,10,2023,10/27/2023,10.716797,0,23.2,53,7.3,0.8,73,12.16,2.35,0.243,300,-0.905702263,0.423914391,-0.866025404,0.5,2.843602903,1.336493364,10.904,9.75640156,53.29,13.8,0.5,0.5,38.7,21,21.1,49,49,54,52.42857143,5.233333333,4.771428571,7.5,7.6,20.76115268,55.87943739,0.351118173,0,0
28,10,2023,10/28/2023,13.4192705,0,24.9,45,1.3,0,55,11.59,2.21,0.235,301,-0.898291752,0.43939951,-0.866025404,0.5,3.148957679,1.731926724,13.695,2.251504741,1.69,13.9,1.3,1.3,39.5,21.46666667,21.72857143,53,49,55.33333333,52.42857143,7.166666667,4.728571429,7.5,7.5,21.49280688,54.43971869,0.665335452,0,0
29,10,2023,10/29/2023,7.2382812,0,20.3,68,3.2,0.4,76,9.39,1.64,0.263,302,-0.890616509,0.454755136,-0.866025404,0.5,2.382059337,0.762258988,6.496,2.439228761,10.24,13.9,1.3,1.3,39.5,23.03333333,22.15714286,45,45,52.66666667,51.71428571,5.366666667,4.314285714,7.5,7.5,22.51496481,49.71985935,0.199600636,1,1
30,10,2023,10/30/2023,9.014974,0,21.5,62,5.8,0,74,12.21,2.11,0.291,303,-0.882678798,0.469976743,-0.866025404,0.5,2.564419721,0.974479494,8.17,5.651981064,33.64,13.9,1.2,1.7,39.9,22.8,22,45,45,55.33333333,54,3.933333333,4.328571429,7.3,7.5,21.85047537,58.85992967,0.339880191,0,0
31,10,2023,10/31/2023,11.658203,0,20.2,57,4.3,0,70,12.47,2.17,0.271,304,-0.874480958,0.485059846,-0.866025404,0.5,2.367387698,1.01797671,8.686,4.377299853,18.49,11.6,0.4,1.7,35.3,22.23333333,21.84285714,45,45,58.33333333,55.71428571,3.433333333,4.757142857,5.8,7.5,21.74533276,60.42996484,0.101964057,1,1
1,5,2024,5/1/2024,0.004557293,0,19.5,72,3.4,5.1,99,8.88,1.67,0.365,122,0.866025404,-0.5,0.5,-0.866025404,2.266880101,0.634726428,5.46,2.158069856,11.56,13.9,0.4,1.7,32.9,20.66666667,21.61428571,57,45,62.33333333,56.85714286,4.433333333,5.157142857,5.8,7.5,21.28173293,58.71498242,0.030589217,2,2
2,5,2024,5/2/2024,0.045572918,0,17.1,66,6.8,2.8,99,10.56,1.93,0.355,123,0.857314628,-0.514792802,0.5,-0.866025404,1.950043263,0.663014709,5.814,4.508500024,46.24,10.3,5.1,6.8,32.4,20.4,21.51428571,57,45,63.66666667,59.57142857,4.5,4.685714286,5.8,7.5,20.74721305,65.35749121,3.579176765,0,0
3,5,2024,5/3/2024,0.044921875,0,15.6,73,5.4,0.8,89,6,1.15,0.365,124,0.848351198,-0.529433891,0.5,-0.866025404,1.772347472,0.478533817,4.212,2.584082614,29.16,10.2,7.9,9.1,31.5,18.93333333,20.95714286,57,45,65,60.42857143,4.833333333,4.585714286,6.8,7.3,19.65304914,65.6787456,3.03375303,0,0
4,5,2024,5/4/2024,0.079427086,0,17.4,50,3.2,9.9,74,19.78,3.1,0.392,125,0.839137755,-0.543918954,0.5,-0.866025404,1.987397189,0.993698594,8.7,3.179835502,10.24,7.4,8.7,9.1,32.3,17.4,19.87142857,66,45,70.33333333,63.28571429,5.2,4.314285714,6.8,6.8,18.4371344,69.3393728,1.470125909,0,0
5,5,2024,5/5/2024,0.82942706,0,16.5,53,5.5,2.2,57,24.8,3.85,0.379,126,0.829677014,-0.558243722,0.5,-0.866025404,1.877175834,0.882272642,7.755,4.852499531,30.25,7.1,13.5,19,42.2,16.7,18.8,50,50,63,64,5.133333333,4.585714286,6.8,6.8,18.12599408,59.6696864,7.371037773,0,0
6,5,2024,5/6/2024,1.2447916,0,15.3,49,2.5,0,30,27.91,4.26,0.357,127,0.819971763,-0.572403973,0.5,-0.866025404,1.738563895,0.886667587,7.803,2.216668967,6.25,5.1,12.9,20.8,44.4,16.5,18.25714286,50,50,58.66666667,61.85714286,4.7,4.914285714,5.5,6.8,17.63819585,56.3348432,3.751311332,0,0
7,5,2024,5/7/2024,4.7083335,0,19.2,42,1.3,0,0,28.59,4.74,0.341,128,0.810024863,-0.586395533,0.5,-0.866025404,2.224961118,1.290477449,11.136,1.677620683,1.69,7.6,12.1,20.8,44.4,16.4,17.37142857,49,49,50.66666667,60,3.733333333,4.442857143,5.5,6.8,16.9367371,52.6674216,1.1253934,1,1
8,5,2024,5/8/2024,7.0703125,0,21.8,40,1.1,0,38,25.7,4.57,0.323,129,0.799839245,-0.600214281,0.5,-0.866025404,2.611871906,1.567123144,13.08,1.723835458,1.21,9.8,2.2,20.8,44.4,17,17.22857143,42,42,48,57.85714286,3.1,4.014285714,5.5,6.8,17.61571597,47.3337108,0.33761802,2,2
9,5,2024,5/9/2024,8.119792,0,23.3,49,1.4,0,74,21.99,4.05,0.319,130,0.78941791,-0.613856142,0.5,-0.866025404,2.86082113,1.459018776,11.883,2.042626287,1.96,13.1,0,15.7,40.6,18.76666667,17.55714286,40,40,43.66666667,53.28571429,1.633333333,3.685714286,2.5,6.8,18.87100118,43.6668554,0.101285406,3,3
10,5,2024,5/10/2024,2.7695312,0,22.1,60,4.4,0.5,93,21.71,3.97,0.33,131,0.778763931,-0.627317097,0.5,-0.866025404,2.660089335,1.064035734,8.84,4.68175723,19.36,14.1,0,12.9,40.5,21.43333333,18.44285714,40,40,43.66666667,50.85714286,1.266666667,2.914285714,1.4,5.5,20.19970082,46.3334277,0.030385622,4,4
11,5,2024,5/11/2024,1.8033854,0,20.5,59,4.7,3.5,99,13.57,2.38,0.389,132,0.767880446,-0.640593179,0.5,-0.866025404,2.41164128,0.988772925,8.405,4.647232747,22.09,12.3,0.5,12.6,41,22.4,19.37142857,40,40,49.66666667,49,2.3,2.771428571,4.4,5.5,20.76979058,53.16671385,0.359115687,0,0
12,5,2024,5/12/2024,0.5501302,0,15.1,72,4.3,13.3,92,10.09,1.85,0.387,133,0.756770663,-0.653680475,0.5,-0.866025404,1.716356408,0.480579794,4.228,2.066493115,18.49,9.5,4,6.2,44.5,21.96666667,19.81428571,49,40,56,50.28571429,3.5,2.985714286,4.7,5.5,20.6888534,56.08335693,2.557734706,0,0
13,5,2024,5/13/2024,0.81315106,0,17.5,52,7.8,0.1,71,18.08,2.87,0.376,134,0.745437857,-0.666575128,0.5,-0.866025404,1.999986975,0.959993748,8.4,7.487951234,60.84,7.9,17.3,17.3,57.8,19.23333333,19.61428571,59,40,63.66666667,53,4.466666667,2.814285714,4.7,4.7,19.01219738,64.04167846,10.07732041,0,0
14,5,2024,5/14/2024,0.16145833,0,13.5,52,3.2,2.6,72,17.74,2.73,0.379,135,0.733885366,-0.679273339,0.5,-0.866025404,1.547467243,0.742784277,6.48,2.376909685,10.24,3.9,16.9,17.4,57.9,17.7,19.92857143,52,40,61,53.42857143,5.6,3.571428571,7.8,7.8,18.55853817,58.02083923,3.093196124,0,0
15,5,2024,5/15/2024,0.9375,0,16,46,2.7,0,35,27.88,4.24,0.364,136,0.722116597,-0.691771365,0.5,-0.866025404,1.81828668,0.981874807,8.64,2.65106198,7.29,5.2,16,20,60.5,15.36666667,19.11428571,52,40,58.66666667,54.85714286,5.1,3.842857143,7.8,7.8,17.04097672,55.01041962,2.747958837,0,0
16,5,2024,5/16/2024,1.3066406,0,17.7,46,5.5,0,47,27.41,4.26,0.352,137,0.710135016,-0.704065522,0.5,-0.866025404,2.02537622,1.093703159,9.558,6.015367373,30.25,6.9,2.7,20,60.5,15.66666667,18.28571429,46,46,50,55.71428571,4.566666667,4.071428571,7.8,7.8,16.7286837,50.50520981,0.824387651,1,1
17,5,2024,5/17/2024,0.60546875,0,19.4,56,1.8,0,85,21.18,3.65,0.347,138,0.697944155,-0.716152188,0.5,-0.866025404,2.252831002,0.991245641,8.536,1.784242154,3.24,10.6,2.6,20,56.9,15.73333333,17.48571429,46,46,48,55.28571429,3.8,4.657142857,5.5,7.8,17.02007859,48.2526049,0.247316295,2,2
18,5,2024,5/18/2024,2.5527344,0,23,58,1.8,0,14,24.66,4.26,0.331,139,0.685547606,-0.728027801,0.5,-0.866025404,2.809437622,1.179963801,9.66,2.123934843,3.24,14.6,0,19.5,46.3,17.7,17.1,46,46,49.33333333,54.71428571,3.333333333,4.285714286,5.5,7.8,17.73405501,52.12630245,0.074194889,3,3
19,5,2024,5/19/2024,4.2467446,0,22.1,49,2.3,0.1,76,24.82,4.53,0.308,140,0.672949024,-0.739688861,0.5,-0.866025404,2.660089335,1.356645561,11.271,3.12028479,5.29,11.9,0,16,42.5,20.03333333,17.45714286,46,46,53.33333333,54.57142857,3.033333333,3.871428571,5.5,7.8,19.31383851,55.06315123,0.022258467,4,4
20,5,2024,5/20/2024,5.6328125,0,23.6,53,3.7,0,73,24.26,4.48,0.284,141,0.660152121,-0.751131931,0.5,-0.866025404,2.913023,1.36912081,11.092,5.065746998,13.69,14.2,0.1,2.8,42.6,21.5,18.45714286,49,46,54.33333333,51.28571429,1.966666667,3.585714286,2.3,7.8,20.14968696,52.03157561,0.07667754,0,0
21,5,2024,5/21/2024,5.968099,0,24.1,58,2.2,0.1,25,25.8,4.75,0.272,142,0.647160667,-0.762353639,0.5,-0.866025404,3.001874544,1.260787309,10.122,2.773732079,4.84,15.7,0.1,2.7,42.6,22.9,19.32857143,49,46,53.33333333,51.42857143,2.6,3,3.7,5.5,21.18478087,52.51578781,0.023003262,1,1
22,5,2024,5/22/2024,9.270833,0,25.3,52,1.9,0,10,28.84,5.48,0.256,143,0.633978493,-0.773350678,0.5,-0.866025404,3.224827591,1.547917244,12.144,2.941042763,3.61,15.7,0.2,0.2,42.7,23.26666667,20.84285714,49,46,53.33333333,52.28571429,2.733333333,2.857142857,3.7,5.5,22.05934661,55.2578939,0.076900979,0,0
23,5,2024,5/23/2024,7.479818,0,27.7,42,3.4,0.5,70,21.96,4.38,0.251,144,0.620609482,-0.784119807,0.5,-0.866025404,3.714403381,2.154353961,16.066,7.324803467,11.56,16.1,0.1,0.2,42.7,24.33333333,22.17142857,52,46,54.33333333,53.14285714,2.6,2.742857143,3.7,5.5,23.03154263,53.62894695,0.023070294,1,1
24,5,2024,5/24/2024,2.5722656,0,19.7,64,3.2,8.2,94,18.21,3.35,0.266,145,0.607057574,-0.794657852,0.5,-0.866025404,2.295208371,0.826275014,7.092,2.644080043,10.24,12.5,0.6,0.7,43.2,25.7,23.6,42,42,50.66666667,52.57142857,2.5,2.442857143,3.4,3.7,24.43207984,47.81447348,0.356921088,0,0
25,5,2024,5/25/2024,2.8391926,0,22.6,52,1.3,0,80,20.92,3.71,0.26,146,0.593326764,-0.804961708,0.5,-0.866025404,2.742180549,1.316246664,10.848,1.711120663,1.69,13,8.7,8.9,51.4,24.23333333,23.64285714,42,42,52.66666667,53.71428571,2.833333333,2.642857143,3.4,3.7,23.01245589,55.90723674,5.847076326,0,0
26,5,2024,5/26/2024,2.251302,0,21.1,55,3.3,3.4,69,21.56,3.72,0.274,147,0.579421098,-0.815028338,0.5,-0.866025404,2.502322755,1.12604524,9.495,3.715949292,10.89,12.1,8.7,8.9,50.9,23.33333333,23.58571429,42,42,52.66666667,52.85714286,2.633333333,2.571428571,3.4,3.7,22.88871912,53.95361837,1.754122898,1,1
27,5,2024,5/27/2024,2.9296875,0,19.2,57,2.9,0.3,80,19.36,3.4,0.27,148,0.565344674,-0.824854775,0.5,-0.866025404,2.224961118,0.956733281,8.256,2.774526515,8.41,10.6,11.6,12.2,53.5,21.13333333,23.44285714,52,42,57,53.71428571,2.6,2.714285714,3.3,3.7,22.35210338,54.47680918,2.906236869,0,0
28,5,2024,5/28/2024,1.9667969,0,21.6,55,5.4,0,81,14.73,2.66,0.291,149,0.55110164,-0.834438124,0.5,-0.866025404,2.580152726,1.161068727,9.72,6.269771124,29.16,12.6,3.7,12.5,53.8,20.96666667,22.81428571,52,42,54.66666667,54.28571429,2.5,2.6,3.3,3.4,21.40647237,55.73840459,1.081871061,0,0
29,5,2024,5/29/2024,1.9388021,0,21.4,50,2.7,4,63,26.49,4.66,0.319,150,0.536696194,-0.84377556,0.5,-0.866025404,2.548770598,1.274385299,10.7,3.440840308,7.29,11.4,3.7,12.4,53.4,20.63333333,22.45714286,55,42,55.66666667,53.85714286,3.866666667,3.057142857,5.4,5.4,21.46453066,55.3692023,0.324561318,1,1
30,5,2024,5/30/2024,6.504557,0,22.8,63,11.2,4.7,73,21.31,3.84,0.321,151,0.522132581,-0.852864331,0.5,-0.866025404,2.775631234,1.026983556,8.436,11.50221583,125.44,15.4,4.3,16.4,57.4,20.73333333,21.9,50,42,54,53.57142857,3.666666667,3.171428571,5.4,5.4,21.44517146,52.68460115,2.897368395,0,0
31,5,2024,5/31/2024,8.811849,0,25.6,44,2.2,0.5,32,23.44,4.26,0.316,152,0.507415093,-0.86170176,0.5,-0.866025404,3.28277117,1.838351855,14.336,4.044374081,4.84,14.4,8.7,20.6,62.1,21.93333333,21.2,50,50,56,56.57142857,6.433333333,4.285714286,11.2,11.2,21.85162002,57.84230057,4.159210519,0,0
1,6,2024,6/1/2024,11.117839,0,27.1,39,3.2,2.1,2,28.63,5.5,0.307,153,0.492548068,-0.870285241,1.22E-16,-1,3.586310566,2.187649445,16.531,7.000478226,10.24,14.9,9.2,12.9,57.5,23.26666667,22.04285714,44,44,52.33333333,53.71428571,5.366666667,4.142857143,11.2,11.2,22.97613402,50.92115029,1.597763156,0,0
2,6,2024,6/2/2024,16.434896,0,29.3,40,1.9,0,30,26.9,5.41,0.28,154,0.477535886,-0.878612245,1.22E-16,-1,4.075649206,2.445389523,17.58,4.646240095,3.61,17.3,7.3,15,56.8,25.16666667,22.68571429,39,39,48.66666667,51.85714286,5.533333333,4.414285714,11.2,11.2,24.21329381,44.96057514,1.949328947,0,0
3,6,2024,6/3/2024,17.779947,0,30.4,43,1.6,0,17,28.31,5.78,0.258,155,0.462382973,-0.886680318,1.22E-16,-1,4.341390638,2.474592663,17.328,3.959348262,2.56,19,2.6,11.6,56,27.33333333,23.85714286,39,39,41,49.71428571,2.433333333,4.214285714,3.2,11.2,25.73930567,42.48028757,0.584798684,1,1
4,6,2024,6/4/2024,20.042318,0,31.3,44,5.4,0,67,24.2,5.05,0.239,156,0.447093793,-0.894487082,1.22E-16,-1,4.569894388,2.559140857,17.528,13.81936063,29.16,20.1,2.1,11.3,46.1,28.93333333,25.45714286,39,39,40.66666667,47.71428571,2.233333333,4.028571429,3.2,11.2,27.13751397,42.74014379,0.175439605,2,2
5,6,2024,6/5/2024,17.054688,0,32.4,43,7.1,0,17,27.81,5.85,0.243,157,0.431672852,-0.902030237,1.22E-16,-1,4.863311198,2.772087383,18.468,19.68182042,50.41,21,0,11.3,43.9,30.33333333,26.84285714,40,39,42.33333333,46.14285714,2.966666667,4.028571429,5.4,11.2,28.38625978,43.37007189,0.052631882,3,3
6,6,2024,6/6/2024,18.513021,0,30.7,41,1.1,0,48,25.27,5.16,0.224,158,0.416124696,-0.909307559,1.22E-16,-1,4.416429033,2.60569313,18.113,2.866262443,1.21,18.9,0,7.3,43.9,31.36666667,28.41428571,43,39,43.33333333,45.14285714,4.7,4.657142857,7.1,11.2,29.59038184,43.18503595,0.015789564,4,4
7,6,2024,6/7/2024,15.384766,0,29.1,44,2.7,0.9,57,23.38,4.78,0.218,159,0.400453906,-0.916316904,1.22E-16,-1,4.028884423,2.256175277,16.296,6.091673248,7.29,17.9,0,2.6,43.9,31.46666667,29.54285714,41,39,42.66666667,42,4.533333333,3.214285714,7.1,7.1,29.92326729,42.09251797,0.004736869,5,5
8,6,2024,6/8/2024,15.443359,0,25.9,55,0.8,3.3,90,21.25,4.05,0.226,160,0.3846651,-0.923056207,1.22E-16,-1,3.341620215,1.503729097,11.655,1.202983277,0.64,16.9,0.9,3,44.8,30.73333333,30.04285714,41,39,42.66666667,42,3.633333333,3.285714286,7.1,7.1,29.6762871,43.04625899,0.631421061,0,0
9,6,2024,6/9/2024,9.145833,0,27,40,1.9,0.2,26,29.22,5.64,0.248,161,0.368762931,-0.92952348,1.22E-16,-1,3.565340176,2.139204105,16.2,4.0644878,3.61,15,4.2,4.2,48.1,28.56666667,29.87142857,41,40,46.66666667,44.28571429,1.533333333,2.942857143,2.7,7.1,28.54340097,49.02312949,2.499426318,0,0
10,6,2024,6/10/2024,17.559896,0,29.4,40,2.9,0,15,29.65,5.94,0.23,162,0.352752087,-0.935716819,1.22E-16,-1,4.099208154,2.459524892,17.64,7.132622188,8.41,17.4,4.4,4.4,47.8,27.33333333,29.54285714,40,40,46.33333333,44.28571429,1.8,2.942857143,2.7,7.1,28.08038068,44.51156475,0.889827895,0,0
11,6,2024,6/11/2024,24.61263,0,32,34,2.6,0,12,30.14,6.38,0.213,163,0.336637284,-0.941634398,1.22E-16,-1,4.754775396,3.138151762,21.12,8.15919458,6.76,18.8,3.5,4.4,44.3,27.43333333,29.4,40,40,45,43.85714286,1.866666667,3.128571429,2.9,7.1,28.47626648,42.25578237,0.266948369,1,1
12,6,2024,6/12/2024,28.451172,0,33.9,37,5.4,0,31,27.45,5.99,0.202,164,0.320423273,-0.947274472,1.22E-16,-1,5.289714604,3.332520201,21.357,17.99560908,29.16,21.3,0.2,4.4,31,29.46666667,29.5,34,34,38,42.42857143,2.466666667,2.728571429,2.9,7.1,29.53338653,38.12789119,0.080084511,2,2
13,6,2024,6/13/2024,27.86263,0,33.4,41,1.3,0,35,28.99,6.32,0.188,165,0.304114832,-0.952635381,1.22E-16,-1,5.144112522,3.035026388,19.706,3.945534304,1.69,21.6,0,4.4,30.9,31.76666667,29.71428571,34,34,37,41.57142857,3.633333333,2.485714286,5.4,5.4,30.84337057,37.56394559,0.024025353,3,3
14,6,2024,6/14/2024,27.1556,0,34.3,36,1.8,0,68,22.8,5.08,0.18,166,0.287716767,-0.957715543,1.22E-16,-1,5.408757769,3.461604972,21.952,6.23088895,3.24,21.5,0,4.4,28.3,33.1,30.1,34,34,37.33333333,41.57142857,3.1,2.514285714,5.4,5.4,31.6103594,39.2819728,0.007207606,4,4
15,6,2024,6/15/2024,0.17057292,0,23.9,59,13.7,1.6,74,17.99,3.26,0.198,167,0.271233911,-0.962513463,1.22E-16,-1,2.966054202,1.216082223,9.799,16.66032645,187.69,15.7,0,3.5,28.3,33.86666667,30.84285714,36,34,38,40.42857143,2.833333333,2.385714286,5.4,5.4,32.41725158,37.6409864,0.002162282,5,5
16,6,2024,6/16/2024,1.0579427,0,25.5,45,1.5,0.6,42,25.02,4.74,0.204,168,0.25467112,-0.967027725,1.22E-16,-1,3.263356619,1.794846141,14.025,2.692269211,2.25,14.5,1.6,1.8,29.9,30.53333333,30.55714286,36,34,45.33333333,41,5.6,4.228571429,13.7,13.7,29.86207611,48.3204932,1.120648685,0,0
17,6,2024,6/17/2024,6.245443,0,28.1,39,1.5,0,0,30.75,5.96,0.193,169,0.238033277,-0.971256999,1.22E-16,-1,3.801995174,2.319217056,17.141,3.478825585,2.25,15.9,2.2,2.2,30.5,27.9,30.34285714,36,34,46.66666667,41.71428571,5.666666667,4.171428571,13.7,13.7,28.55345327,46.6602466,0.756194605,0,0
18,6,2024,6/18/2024,13.735677,0,30.3,41,1.1,0,3,29,5.91,0.176,170,0.221325284,-0.97520004,1.22E-16,-1,4.316625383,2.546808976,17.877,2.801489873,1.21,18.5,2.2,2.2,30.5,25.83333333,30.15714286,39,34,47.66666667,41.57142857,5.566666667,3.971428571,13.7,13.7,28.41741729,42.8301233,0.226858382,1,1
19,6,2024,6/19/2024,16.182291,0,30.5,44,0.4,0,35,27.56,5.63,0.166,171,0.204552066,-0.978855685,1.22E-16,-1,4.366279321,2.445116419,17.08,0.978046568,0.16,19.3,0.6,2.2,30.4,27.96666667,29.91428571,39,36,41.66666667,42.57142857,1.366666667,3.757142857,1.5,13.7,28.9821921,41.91506165,0.068057514,2,2
20,6,2024,6/20/2024,17.036459,0,31.9,29,1.1,0.4,1,30.1,6.19,0.155,172,0.187718565,-0.982222857,1.22E-16,-1,4.7279725,3.356860475,22.649,3.692546523,1.21,17.7,0,2.2,30.4,29.63333333,29.42857143,39,36,41.33333333,43.57142857,1,3.042857143,1.5,13.7,29.43753447,42.95753082,0.020417254,3,3
21,6,2024,6/21/2024,20.723307,0,31.2,31,0.8,0,3,29.94,6.07,0.145,173,0.170829743,-0.985300563,1.22E-16,-1,4.543999587,3.135359715,21.528,2.508287772,0.64,17.4,0.4,2.6,30.7,30.9,29.21428571,29,29,38,41.85714286,0.866666667,3.014285714,1.1,13.7,30.17627413,35.97876541,0.286125176,0,0
22,6,2024,6/22/2024,22.175781,0,30.7,29,0.7,0,2,30.14,6.1,0.138,174,0.153890577,-0.988087896,1.22E-16,-1,4.416429033,3.135664614,21.797,2.19496523,0.49,16.5,0.4,2.6,30.7,31.2,28.77142857,29,29,34.66666667,41.14285714,0.766666667,2.871428571,1.1,13.7,30.48339189,33.48938271,0.085837553,1,1
23,6,2024,6/23/2024,25.188803,0,31,28,2.6,0,0,31.08,6.57,0.135,175,0.136906058,-0.990584035,1.22E-16,-1,4.492592251,3.234666421,22.32,8.410132694,6.76,16.6,0.4,1,30.2,31.26666667,29.74285714,29,29,29.66666667,36.85714286,0.866666667,1.014285714,1.1,1.5,30.54837432,31.24469135,0.025751266,2,2
24,6,2024,6/24/2024,23.69336,0,33.6,27,0.5,0,16,30.98,6.72,0.133,176,0.119881192,-0.992788245,1.22E-16,-1,5.201930456,3.797409233,24.528,1.898704616,0.25,19,0,0.4,22,30.96666667,30.52857143,28,28,29.33333333,34.42857143,1.366666667,1.171428571,2.6,2.6,30.68386203,29.62234568,0.00772538,3,3
25,6,2024,6/25/2024,25.941406,0,31.1,39,5,0,20,30.29,6.11,0.125,177,0.102820997,-0.994699876,1.22E-16,-1,4.518232383,2.756121754,18.971,13.78060877,25,18.9,0,0.4,22,31.76666667,31.31428571,27,27,28,32.71428571,1.266666667,1.028571429,2.6,2.6,31.55870342,28.31117284,0.002317614,4,4
26,6,2024,6/26/2024,26.149088,0,28.7,34,3.3,0.4,47,23.79,4.86,0.119,178,0.0857305,-0.996318363,1.22E-16,-1,3.936753503,2.598257312,18.942,8.574249129,10.89,15.5,0,0.4,18.6,31.9,31.42857143,27,27,31.33333333,32.42857143,2.7,1.585714286,5,5,31.42109239,33.65558642,0.000695284,5,5
27,6,2024,6/27/2024,26.335287,0,29.6,35,1.1,0,0,30.39,6.16,0.122,179,0.068614738,-0.997643232,1.22E-16,-1,4.14668165,2.695343073,19.24,2.96487738,1.21,16.6,0.4,0.8,18.7,31.13333333,31.17142857,27,27,33.33333333,31,2.933333333,2,5,5,30.60476468,33.82779321,0.280208585,0,0
28,6,2024,6/28/2024,28.961588,0,32.6,26,1.1,0,37,27.24,5.88,0.122,180,0.051478755,-0.99867409,1.22E-16,-1,4.918381272,3.639602141,24.124,4.003562356,1.21,17.8,0.4,0.4,18.7,29.8,30.84285714,34,27,36,31.85714286,3.133333333,2,5,5,30.30333527,34.4138966,0.084062576,1,1
29,6,2024,6/29/2024,33.396484,0,29.7,26,8.8,0,15,28.18,6.31,0.122,181,0.034327601,-0.999410634,1.22E-16,-1,4.170597197,3.086241926,21.978,27.15892894,77.44,14.9,0.4,0.4,14.7,30.3,31.04285714,26,26,31.66666667,31.14285714,1.833333333,2.042857143,3.3,5,30.99233469,30.2069483,0.025218773,2,2
30,6,2024,6/30/2024,32.835285,0,29.4,31,2.5,0,12,27.55,5.65,0.117,182,0.01716633,-0.999852648,1.22E-16,-1,4.099208154,2.828453626,20.286,7.071134066,6.25,15.6,0,0.4,10,30.63333333,30.9,26,26,29,30.71428571,3.666666667,3.2,8.8,8.8,30.60463428,28.10347415,0.007565632,3,3
1,7,2024,7/1/2024,31.389322,0,29.9,34,2.6,0,11,25.75,5.36,0.123,183,1.22E-16,-1,-0.5,-0.866025404,4.218788397,2.784400342,19.734,7.239440888,6.76,16.7,0,0.4,9.5,30.56666667,30.67142857,26,26,27.66666667,31.14285714,4.133333333,3.185714286,8.8,8.8,30.243244,29.55173708,0.00226969,4,4
2,7,2024,7/2/2024,30.063803,0,30.5,23,3.3,0,2,30.18,6.24,0.123,184,-0.01716633,-0.999852648,-0.5,-0.866025404,4.366279321,3.362035077,23.485,11.09471575,10.89,15.1,0,0.4,7.4,29.66666667,30.14285714,26,26,30.33333333,32.14285714,4.633333333,3.485714286,8.8,8.8,30.1402708,31.77586854,0.000680907,5,5
3,7,2024,7/3/2024,35.778645,1,33.9,24,1.1,0,32,26.35,5.93,0.128,185,-0.034327601,-0.999410634,-0.5,-0.866025404,5.289714604,4.020183099,25.764,4.422201409,1.21,18.7,0,0.4,7.4,29.93333333,30.05714286,23,23,29.33333333,29.85714286,2.8,3.242857143,3.3,8.8,30.24818956,27.38793427,0.000204272,6,6
4,7,2024,7/4/2024,29.995443,0,31.7,40,9.3,0.2,49,23.16,5.06,0.132,186,-0.051478755,-0.99867409,-0.5,-0.866025404,4.67476018,2.804856108,19.02,26.08516181,86.49,19.7,0,0,7.4,31.43333333,30.8,23,23,27,28.42857143,2.333333333,2.928571429,3.3,8.8,31.34373269,25.69396713,6.13E-05,7,7
5,7,2024,7/5/2024,6.466146,0,27.2,55,7.1,1.3,76,19.98,3.93,0.146,187,-0.068614738,-0.997643232,-0.5,-0.866025404,3.607388303,1.623324736,12.24,11.52560563,50.41,18.2,0.2,0.2,7.6,32.03333333,31.1,23,23,29,29.14285714,4.566666667,4.1,9.3,9.3,31.45061288,32.84698357,0.140018384,0,0
6,7,2024,7/6/2024,3.9101562,0,26.6,52,2.5,1.9,62,19.08,3.83,0.166,188,-0.0857305,-0.996318363,-0.5,-0.866025404,3.482522891,1.671610988,12.768,4.17902747,6.25,17,1.5,1.5,8.9,30.93333333,30.32857143,24,23,39.66666667,33.28571429,5.833333333,4.957142857,9.3,9.3,30.17542902,43.92349178,0.952005515,0,0
7,7,2024,7/7/2024,11.229817,0,31.2,38,5.2,1.8,1,28.96,5.96,0.168,189,-0.102820997,-0.994699876,-0.5,-0.866025404,4.543999587,2.817279744,19.344,14.64985467,27.04,18.8,3.4,3.4,10.8,28.5,29.88571429,40,23,49,37,6.3,4.057142857,9.3,9.3,29.10280031,47.96174589,1.615601655,0,0
8,7,2024,7/8/2024,20.435547,0,32.4,41,7.4,0,5,27.85,5.95,0.153,190,-0.119881192,-0.992788245,-0.5,-0.866025404,4.863311198,2.869353607,19.116,21.23321669,54.76,20.6,5,5.2,11.7,28.33333333,30.14285714,38,23,48.33333333,38,4.933333333,4.442857143,7.1,9.3,29.73196022,42.98087295,1.744680496,0,0
9,7,2024,7/9/2024,21.055338,0,32.2,38,6.1,0,44,21.88,4.65,0.145,191,-0.136906058,-0.990584035,-0.5,-0.866025404,4.808777365,2.981441966,19.964,18.186796,37.21,19.8,3.7,5.2,8.4,30.06666667,30.5,38,23,43.66666667,39,5.033333333,5.128571429,7.4,9.3,30.53237215,41.99043647,0.523404149,1,1
10,7,2024,7/10/2024,11.852864,0,26.7,66,6.8,3.8,55,22.11,4.41,0.168,192,-0.153890577,-0.988087896,-0.5,-0.866025404,3.503068485,1.191043285,9.078,8.099094337,46.24,19.9,1.8,5.2,8.2,31.93333333,30.74285714,38,24,39,41.14285714,6.233333333,5.528571429,7.4,9.3,31.03266051,39.99521824,0.157021245,2,2
11,7,2024,7/11/2024,3.4759114,0,30.7,47,3.6,1,69,22.31,4.55,0.22,193,-0.170829743,-0.985300563,-0.5,-0.866025404,4.416429033,2.340707388,16.271,8.426546596,12.96,20.1,3.8,9,12,30.43333333,29.71428571,38,38,48.33333333,47.14285714,6.766666667,6.342857143,7.4,9.3,29.73286236,52.99760912,2.707106373,0,0
12,7,2024,7/12/2024,5.7825522,0,29,59,2.9,1.1,82,20.26,4.09,0.279,194,-0.187718565,-0.982222857,-0.5,-0.866025404,4.0056776,1.642327816,11.89,4.762750667,8.41,20.8,4.8,9.8,13,29.86666667,29.57142857,38,38,50.33333333,48.14285714,5.5,5.528571429,6.8,7.4,30.02300365,49.99880456,1.512131912,0,0
13,7,2024,7/13/2024,10.078125,0,30.6,49,4.1,2.9,61,23.18,4.62,0.28,195,-0.204552066,-0.978855685,-0.5,-0.866025404,4.391291947,2.239558893,15.606,9.182191461,16.81,20.4,5.9,9.6,14.1,28.8,29.82857143,47,38,57.33333333,48.71428571,4.433333333,4.928571429,6.8,7.4,29.71610255,54.49940228,1.223639574,0,0
14,7,2024,7/14/2024,16.9056,0,31.5,32,3.9,2.9,5,28.91,5.99,0.254,196,-0.221325284,-0.97520004,-0.5,-0.866025404,4.622068903,3.143006854,21.42,12.25772673,15.21,17.9,5,10.6,17,30.1,30.4,47,38,51.66666667,48.28571429,3.533333333,5.157142857,4.1,7.4,29.98127179,51.74970114,2.397091872,0,0
15,7,2024,7/15/2024,18.9681,0,30.2,35,2.4,0,37,25.78,5.37,0.218,197,-0.238033277,-0.971256999,-0.5,-0.866025404,4.291983042,2.789788978,19.63,6.695493546,5.76,17.2,6.9,11.7,19.9,30.36666667,30.44285714,32,32,46.66666667,47.42857143,3.633333333,4.971428571,4.1,7.4,30.43689025,41.87485057,2.749127562,0,0
16,7,2024,7/16/2024,22.829428,0,32,37,1.3,0,23,26.15,5.51,0.205,198,-0.25467112,-0.967027725,-0.5,-0.866025404,4.754775396,2.9955085,20.16,3.89416105,1.69,19.4,5.8,11.7,18.3,30.76666667,30.12857143,32,32,38.66666667,46.57142857,3.466666667,4.257142857,4.1,6.8,30.36582318,38.43742528,0.824738268,1,1
17,7,2024,7/17/2024,22.242838,0,31.4,43,3.8,0,38,20.57,4.28,0.192,199,-0.271233911,-0.962513463,-0.5,-0.866025404,4.595917317,2.61967287,17.898,9.954756908,14.44,20,2.9,11.7,17.7,31.23333333,30.1,32,32,34.66666667,46.42857143,2.533333333,3.571428571,3.9,6.8,30.85607622,37.71871264,0.247421481,2,2
18,7,2024,7/18/2024,21.727213,0,34.6,33,6.5,8.7,9,26.29,5.77,0.185,200,-0.287716767,-0.957715543,-0.5,-0.866025404,5.499558649,3.684704295,23.182,23.95057792,42.25,21.2,0,7.9,17.7,31.2,30.77142857,35,32,38.33333333,43.14285714,2.5,3.142857143,3.8,4.1,31.01925336,40.35935632,0.074226444,3,3
19,7,2024,7/19/2024,24.919922,0,33.9,29,6.8,0,15,25.87,5.63,0.178,201,-0.304114832,-0.952635381,-0.5,-0.866025404,5.289714604,3.755697369,24.069,25.53874211,46.24,19.7,8.7,15.6,26.4,32.66666667,31.32857143,33,32,37.66666667,41.14285714,3.866666667,3.557142857,6.5,6.5,32.09347735,36.67967816,6.112267933,0,0
20,7,2024,7/20/2024,20.985678,0,32.5,40,0.8,0.6,38,23.26,4.79,0.182,202,-0.320423273,-0.947274472,-0.5,-0.866025404,4.89077893,2.934467358,19.5,2.347573887,0.64,20.5,8.7,14.5,26.4,33.3,32.02857143,29,29,35,36.85714286,5.7,4.114285714,6.8,6.8,32.63543414,32.83983908,1.83368038,1,1
21,7,2024,7/21/2024,15.09375,0,32.9,39,2.6,0.4,25,26.77,5.77,0.174,203,-0.336637284,-0.941634398,-0.5,-0.866025404,5.002001481,3.051220903,20.069,7.933174349,6.76,20.7,9.3,12.2,26.6,33.66666667,32.3,29,29,34,35.57142857,4.7,3.642857143,6.8,6.8,32.5948039,36.41991954,0.970104114,0,0
22,7,2024,7/22/2024,27.053385,0,34.1,29,5.2,0,1,28.2,6.14,0.158,204,-0.352752087,-0.935716819,-0.5,-0.866025404,5.348948887,3.797753709,24.211,19.74831929,27.04,19.9,1,9.7,27,33.1,32.5,29,29,36,36.57142857,3.4,3.457142857,6.8,6.8,32.68636273,37.70995977,0.571031234,0,0
23,7,2024,7/23/2024,28.888021,0,33.2,35,8.3,0,19,25.19,5.4,0.145,205,-0.368762931,-0.92952348,-0.5,-0.866025404,5.086853141,3.306454542,21.58,27.4435727,68.89,20.2,1,9.7,27,33.16666667,33.05714286,29,29,36,35.71428571,2.866666667,3.857142857,5.2,6.8,33.11045391,33.35497989,0.17130937,1,1
24,7,2024,7/24/2024,20.5625,0,31.4,37,3.1,0.7,33,24.09,5.09,0.138,206,-0.3846651,-0.923056207,-0.5,-0.866025404,4.595917317,2.895427909,19.782,8.975826519,9.61,18.8,0.4,9.7,27,33.4,33.22857143,29,29,34.33333333,35.42857143,5.366666667,4.857142857,8.3,8.3,33.13731774,34.17748994,0.051392811,2,2
25,7,2024,7/25/2024,23.574219,0,31.9,30,1.8,0.3,24,26.2,5.48,0.138,207,-0.400453906,-0.916316904,-0.5,-0.866025404,4.7279725,3.30958075,22.33,5.95724535,3.24,17.9,0.7,10.4,27.7,32.9,33.22857143,29,29,33.66666667,34.57142857,5.533333333,4.757142857,8.3,8.3,32.61612242,35.58874497,0.505417843,0,0
26,7,2024,7/26/2024,1.6308594,0,25.8,58,13.7,1.3,79,14.31,2.8,0.217,208,-0.416124696,-0.909307559,-0.5,-0.866025404,3.321902528,1.395199062,10.836,19.11422715,187.69,17.4,1,2,28,32.16666667,32.84285714,30,29,34,34.14285714,4.4,4.085714286,8.3,8.3,32.40128569,32.79437249,0.361625353,0,0
27,7,2024,7/27/2024,0.039713543,0,24.6,59,11,4.5,83,14.26,2.68,0.313,209,-0.431672852,-0.902030237,-0.5,-0.866025404,3.09308133,1.268163345,10.086,13.9497968,121,16.4,2.3,3.3,28.9,29.7,31.68571429,30,29,41.66666667,38.28571429,6.2,5.071428571,13.7,13.7,30.42089998,45.39718624,1.018487606,0,0
28,7,2024,7/28/2024,1.8059896,0,28.7,45,1.8,1.2,30,26.96,5.66,0.285,210,-0.447093793,-0.894487082,-0.5,-0.866025404,3.936753503,2.165214427,15.785,3.897385968,3.24,17.7,6.1,7.2,33.4,27.43333333,30.55714286,30,29,49,41,8.833333333,6.528571429,13.7,13.7,28.67462999,52.19859312,3.455546282,0,0
29,7,2024,7/29/2024,12.8046875,0,30.1,27,4.2,0,0,28.77,5.98,0.24,211,-0.462382973,-0.886680318,-0.5,-0.866025404,4.267463105,3.115248066,21.973,13.08404188,17.64,15.5,7,8,34.6,26.36666667,29.95714286,45,29,54,41.85714286,8.833333333,6.414285714,13.7,13.7,28.68224099,48.59929656,1.876663885,0,0
30,7,2024,7/30/2024,17.880209,0,31,28,5.5,0,11,26.2,5.27,0.209,212,-0.477535886,-0.878612245,-0.5,-0.866025404,4.492592251,3.234666421,22.32,17.79066531,30.25,16.6,5.7,8,34.6,27.8,29.38571429,27,27,43.66666667,41.57142857,5.666666667,6.271428571,11,13.7,29.10756869,37.79964828,0.562999165,1,1
31,7,2024,7/31/2024,13.337239,0,26.7,40,1.8,0.6,47,19.86,3.93,0.189,213,-0.492548068,-0.870285241,-0.5,-0.866025404,3.503068485,2.101841091,16.02,3.783313964,3.24,14.7,1.2,8,34.6,29.93333333,29.07142857,27,27,33.33333333,40.57142857,3.833333333,5.871428571,5.5,13.7,29.67529809,32.89982414,0.16889975,2,2
1,8,2024,8/1/2024,15.813151,0,28.3,36,2.3,0,36,26.13,5.28,0.178,214,-0.507415093,-0.86170176,-0.866025404,-0.5,3.846461372,2.461735278,18.112,5.66199114,5.29,15.5,0.6,7.9,35.2,29.26666667,28.4,27,27,31.66666667,41,3.833333333,5.685714286,5.5,13.7,28.78270866,36.44991207,0.470669925,0,0
2,8,2024,8/2/2024,18.272135,0,32,37,1.5,0,1,27.75,5.75,0.162,215,-0.522132581,-0.852864331,-0.866025404,-0.5,4.754775396,2.9955085,20.16,4.493262749,2.25,19.4,0.6,7.6,35.2,28.66666667,27.88571429,28,27,34.66666667,41.85714286,3.2,5.757142857,5.5,13.7,28.63789606,36.22495604,0.141200977,1,1
3,8,2024,8/3/2024,19.252604,0,33.2,33,3.2,0,0,27.78,5.85,0.15,216,-0.536696194,-0.84377556,-0.866025404,-0.5,5.086853141,3.408191605,22.244,10.90621314,10.24,19.8,0.6,6.3,35.2,29,28.77142857,36,27,37.66666667,38.85714286,1.866666667,4.014285714,2.3,11,29.64652724,36.61247802,0.042360293,2,2
4,8,2024,8/4/2024,25.161459,0,33.6,19,8,0,6,27.03,5.87,0.139,217,-0.55110164,-0.834438124,-0.866025404,-0.5,5.201930456,4.213563669,27.216,33.70850936,64,17.4,0,1.8,35,31.16666667,30,33,27,35.33333333,35.14285714,2.333333333,2.9,3.2,5.5,30.71256907,34.80623901,0.012708088,3,3
5,8,2024,8/5/2024,19.0931,0,31.9,35,9.9,0,34,22.14,4.62,0.126,218,-0.565344674,-0.824854775,-0.866025404,-0.5,4.7279725,3.073182125,20.735,30.42450304,98.01,18.9,0,0.6,33.7,32.93333333,30.7,19,19,29.66666667,31.42857143,4.233333333,3.785714286,8,8,31.57879835,26.9031195,0.003812426,4,4
6,8,2024,8/6/2024,13.520833,0,30.4,32,1.8,0.9,10,26.31,5.46,0.122,219,-0.579421098,-0.815028338,-0.866025404,-0.5,4.341390638,2.952145634,20.672,5.31386214,3.24,16.8,0,0.6,31.8,32.9,30.95714286,19,19,29,32.57142857,7.033333333,4.6,9.9,9.9,31.67515884,30.95155975,0.001143728,5,5
7,8,2024,8/7/2024,18.25651,0,30.1,34,11.3,0,16,23.72,4.85,0.12,220,-0.593326764,-0.804961708,-0.866025404,-0.5,4.267463105,2.816525649,19.866,31.82673983,127.69,16.9,0.9,1.5,30.9,31.96666667,30.87142857,19,19,28.66666667,33.14285714,6.566666667,4.071428571,9.9,9.9,31.29261119,31.47577988,0.630343118,0,0
8,8,2024,8/8/2024,15.990886,0,30,39,1.8,0.2,10,26.56,5.5,0.119,221,-0.607057574,-0.794657852,-0.866025404,-0.5,4.243065059,2.588269686,18.3,4.658885435,3.24,17.8,0.9,0.9,30.9,30.8,31.35714286,32,19,33.66666667,32.28571429,7.666666667,5.428571429,11.3,11.3,30.93482783,32.73788994,0.189102936,1,1
9,8,2024,8/9/2024,19.748047,0,31.9,39,3.2,0,19,25.81,5.59,0.116,222,-0.620609482,-0.784119807,-0.866025404,-0.5,4.7279725,2.884063225,19.459,9.229002321,10.24,19.7,1.1,1.1,31.1,30.16666667,31.6,32,19,35,32.71428571,4.966666667,5.357142857,11.3,11.3,30.65437948,35.86894497,0.196730881,0,0
10,8,2024,8/10/2024,12.198567,0,29.2,53,1.8,0.1,80,15.87,3.43,0.144,223,-0.633978493,-0.773350678,-0.866025404,-0.5,4.052208127,1.90453782,13.724,3.428168076,3.24,19.8,0.2,1.1,27.3,30.66666667,31.58571429,34,19,37.33333333,33,5.433333333,5.6,11.3,11.3,31.02806564,37.43447248,0.059019264,1,1
11,8,2024,8/11/2024,23.126303,0,30.2,35,3.1,9.3,22,24.12,5.15,0.188,224,-0.647160667,-0.762353639,-0.866025404,-0.5,4.291983042,2.789788978,19.63,8.648345831,9.61,17.2,0.3,1.2,26.4,30.36666667,31.01428571,39,19,43.66666667,35.85714286,2.266666667,5.4,3.2,11.3,30.47964595,45.21723624,0.087705779,0,0
12,8,2024,8/12/2024,26.363281,0,31.1,31,3.3,0,2,25.95,5.47,0.156,225,-0.660152121,-0.751131931,-0.866025404,-0.5,4.518232383,3.117580345,21.459,10.28801514,10.89,17.3,9.4,10.5,34.6,30.43333333,30.52857143,35,32,42.33333333,38.14285714,2.7,4.7,3.2,11.3,30.39575216,40.10861812,6.536311734,0,0
13,8,2024,8/13/2024,30.9681,0,32.2,26,3.4,0,0,26.53,5.75,0.143,226,-0.672949024,-0.739688861,-0.866025404,-0.5,4.808777365,3.55849525,23.828,12.09888385,11.56,17.4,9.4,10.5,31.7,30.16666667,30.41428571,31,31,39.66666667,37.57142857,2.733333333,3.757142857,3.3,11.3,30.60702651,35.55430906,1.96089352,1,1
14,8,2024,8/14/2024,38.183594,1,33.5,24,2.7,0,1,26.38,6.02,0.137,227,-0.685547606,-0.728027801,-0.866025404,-0.5,5.172951386,3.931443053,25.46,10.61489624,7.29,18.3,9.3,9.6,28.8,31.16666667,30.67142857,26,26,30.66666667,36.71428571,3.266666667,3.985714286,3.4,11.3,31.08491856,30.77715453,0.588268056,2,2
15,8,2024,8/15/2024,37.415363,1,31.4,32,0.5,0,0,26.29,5.58,0.128,228,-0.697944155,-0.716152188,-0.866025404,-0.5,4.595917317,3.125223775,21.352,1.562611888,0.25,17.8,0,9.6,28.8,32.26666667,31.15714286,24,24,27,35.28571429,3.133333333,2.757142857,3.4,3.4,31.80944299,27.38857727,0.176480417,3,3
16,8,2024,8/16/2024,38.173176,1,29.9,23,5,0,11,26.56,5.64,0.128,229,-0.710135016,-0.704065522,-0.866025404,-0.5,4.218788397,3.248467065,23.023,16.24233533,25,14.5,0,9.4,28.8,32.36666667,31.35714286,24,24,27.33333333,34.28571429,2.2,2.571428571,3.4,3.4,31.68661009,29.69428863,0.052944125,4,4
17,8,2024,8/17/2024,35.70638,1,28.8,29,3.5,0,0,26.5,5.61,0.12,230,-0.722116597,-0.691771365,-0.866025404,-0.5,3.95961263,2.811324967,20.448,9.839637384,12.25,14.6,0,9.4,28.8,31.6,31.07142857,23,23,26.33333333,32,2.733333333,2.828571429,5,5,31.15062707,26.34714432,0.015883238,5,5
18,8,2024,8/18/2024,34.88802,0,30.8,26,7.8,0,0,26.23,5.64,0.117,231,-0.733885366,-0.679273339,-0.866025404,-0.5,4.441691099,3.286851413,22.792,25.63744102,60.84,16,0,9.3,20.1,30.03333333,31.01428571,23,23,28,28.57142857,3,3.071428571,5,5,30.44543895,27.67357216,0.004764971,6,6
19,8,2024,8/19/2024,33.58724,0,34,27,1.5,0,2,25.28,5.57,0.118,232,-0.745437857,-0.666575128,-0.866025404,-0.5,5.31926021,3.883059953,24.82,5.82458993,2.25,19.4,0,0,20.1,29.83333333,31.1,23,23,26,27.28571429,5.433333333,3.742857143,7.8,7.8,30.55180726,26.83678608,0.001429491,7,7
20,8,2024,8/20/2024,29.739584,0,33.7,35,1.5,0,2,24.69,5.58,0.111,233,-0.756770663,-0.653680475,-0.866025404,-0.5,5.231050301,3.400182696,21.905,5.100274044,2.25,20.7,0,0,19.5,31.2,31.51428571,26,23,27.33333333,26.71428571,4.266666667,3.485714286,7.8,7.8,31.58626508,26.91839304,0.000428847,8,8
21,8,2024,8/21/2024,35.101562,1,35.3,26,3.1,0,25,22.73,5.21,0.11,234,-0.767880446,-0.640593179,-0.866025404,-0.5,5.716584973,4.23027288,26.122,13.11384593,9.61,20.5,0,0,19.1,32.83333333,31.72857143,26,23,29.33333333,28,3.6,3.214285714,7.8,7.8,32.22038556,30.95919652,0.000128654,9,9
22,8,2024,8/22/2024,17.77474,0,32.5,39,3.2,0,33,19.52,4.23,0.107,235,-0.778763931,-0.627317097,-0.866025404,-0.5,4.89077893,2.983375147,19.825,9.546800472,10.24,20.3,0,0,19.1,34.33333333,31.98571429,26,23,29.33333333,28.28571429,2.033333333,3.271428571,3.1,7.8,33.14426989,28.47959826,3.86E-05,10,10
23,8,2024,8/23/2024,22.947916,0,31.3,39,2.6,0.1,40,20.2,4.31,0.109,236,-0.78941791,-0.613856142,-0.866025404,-0.5,4.569894388,2.787635577,19.093,7.247852499,6.76,19.1,0,0,19.1,33.83333333,32.14285714,26,23,33.33333333,29.28571429,2.6,3.657142857,3.2,7.8,32.95098892,33.73979913,1.16E-05,11,11
24,8,2024,8/24/2024,19.346354,0,30.6,38,0.4,0.9,42,20.33,4.16,0.128,237,-0.799839245,-0.600214281,-0.866025404,-0.5,4.391291947,2.722601007,18.972,1.089040403,0.16,18.2,0.1,0.1,18.5,33.03333333,32.34285714,26,26,34.66666667,31.57142857,2.966666667,3.314285714,3.2,7.8,32.45569225,36.36989956,0.070003474,0,0
25,8,2024,8/25/2024,22.927084,0,30.3,37,1.8,1.3,43,20.4,4.18,0.137,238,-0.810024863,-0.586395533,-0.866025404,-0.5,4.316625383,2.719473991,19.089,4.895053184,3.24,17.7,1,1,19.1,31.46666667,32.6,38,26,38.66666667,32.85714286,2.066666667,2.871428571,3.2,7.8,31.89898457,37.18494978,0.651001042,0,0
26,8,2024,8/26/2024,14.6875,0,26.8,57,5.8,7.4,65,15.52,3.08,0.18,239,-0.819971763,-0.572403973,-0.866025404,-0.5,3.523719593,1.515199425,11.524,8.788156664,33.64,18.2,2.3,2.3,19.1,30.73333333,32.52857143,37,26,38,34.42857143,1.6,2.014285714,2.6,3.2,31.4192892,37.09247489,1.105300313,0,0
27,8,2024,8/27/2024,13.430989,0,28.7,47,7.4,6.1,65,18.89,3.77,0.227,240,-0.829677014,-0.558243722,-0.866025404,-0.5,3.936753503,2.086479357,15.211,15.43994724,54.76,18.1,9.6,9.7,22,29.23333333,31.5,37,26,44,38.71428571,2.666666667,2.628571429,5.8,5.8,30.03350244,47.04623745,5.511590094,0,0
28,8,2024,8/28/2024,21.170572,0,27.3,48,3.7,0.8,42,19.15,3.86,0.224,241,-0.839137755,-0.543918954,-0.866025404,-0.5,3.628573846,1.8868584,14.196,6.98137608,13.69,16.9,14.8,15.8,26.9,28.6,30.78571429,37,26,47,40.42857143,5,3.471428571,7.4,7.4,29.63345171,47.02311872,5.923477028,0,0
29,8,2024,8/29/2024,24.951822,0,30.1,39,1.6,0.2,36,20.45,4.14,0.207,242,-0.848351198,-0.529433891,-0.866025404,-0.5,4.267463105,2.603152494,18.361,4.16504399,2.56,17.9,14.3,16.6,27.7,27.6,29.64285714,47,37,50.66666667,43.57142857,5.633333333,3.557142857,7.4,7.4,28.9334162,47.51155936,2.337043108,0,0
30,8,2024,8/30/2024,23.089844,0,29.5,47,2.9,0.6,75,17.06,3.4,0.219,243,-0.857314628,-0.514792802,-0.866025404,-0.5,4.122885469,2.185129299,15.635,6.336874966,8.41,18.9,7.1,16.8,27.9,28.7,29.3,39,37,44.66666667,43.57142857,4.233333333,3.328571429,7.4,7.4,29.28339134,43.25577968,0.841112933,0,0
31,8,2024,8/31/2024,18.052734,0,27,56,4.1,3.6,65,16.11,3.25,0.261,244,-0.866025404,-0.5,-0.866025404,-0.5,3.565340176,1.568749677,11.88,6.431873677,16.81,18.2,1.6,17.3,27.9,28.96666667,29.04285714,39,37,44.66666667,44.71428571,2.733333333,3.371428571,3.7,7.4,29.34837394,45.12788984,0.67233388,0,0
1,9,2024,9/1/2024,15.964192,0,28.6,46,1,0.1,77,17.37,3.45,0.249,245,-0.874480958,-0.485059846,-1,-1.84E-16,3.914009299,2.113565021,15.444,2.113565021,1,17.8,4.4,20,31.5,28.86666667,28.52857143,39,37,47.33333333,47.28571429,2.866666667,3.9,4.1,7.4,28.64386176,50.56394492,2.721700164,0,0
2,9,2024,9/2/2024,2.1432292,0,24.4,71,4.6,5.1,90,11.33,2.29,0.285,246,-0.882678798,-0.469976743,-1,-1.84E-16,3.056312653,0.886330669,7.076,4.077121079,21.16,18.6,4.3,18.8,31.6,28.36666667,28.28571429,46,39,49.66666667,48.57142857,2.666666667,3.785714286,4.1,7.4,28.63070323,48.28197246,0.886510049,0,0
3,9,2024,9/3/2024,4.7753906,0,27,56,1.5,0,58,18.62,3.65,0.29,247,-0.890616509,-0.454755136,-1,-1.84E-16,3.565340176,1.568749677,11.88,2.353124516,2.25,18.2,8.8,16.5,36.7,26.66666667,27.94285714,46,39,57.66666667,50.57142857,3.233333333,3.614285714,4.6,7.4,27.36149226,59.64098623,3.835953015,0,0
4,9,2024,9/4/2024,13.195964,0,27.8,51,2.6,1.5,78,19.86,3.98,0.252,248,-0.898291752,-0.43939951,-1,-1.84E-16,3.736134941,1.830706121,13.622,4.759835915,6.76,18,5.2,10.4,36.7,26.66666667,27.7,46,39,57.66666667,51.85714286,2.366666667,2.771428571,4.6,4.6,27.25304458,57.82049312,1.150785904,1,1
5,9,2024,9/5/2024,11.944011,0,27.7,43,3.8,0,48,20.3,4.04,0.226,249,-0.905702263,-0.423914391,-1,-1.84E-16,3.714403381,2.117209927,15.789,8.045397723,14.44,16.3,6.6,11.1,38.2,26.4,27.77142857,51,39,59.33333333,52.28571429,2.9,2.614285714,4.6,4.6,27.41713121,54.41024656,1.395235771,0,0
6,9,2024,9/6/2024,18.41276,0,26.3,48,0.5,0,26,21.64,4.23,0.207,250,-0.91284586,-0.408304342,-1,-1.84E-16,3.421514668,1.779187627,13.676,0.889593814,0.25,15.9,1.5,10.9,37.3,27.5,27.42857143,43,43,50,52.85714286,2.633333333,2.928571429,3.8,4.6,27.50199185,48.70512328,0.418570731,1,1
7,9,2024,9/7/2024,18.354818,0,26.7,42,1.5,0,57,19.8,3.93,0.188,251,-0.919720437,-0.392573965,-1,-1.84E-16,3.503068485,2.031779721,15.486,3.047669582,2.25,15.1,1.5,10.3,37.3,27.26666667,26.97142857,43,43,47.33333333,53,2.3,2.585714286,3.8,4.6,27.14139429,48.35256164,0.125571219,2,2
8,9,2024,9/8/2024,13.508464,0,25.9,53,2.1,1.3,82,15,2.87,0.212,252,-0.926323968,-0.376727894,-1,-1.84E-16,3.341620215,1.570561501,12.173,3.298179152,4.41,16.5,0,6.7,37.1,26.9,26.92857143,42,42,44.33333333,51,1.933333333,2.214285714,3.8,4.6,27.008976,45.17628082,0.037671366,3,3
9,9,2024,9/9/2024,11.649739,0,25.7,50,4.7,3.8,48,18.82,3.69,0.249,253,-0.932654508,-0.360770799,-1,-1.84E-16,3.302286327,1.651143163,12.85,7.760372867,22.09,15.7,1.3,7.9,38.4,26.3,26.54285714,42,42,47.66666667,52,1.366666667,2.371428571,2.1,4.6,26.6762832,49.08814041,0.92130141,0,0
10,9,2024,9/10/2024,25.300781,0,31,34,9.6,0,37,19.9,4.29,0.227,254,-0.938710189,-0.344707384,-1,-1.84E-16,4.492592251,2.965110886,20.46,28.4650645,92.16,17.8,5.1,6.6,42.1,26.1,26.72857143,42,42,48.33333333,49,2.766666667,2.385714286,4.7,4.7,26.38339824,49.5440702,2.936390423,0,0
11,9,2024,9/11/2024,27.815756,0,31.7,30,7.2,0,58,19.17,4.17,0.213,255,-0.944489229,-0.328542382,-1,-1.84E-16,4.67476018,3.272332126,22.19,23.56079131,51.84,17.7,5.1,6.6,32.8,27.53333333,27.3,34,34,45.66666667,45.85714286,5.466666667,3.542857143,9.6,9.6,27.76837877,41.7720351,0.880917127,1,1
12,9,2024,9/12/2024,8.631511,0,28.4,45,5.8,0.2,29,19.67,3.9,0.205,256,-0.949989923,-0.312280557,-1,-1.84E-16,3.868863717,2.127875044,15.62,12.34167526,33.64,17.4,3.8,5.1,32.8,29.46666667,27.85714286,30,30,38,42.85714286,7.166666667,4.2,9.6,9.6,28.94786514,35.88601755,0.264275138,2,2
13,9,2024,9/13/2024,14.7942705,0,29.9,36,3.5,0.8,12,20.21,4.14,0.192,257,-0.955210651,-0.295926701,-1,-1.84E-16,4.218788397,2.700024574,19.136,9.450086008,12.25,17.1,0.2,5.3,33,30.36666667,27.95714286,30,30,36.33333333,43.14285714,7.533333333,4.485714286,9.6,9.6,28.7835056,40.44300878,0.219282541,0,0
14,9,2024,9/14/2024,22.778646,0,30.5,34,1.3,0,4,20.2,4.17,0.181,258,-0.960149874,-0.279485635,-1,-1.84E-16,4.366279321,2.881744352,20.13,3.746267657,1.69,17.3,1,6.1,33.8,30,28.47142857,30,30,37,41.42857143,5.5,4.914285714,7.2,9.6,29.11845392,38.22150439,0.625784762,0,0
15,9,2024,9/15/2024,26.107422,0,31.1,34,5.2,0,46,17.01,3.69,0.166,259,-0.964806136,-0.262962203,-1,-1.84E-16,4.518232383,2.982033373,20.526,15.50657354,27.04,17.9,1,6.1,33.8,29.6,29.01428571,34,30,38.33333333,40.28571429,3.533333333,4.885714286,5.8,9.6,29.53291774,36.11075219,0.187735429,1,1
16,9,2024,9/16/2024,2.7994792,0,25,44,6,1.4,57,16.75,3.19,0.171,260,-0.969178065,-0.246361274,-1,-1.84E-16,3.167777718,1.773955522,14,10.64373313,36,13.8,0.8,4.8,33.8,30.5,29.75714286,34,30,34.66666667,37.57142857,3.333333333,5.328571429,5.2,9.6,30.00304242,35.0553761,0.056320629,2,2
17,9,2024,9/17/2024,7.451172,0,24.8,47,3.1,0,49,17.69,3.37,0.169,261,-0.973264374,-0.229687742,-1,-1.84E-16,3.130235219,1.659024666,13.144,5.142976465,9.61,14.2,1.4,2.4,35.2,28.86666667,29.65714286,34,30,37.33333333,36.71428571,4.166666667,5.514285714,6,9.6,28.50212969,39.52768805,0.996896189,0,0
18,9,2024,9/18/2024,13.23763,0,25.1,43,2.1,0,79,17.62,3.37,0.162,262,-0.977063856,-0.21294652,-1,-1.84E-16,3.186695762,1.816416584,14.307,3.814474827,4.41,13.7,1.4,2.4,35.2,26.96666667,28.77142857,34,30,41.66666667,38.57142857,4.766666667,4.585714286,6,7.2,27.39149079,43.26384402,0.299068857,1,1
19,9,2024,9/19/2024,1.34375,0,23,54,2.3,2.8,75,12.73,2.35,0.17,263,-0.980575394,-0.196142541,-1,-1.84E-16,2.809437622,1.292341306,10.58,2.972385004,5.29,13.8,1.4,2.4,35.2,24.96666667,27.82857143,43,34,44.66666667,40.42857143,3.733333333,3.857142857,6,6,26.70404355,43.13192201,0.089720657,2,2
20,9,2024,9/20/2024,1.9388021,0,23.1,51,2.9,0.5,86,14.1,2.69,0.177,264,-0.983797952,-0.179280759,-1,-1.84E-16,2.826475201,1.384972849,11.319,4.016421261,8.41,13.3,2.8,5,38,24.3,27.05714286,43,34,48,41.71428571,2.5,3.357142857,3.1,6,25.59283048,48.56596101,1.986916197,0,0
21,9,2024,9/21/2024,3.6009114,0,22.4,54,1.8,0.8,77,11.85,2.13,0.211,265,-0.986730579,-0.162366141,-1,-1.84E-16,2.709082405,1.246177906,10.304,2.243120232,3.24,13.2,3.3,4.7,38.5,23.73333333,26.08571429,43,34,49.33333333,43.85714286,2.433333333,3.271428571,2.9,6,24.84498134,49.7829805,0.946074859,0,0
22,9,2024,9/22/2024,2.0761719,0,19.8,61,3.8,0.2,88,7.47,1.43,0.257,266,-0.989372413,-0.145403674,-1,-1.84E-16,2.309488249,0.900700417,7.722,3.422661586,14.44,12,4.1,5.5,39.3,22.83333333,24.92857143,51,34,53,46.71428571,2.333333333,3.342857143,2.9,6,24.11148694,51.89149025,0.843822458,0,0
23,9,2024,9/23/2024,0.088541664,0,18.5,78,1.5,4.9,92,6.4,1.22,0.326,267,-0.991722674,-0.128398355,-1,-1.84E-16,2.129777303,0.468551007,4.07,0.70282651,2.25,14.1,1.5,5.7,39.4,21.76666667,23.31428571,51,43,55.33333333,50.57142857,2.833333333,3.142857143,3.8,6,22.81804086,56.44574513,0.393146737,0,0
24,9,2024,9/24/2024,0.8535156,0,21.6,58,4,0.5,62,17.13,3.01,0.294,268,-0.99378067,-0.111355197,-1,-1.84E-16,2.580152726,1.083664145,9.072,4.33465658,16,13.2,5.9,9.2,43.4,20.23333333,22.38571429,54,43,64.33333333,55.42857143,2.366666667,2.5,3.8,3.8,21.5226286,67.22287256,3.547944021,0,0
25,9,2024,9/25/2024,4.421875,0,24.9,47,0.9,0,10,18.37,3.41,0.259,269,-0.995545794,-0.094279222,-1,-1.84E-16,3.148957679,1.66894757,13.197,1.502052813,0.81,14.3,5.6,9.7,42.6,19.96666667,21.92857143,58,43,65.66666667,57,3.1,2.628571429,4,4,21.54584002,62.61143628,1.414383206,0,0
26,9,2024,9/26/2024,8.819011,0,25.8,41,2.2,0,20,18.56,3.5,0.237,270,-0.997017526,-0.077175462,-1,-1.84E-16,3.321902528,1.959922492,15.222,4.311829482,4.84,14,5.4,9.7,35.2,21.66666667,21.9,47,47,61,57.57142857,2.133333333,2.457142857,4,4,22.55208801,54.80571814,0.424314962,1,1
27,9,2024,9/27/2024,10.339192,0,26.4,43,2.5,0,0,18.89,3.56,0.218,271,-0.998195433,-0.060048959,-1,-1.84E-16,3.441746435,1.961795468,15.048,4.904488669,6.25,15,0.5,6.9,29.1,24.1,22.3,41,41,48.66666667,55.71428571,2.366666667,2.442857143,4,4,23.52646161,47.90285907,0.127294489,2,2
28,9,2024,9/28/2024,14.348308,0,27.3,33,3.8,0,0,19.02,3.65,0.203,272,-0.999079167,-0.042904758,-1,-1.84E-16,3.628573846,2.431144477,18.291,9.238349012,14.44,13.9,0,6.4,28.3,25.7,22.77142857,41,41,43.66666667,54.57142857,1.866666667,2.385714286,2.5,4,24.38852313,45.45142954,0.038188347,3,3
29,9,2024,9/29/2024,17.216797,0,28.9,37,1.3,0,23,18.51,3.75,0.191,273,-0.999668468,-0.025747914,-1,-1.84E-16,3.982587166,2.509029914,18.207,3.261738889,1.69,16.3,0,5.6,28.1,26.5,23.47142857,33,33,39,51.57142857,2.833333333,2.671428571,3.8,4,25.26196619,39.22571477,0.011456504,4,4
30,9,2024,9/30/2024,4.5742188,0,19.9,75,11.8,2.2,76,4.19,0.9,0.247,274,-0.999963161,-0.008583481,-1,-1.84E-16,2.323845764,0.580961441,4.975,6.855345003,139.24,14.9,0,5.4,27.5,27.53333333,24.77142857,33,33,37.66666667,48.14285714,2.533333333,2.314285714,3.8,4,26.35337633,38.11285738,0.003436951,5,5
1,10,2024,10/1/2024,0.020833336,0,15,81,5,11,100,2.98,0.71,0.361,275,-0.999963161,0.008583481,-0.866025404,0.5,1.705346232,0.324015784,2.85,1.620078921,25,11.2,2.2,2.7,26.1,25.36666667,24.97142857,33,33,48.33333333,47.71428571,5.633333333,3.785714286,11.8,11.8,24.41736343,56.55642869,1.541031085,0,0
2,10,2024,10/2/2024,0.001302085,0,17.2,81,6,24.8,87,3.56,0.73,0.415,276,-0.999668468,0.025747914,-0.866025404,0.5,1.962425658,0.372860875,3.268,2.23716525,36,13.4,13.2,13.2,37,21.26666667,24.02857143,37,33,64.33333333,51,6.033333333,3.928571429,11.8,11.8,21.5921544,68.77821435,8.162309326,0,0
3,10,2024,10/3/2024,0.12565105,0,19.3,65,5.2,0.4,29,17.41,2.92,0.378,277,-0.999079167,0.042904758,-0.866025404,0.5,2.238858125,0.783600344,6.755,4.074721787,27.04,12.3,38,38,56.7,17.36666667,22.92857143,75,33,79,55.85714286,7.6,4.657142857,11.8,11.8,20.27450808,74.88910717,19.8086928,0,0
4,10,2024,10/4/2024,0.8717448,0,21.9,57,3.5,0,0,17.47,3.11,0.358,278,-0.998195433,0.060048959,-0.866025404,0.5,2.627858844,1.129979303,9.417,3.954927561,12.25,13.3,36.2,38.4,57.1,17.16666667,22,65,33,75.66666667,59.28571429,5.4,5.085714286,6,11.8,19.98215566,69.94455359,6.222607839,0,0
5,10,2024,10/5/2024,4.4023438,0,23.5,54,3.4,0,1,17.14,3.23,0.341,279,-0.997017526,0.077175462,-0.866025404,0.5,2.895530773,1.331944156,10.81,4.528610129,11.56,14.3,25.2,38.4,55.6,19.46666667,21.35714286,57,33,67.66666667,61.28571429,4.9,5.228571429,6,11.8,20.55750896,63.47227679,1.866782352,1,1
6,10,2024,10/6/2024,8.0911455,0,24.3,46,5,0,34,16.25,3.07,0.324,280,-0.995545794,0.094279222,-0.866025404,0.5,3.038071715,1.640558726,13.122,8.202793631,25,13.5,0.4,38.4,55.6,21.56666667,20.81428571,54,37,58.66666667,64.28571429,4.033333333,5.171428571,5.2,11.8,21.44025627,58.7361384,0.560034706,2,2
7,10,2024,10/7/2024,5.001953,0,23.8,64,5.7,0,39,13.7,2.43,0.31,281,-0.99378067,0.111355197,-0.866025404,0.5,2.948284305,1.06138235,8.568,6.049879394,32.49,16.6,0,38.4,55.6,23.23333333,20.15714286,46,46,52.33333333,65.57142857,3.966666667,5.7,5,11.8,22.29817939,52.3680692,0.168010412,3,3
8,10,2024,10/8/2024,0.5371094,0,21.6,65,4.3,2,40,15.85,2.81,0.297,282,-0.991722674,0.128398355,-0.866025404,0.5,2.580152726,0.903053454,7.56,3.883129853,18.49,14.6,0,36.2,55.6,23.86666667,20.71428571,46,46,54.66666667,64,4.7,4.828571429,5.7,6,22.74872557,58.1840346,0.050403123,4,4
9,10,2024,10/9/2024,3.3242188,0,22.8,53,6.2,0,35,16.53,2.98,0.285,283,-0.989372413,0.145403674,-0.866025404,0.5,2.775631234,1.30454668,10.716,8.088189414,38.44,13.4,2,27.2,56.3,23.23333333,21.65714286,46,46,58.33333333,61.71428571,5,4.728571429,5.7,6,22.4041079,61.5920173,1.415120937,0,0
10,10,2024,10/10/2024,6.596354,0,23.5,59,1.1,0.4,30,13.26,2.43,0.279,284,-0.986730579,0.162366141,-0.866025404,0.5,2.895530773,1.187167617,9.635,1.305884379,1.21,15.3,2,2.4,52.5,22.73333333,22.45714286,53,46,60.66666667,57.71428571,5.4,4.757142857,6.2,6.2,22.52287553,57.29600865,0.424536281,1,1
11,10,2024,10/11/2024,7.142578,0,23.4,55,4.6,0,41,14.66,2.69,0.269,285,-0.983797952,0.179280759,-0.866025404,0.5,2.878130285,1.295158628,10.53,5.957729689,21.16,14.4,2.4,2.4,52.9,22.63333333,23.05714286,53,46,59,56.85714286,3.866666667,4.171428571,6.2,6.2,22.81601287,58.14800432,0.407360884,0,0
12,10,2024,10/12/2024,7.5885415,0,24.6,52,5.3,0,75,12.56,2.41,0.264,286,-0.980575394,0.196142541,-0.866025404,0.5,3.09308133,1.484679038,11.808,7.868798902,28.09,15,0.4,2.4,52.9,23.23333333,23.27142857,53,46,55.66666667,56.57142857,3.966666667,4.328571429,6.2,6.2,22.99120901,56.57400216,0.122208265,1,1
13,10,2024,10/13/2024,0.001302085,0,19.4,69,8.3,8.9,91,6.89,1.28,0.346,287,-0.977063856,0.21294652,-0.866025404,0.5,2.252831002,0.698377611,6.014,5.796534168,68.89,13.2,0.4,2.4,52.7,23.83333333,23.42857143,52,46,55.33333333,56.28571429,3.666666667,4.6,5.3,6.2,23.47384631,54.28700108,0.03666248,2,2
14,10,2024,10/14/2024,0.11393229,0,18.3,67,0,0.8,92,12.61,2.16,0.32,288,-0.973264374,0.229687742,-0.866025404,0.5,2.103245085,0.694070878,6.039,0,0,11.7,8.9,11.3,60.8,22.46666667,22.72857143,52,52,58.66666667,59.57142857,6.066666667,5.071428571,8.3,8.3,22.25169241,61.64350054,6.240998744,0,0
15,10,2024,10/15/2024,0.65625,0,17.4,65,4,0.2,59,14.22,2.34,0.304,289,-0.969178065,0.246361274,-0.866025404,0.5,1.987397189,0.695589016,6.09,2.782356064,16,10.4,9.7,12.1,61.6,20.76666667,21.94285714,52,52,62.66666667,60,4.533333333,4.257142857,8.3,8.3,21.06618469,64.32175027,2.432299623,0,0
16,10,2024,10/16/2024,2.233073,0,19.3,55,3.1,0,71,11.35,1.9,0.292,290,-0.964806136,0.262962203,-0.866025404,0.5,2.238858125,1.007486156,8.685,3.123207084,9.61,10.3,9.9,10.3,61.8,18.36666667,21.34285714,65,52,67,60,4.1,4.214285714,8.3,8.3,19.96632928,64.66087514,0.869689887,0,0
17,10,2024,10/17/2024,0.009765627,0,13.3,74,9.3,7,79,6.02,0.97,0.338,291,-0.960149874,0.279485635,-0.866025404,0.5,1.527417713,0.397128605,3.458,3.69329603,86.49,8.1,1,10.3,60.4,18.33333333,20.84285714,55,52,62.33333333,60.28571429,2.366666667,3.771428571,4,8.3,19.7664305,59.83043757,0.260906966,1,1
18,10,2024,10/18/2024,0.00325521,0,11.1,75,7.2,2.5,84,6.36,0.94,0.371,292,-0.955210651,0.295926701,-0.866025404,0.5,1.321465499,0.330366375,2.775,2.378637899,51.84,6.1,7.2,16.9,67.4,16.66666667,19.38571429,55,52,64.66666667,62.42857143,5.466666667,4.942857143,9.3,9.3,17.82650135,66.91521878,4.97827209,0,0
19,10,2024,10/19/2024,0.017578127,0,11.5,65,7.6,2.2,77,8.74,1.23,0.37,293,-0.949989923,0.312280557,-0.866025404,0.5,1.35698578,0.474945023,4.025,3.609582176,57.76,4.5,9.5,19.4,69.9,14.56666667,17.62857143,55,52,68,65.28571429,6.533333333,5.314285714,9.3,9.3,15.80855094,70.95760939,3.243481627,0,0
20,10,2024,10/20/2024,0.008463543,0,12.1,75,6.2,2.3,87,6.12,0.95,0.387,294,-0.944489229,0.328542382,-0.866025404,0.5,1.411839132,0.352959783,3.025,2.188350655,38.44,7.1,11.7,21.6,69.3,11.96666667,15.75714286,65,55,71.33333333,67.14285714,8.033333333,5.642857143,9.3,9.3,14.51598566,67.9788047,2.513044488,0,0
21,10,2024,10/21/2024,0.009765626,0,12.8,66,5.5,2.2,99,4.36,0.77,0.392,295,-0.938710189,0.344707384,-0.866025404,0.5,1.478288125,0.502617963,4.352,2.764398794,30.25,6,7,15,71.1,11.56666667,14.71428571,65,55,71.66666667,68,7,5.342857143,7.6,9.3,13.79118996,71.48940235,2.363913346,0,0
22,10,2024,10/22/2024,0.026692709,0,13.7,71,2.6,2.5,76,9.49,1.45,0.389,296,-0.932654508,0.360770799,-0.866025404,0.5,1.567747369,0.454646737,3.973,1.182081516,6.76,7.9,6.7,16.4,72.5,12.13333333,13.92857143,65,55,68.66666667,67.85714286,6.433333333,6.128571429,7.6,9.3,13.49383297,68.74470117,2.249174004,0,0
23,10,2024,10/23/2024,0.25,0,13.6,67,2.3,0.1,22,14.04,2.05,0.364,297,-0.926323968,0.376727894,-0.866025404,0.5,1.557578341,0.514000853,4.488,1.182201961,5.29,7,7,18.7,74.8,12.86666667,13.4,66,55,70.66666667,68.71428571,4.766666667,5.928571429,6.2,9.3,13.55568308,69.87235059,2.424752201,0,0
24,10,2024,10/24/2024,0.44466147,0,13.3,71,2.5,0,61,12.32,1.82,0.349,298,-0.919720437,0.392573965,-0.866025404,0.5,1.527417713,0.442951137,3.857,1.107377842,6.25,7.5,4.8,18.8,70,13.36666667,12.58571429,66,65,68,70.42857143,3.466666667,5.814285714,5.5,9.3,13.56897816,68.43617529,0.79742566,0,0
25,10,2024,10/25/2024,0.69401044,0,13.9,69,3,0,76,11.12,1.65,0.339,299,-0.91284586,0.408304342,-0.866025404,0.5,1.588260345,0.492360707,4.309,1.47708212,9,7.7,2.6,11.8,69.5,13.53333333,12.58571429,67,65,69.66666667,70,2.466666667,4.842857143,2.6,7.6,13.48828471,69.71808765,0.239227698,1,1
26,10,2024,10/26/2024,1.9583334,0,13.5,63,1.5,0,51,11.25,1.7,0.33,300,-0.905702263,0.423914391,-0.866025404,0.5,1.547467243,0.57256288,4.995,0.85884432,2.25,6.1,0.1,9.3,69.5,13.6,12.98571429,67,65,69,69.14285714,2.6,4.242857143,3,7.6,13.6117993,69.35904382,0.071768309,2,2
27,10,2024,10/27/2024,2.9785156,0,13.9,62,3.2,0,2,13.66,2,0.322,301,-0.898291752,0.43939951,-0.866025404,0.5,1.588260345,0.603538931,5.282,1.931324579,10.24,6.3,0,7.1,69.5,13.56666667,13.27142857,63,63,67.66666667,68.85714286,2.333333333,3.371428571,3,6.2,13.57825951,66.17952191,0.021530493,3,3
28,10,2024,10/28/2024,3.8984375,0,15,57,1.6,0,2,13.54,2.03,0.323,302,-0.890616509,0.454755136,-0.866025404,0.5,1.705346232,0.73329888,6.45,1.173278208,2.56,6.4,0,4.8,69.5,13.76666667,13.52857143,62,62,64.66666667,67,2.566666667,2.942857143,3.2,5.5,13.67478166,64.08976096,0.006459148,4,4
29,10,2024,10/29/2024,4.7565103,0,16.2,50,2.6,0,20,12.95,1.97,0.31,303,-0.882678798,0.469976743,-0.866025404,0.5,1.84164513,0.920822565,8.1,2.39413867,6.76,6.2,0,2.6,69.5,14.13333333,13.84285714,57,57,60.66666667,65.71428571,2.1,2.385714286,3.2,3.2,14.07234716,60.54488048,0.001937744,5,5
30,10,2024,10/30/2024,3.7929688,0,14.8,72,2.8,0,85,6.26,1.04,0.311,304,-0.874480958,0.485059846,-0.866025404,0.5,1.683511528,0.471383228,4.144,1.319873038,7.84,9.2,0,0.1,69.5,15.03333333,14.2,50,50,56.33333333,62.71428571,2.466666667,2.385714286,3.2,3.2,14.71064301,55.27244024,0.000581323,6,6
31,10,2024,10/31/2024,1.2304688,0,14.2,75,1.2,1.1,84,7.33,1.12,0.34,305,-0.866025404,0.5,-0.866025404,0.5,1.61947137,0.404867843,3.55,0.485841411,1.44,9.2,0,0,67.3,15.33333333,14.37142857,50,50,59.66666667,63.42857143,2.333333333,2.457142857,2.8,3.2,14.73745011,63.63622012,0.000174397,7,7
1,5,2025,5/1/2025,2.1458333,0,20,52,8.4,0.3,89,19.99,3.41,0.307,121,0.874480958,-0.485059846,0.5,-0.866025404,2.338281271,1.12237501,9.6,9.427950084,70.56,10.4,1.1,1.1,57.4,15.06666667,14.5,50,50,65.66666667,64,2.2,2.271428571,2.8,3.2,14.57621508,69.31811006,0.770052319,0,0
2,5,2025,5/2/2025,0.052083332,0,15.6,70,3.9,3.9,99,9.4,1.63,0.334,122,0.866025404,-0.5,0.5,-0.866025404,1.772347472,0.531704242,4.68,2.073646542,15.21,9.6,1.4,1.4,32.9,16.33333333,15.37142857,52,50,66.33333333,61.57142857,4.133333333,3.042857143,8.4,8.4,16.20335055,60.65905503,0.441015696,0,0
3,5,2025,5/3/2025,0.36653647,0,18,49,2.6,0.9,57,21.24,3.47,0.322,123,0.857314628,-0.514792802,0.5,-0.866025404,2.063989203,1.052634493,9.18,2.736849683,6.76,7.8,5.3,5.3,36.4,16.6,15.67142857,52,50,65.66666667,62.57142857,4.5,3.385714286,8.4,8.4,16.02234539,65.32952751,2.862304709,0,0
4,5,2025,5/4/2025,1.3977865,0,19.8,47,1.4,0,8,27.77,4.59,0.311,124,0.848351198,-0.529433891,0.5,-0.866025404,2.309488249,1.224028772,10.494,1.713640281,1.96,9.2,5.1,6.2,37.3,17.86666667,16.25714286,49,49,57,60.71428571,4.966666667,3.3,8.4,8.4,16.61564177,57.16476376,1.488691413,0,0
5,5,2025,5/5/2025,5.203776,0,21.9,34,3.9,0,1,28.41,4.87,0.313,125,0.839137755,-0.543918954,0.5,-0.866025404,2.627858844,1.734386837,14.454,6.764108665,15.21,8.7,4.8,6.2,37.3,17.8,16.94285714,47,47,55.33333333,59.28571429,2.633333333,3.271428571,3.9,8.4,17.57094924,52.08238188,0.446607424,1,1
6,5,2025,5/6/2025,7.1321616,0,25.1,43,1.9,0,42,24.78,4.44,0.335,126,0.829677014,-0.558243722,0.5,-0.866025404,3.186695762,1.816416584,14.307,3.45119151,3.61,13.7,0.9,6.2,37.3,19.9,17.75714286,34,34,43.33333333,57,2.633333333,3.457142857,3.9,8.4,18.86966447,43.04119094,0.133982227,2,2
7,5,2025,5/7/2025,8.676433,0,23.4,55,8.2,2.9,63,20.87,3.84,0.374,127,0.819971763,-0.572403973,0.5,-0.866025404,2.878130285,1.295158628,10.53,10.62030075,67.24,14.4,0,6.2,37.3,22.26666667,19.22857143,34,34,41.33333333,52.85714286,2.4,3.328571429,3.9,8.4,20.73876513,43.02059547,0.040194668,3,3
8,5,2025,5/8/2025,5.924479,0,25.6,49,4.2,2.7,37,25.22,4.66,0.369,128,0.810024863,-0.586395533,0.5,-0.866025404,3.28277117,1.674213297,13.056,7.031695846,17.64,15.4,2.9,8,38.2,23.46666667,20.54285714,34,34,44,50,4.666666667,4.328571429,8.2,8.4,21.53713559,49.01029773,2.0420584,0,0
9,5,2025,5/9/2025,8.238933,0,25.8,46,6.6,0.1,50,23.44,4.26,0.355,129,0.799839245,-0.600214281,0.5,-0.866025404,3.321902528,1.793827365,13.932,11.83926061,43.56,15,5.6,10.4,40.9,24.7,21.34285714,43,34,49,49.57142857,4.766666667,3.728571429,8.2,8.2,22.75599491,49.00514887,2.50261752,0,0
10,5,2025,5/10/2025,4.129557,0,24.9,51,8.7,0.6,84,21.39,3.78,0.358,130,0.78941791,-0.613856142,0.5,-0.866025404,3.148957679,1.542989263,12.201,13.42400659,75.69,15.1,5.7,6.6,40.6,24.93333333,22.8,46,34,50,46.14285714,6.333333333,4.114285714,8.2,8.2,23.66919644,47.50257443,0.820785256,0,0
11,5,2025,5/11/2025,0.42773438,0,16.5,70,5.7,6.9,87,12.03,2.07,0.384,131,0.778763931,-0.627317097,0.5,-0.866025404,1.877175834,0.56315275,4.95,3.209970676,32.49,10.5,3.4,6.3,41.2,25.43333333,23.78571429,46,34,48.66666667,46.42857143,6.5,4.985714286,8.7,8.7,24.03843751,49.25128722,0.666235577,0,0
12,5,2025,5/12/2025,0.9082031,0,19.3,51,5.1,0,82,20.18,3.37,0.387,132,0.767880446,-0.640593179,0.5,-0.866025404,2.238858125,1.097040481,9.457,5.594906454,26.01,9.5,7.6,13.2,48.1,22.4,23.31428571,46,34,55.66666667,49.71428571,7,5.6,8.7,8.7,21.77690625,59.62564361,5.029870673,0,0
13,5,2025,5/13/2025,3.0742188,0,16.8,51,8.2,0,51,17.92,2.79,0.38,133,0.756770663,-0.653680475,0.5,-0.866025404,1.913305695,0.93751979,8.232,7.687662281,67.24,7,7.5,13.2,39.2,20.23333333,22.94285714,51,43,57.33333333,52.14285714,6.5,5.771428571,8.7,8.7,21.03383438,55.3128218,1.508961202,1,1
14,5,2025,5/14/2025,4.9342446,0,14.5,55,2.9,0.4,53,22.28,3.38,0.378,134,0.745437857,-0.666575128,0.5,-0.866025404,1.651219156,0.74304862,6.525,2.154840998,8.41,5.5,6.9,13.2,38.4,17.53333333,21.75714286,51,46,57.33333333,53.28571429,6.333333333,6.671428571,8.2,8.7,19.76368406,53.1564109,0.452688361,2,2
15,5,2025,5/15/2025,5.6510415,0,17.4,40,2,0.7,27,29.48,4.64,0.37,135,0.733885366,-0.679273339,0.5,-0.866025404,1.987397189,1.192438313,10.44,2.384876627,4,5.4,0.4,10.7,38.6,16.86666667,20.48571429,51,46,52.33333333,53.28571429,5.4,5.914285714,8.2,8.7,18.18457885,54.07820545,0.415806508,0,0
16,5,2025,5/16/2025,8.078125,0,22.4,45,10.2,0,51,19.77,3.58,0.362,136,0.722116597,-0.691771365,0.5,-0.866025404,2.709082405,1.489995323,12.32,15.19795229,104.04,11.4,1.1,8.7,39.3,16.23333333,19.31428571,40,40,48.66666667,52,4.366666667,5.6,8.2,8.7,17.94920519,47.03910273,0.614741952,0,0
17,5,2025,5/17/2025,8.1875,0,27.5,33,13.5,0,49,22.45,4.26,0.34,137,0.710135016,-0.704065522,0.5,-0.866025404,3.671270209,2.45975104,18.425,33.20663904,182.25,14.1,1.1,8.6,32.3,18.1,18.82857143,40,40,46.66666667,51.85714286,5.033333333,6.114285714,10.2,10.2,19.28444363,46.01955136,0.184422586,1,1
18,5,2025,5/18/2025,1.7050781,0,22,50,2.7,2,55,19.35,3.18,0.36,138,0.697944155,-0.716152188,0.5,-0.866025404,2.643931192,1.321965596,11,3.569307109,7.29,12,0.7,8,29.8,22.43333333,19.2,33,33,39.33333333,49.28571429,8.566666667,6.8,13.5,13.5,21.74911054,39.50977568,0.055326776,2,2
19,5,2025,5/19/2025,0.75716144,0,20.2,37,2.5,5.1,13,29.34,4.96,0.366,139,0.685547606,-0.728027801,0.5,-0.866025404,2.367387698,1.491454249,12.726,3.728635624,6.25,7.6,2,3.1,29.6,23.96666667,19.98571429,33,33,42.66666667,46.42857143,8.8,6.371428571,13.5,13.5,21.82437738,44.75488784,1.416598033,0,0
20,5,2025,5/20/2025,2.4316406,0,17.8,65,13.1,0.4,19,22.76,3.54,0.345,140,0.672949024,-0.739688861,0.5,-0.866025404,2.038176335,0.713361717,6.23,9.345038497,171.61,10.8,7.1,8.2,32.4,23.23333333,20.11428571,33,33,40,44.42857143,6.233333333,6,13.5,13.5,21.33706417,40.87744392,3.99497941,0,0
21,5,2025,5/21/2025,3.7467449,0,20.7,44,4.5,0.3,5,28.1,4.86,0.327,141,0.660152121,-0.751131931,0.5,-0.866025404,2.441543871,1.367264568,11.592,6.152690556,20.25,9.5,7.5,8.6,30.6,20,20.25714286,37,33,50.66666667,46.42857143,6.1,6.7,13.1,13.5,20.27594492,52.93872196,1.478493823,0,0
22,5,2025,5/22/2025,10.272786,0,25.3,40,4,0,17,27.03,5.01,0.313,142,0.647160667,-0.762353639,0.5,-0.866025404,3.224827591,1.934896554,15.18,7.739586218,16,13.3,5.8,8.5,28.4,19.56666667,21.14285714,37,33,48.66666667,44.85714286,6.7,6.928571429,13.1,13.5,20.40316144,48.46936098,0.653548147,0,0
23,5,2025,5/23/2025,12.464844,0,27.3,45,6.1,0,22,26.34,4.98,0.292,143,0.633978493,-0.773350678,0.5,-0.866025404,3.628573846,1.995715615,15.015,12.17386525,37.21,16.3,0.7,7.8,28.3,21.26666667,22.27142857,40,33,49.66666667,44.85714286,7.2,7.214285714,13.1,13.5,21.87221301,44.23468049,0.196064444,1,1
24,5,2025,5/24/2025,8.796875,0,27.6,41,1.2,0.3,55,25.47,4.94,0.264,144,0.620609482,-0.784119807,0.5,-0.866025404,3.69278196,2.178741357,16.284,2.614489628,1.44,15.8,0.3,7.8,28.3,24.43333333,22.97142857,40,33,43,44.85714286,4.866666667,6.628571429,6.1,13.5,23.50054911,44.61734025,0.058819333,2,2
25,5,2025,5/25/2025,14.1953125,0,30.5,43,6.5,0,66,27.1,5.5,0.247,145,0.607057574,-0.794657852,0.5,-0.866025404,4.366279321,2.488779213,17.385,16.17706488,42.25,19.1,0.3,8.1,28.6,26.73333333,22.98571429,40,37,42,46,3.766666667,4.871428571,6.1,13.1,24.73038437,42.80867012,0.2276458,0,0
26,5,2025,5/26/2025,9.6067705,0,27.4,49,5.7,0.8,93,18.89,3.81,0.267,146,0.593326764,-0.804961708,0.5,-0.866025404,3.64986766,1.861432507,13.974,10.61016529,32.49,17.2,0.3,6.1,28.6,28.46666667,24.2,41,37,43,45,4.6,5.414285714,6.5,13.1,26.46126906,42.90433506,0.06829374,1,1
27,5,2025,5/27/2025,0.35416666,0,19.2,56,9,10.6,73,14.2,2.56,0.301,147,0.579421098,-0.815028338,0.5,-0.866025404,2.224961118,0.978982892,8.448,8.810846029,81,10.4,1.1,1.8,29.4,28.5,25.22857143,41,40,44.33333333,46.71428571,4.466666667,5.871428571,6.5,13.1,26.74288834,45.95216753,0.580488122,0,0
28,5,2025,5/28/2025,1.9791666,0,21.5,51,8.5,0,50,23.76,4.11,0.276,148,0.565344674,-0.824854775,0.5,-0.866025404,2.564419721,1.256565663,10.535,10.68080814,72.25,11.7,11.4,12,40,25.7,25.42857143,43,40,49.33333333,45.42857143,7.066666667,5.285714286,9,9,24.48002184,50.97608377,7.594146437,0,0
29,5,2025,5/29/2025,4.2617188,0,22.7,47,4.8,0.1,69,22.43,3.86,0.294,149,0.55110164,-0.834438124,0.5,-0.866025404,2.758861627,1.462196662,12.031,7.018543978,23.04,12.1,11.4,11.7,40,22.7,25.54285714,49,40,52,46.42857143,7.733333333,5.857142857,9,9,23.58601529,50.98804188,2.278243931,1,1
30,5,2025,5/30/2025,5.3997397,0,22.8,45,0.6,2,75,22.09,3.87,0.335,150,0.536696194,-0.84377556,0.5,-0.866025404,2.775631234,1.526597178,12.54,0.915958307,0.36,11.8,10.7,11.8,40.1,21.13333333,25.17142857,47,41,51.33333333,47.42857143,7.433333333,5.971428571,9,9,23.3202107,48.99402094,0.753473179,0,0
31,5,2025,5/31/2025,7.0234375,0,22.8,46,0.7,0.2,56,21.87,3.83,0.314,151,0.522132581,-0.852864331,0.5,-0.866025404,2.775631234,1.498840866,12.312,1.049188606,0.49,12,2.1,13.8,41,22.33333333,24.52857143,45,41,47.66666667,47.42857143,4.633333333,5.185714286,8.5,9,23.16414749,46.99701047,1.626041954,0,0
1,6,2025,6/1/2025,6.6601562,0,21.2,61,3,1.6,95,14.64,2.61,0.36,152,0.507415093,-0.86170176,1.22E-16,-1,2.517722492,0.981911772,8.268,2.945735316,9,13.4,2.3,13.7,40.9,22.76666667,23.84285714,45,43,46,48.14285714,2.033333333,5.114285714,4.8,9,23.05490324,46.49850524,0.627812586,0,0
2,6,2025,6/2/2025,5.1959634,0,21.8,54,2.4,1.1,55,21.79,3.87,0.351,153,0.492548068,-0.870285241,1.22E-16,-1,2.611871906,1.201461077,10.028,2.883506584,5.76,12.6,3.8,15.3,38.6,22.26666667,22.51428571,45,45,50.66666667,50.71428571,1.433333333,4.614285714,3,9,22.49843227,53.74925262,1.308343776,0,0
3,6,2025,6/3/2025,8.661458,0,23.8,49,3.1,0,19,25.96,4.74,0.324,154,0.477535886,-0.878612245,1.22E-16,-1,2.948284305,1.503624996,12.138,4.661237486,9.61,13.6,2.9,15.6,38.8,21.93333333,21.71428571,46,45,53.66666667,51.42857143,2.033333333,4.142857143,3,9,22.28890259,53.87462631,1.162503133,0,0
4,6,2025,6/4/2025,13.326823,0,26.3,45,3.3,0,4,29.88,5.6,0.298,155,0.462382973,-0.886680318,1.22E-16,-1,3.421514668,1.881833067,14.465,6.210049122,10.89,15.3,2.7,5,38.8,22.26666667,22.37142857,49,45,54.66666667,50.42857143,2.833333333,3.3,3.1,8.5,22.74223181,51.43731315,0.34875094,1,1
5,6,2025,6/5/2025,18.108072,0,27.4,36,0.6,0,3,29.15,5.61,0.27,156,0.447093793,-0.894487082,1.22E-16,-1,3.64986766,2.335915302,17.536,1.401549181,0.36,14.6,1.1,5,38.8,23.96666667,23.05714286,45,45,49.33333333,49.57142857,2.933333333,2.557142857,3.3,4.8,23.80956227,48.21865658,0.104625282,2,2
6,6,2025,6/6/2025,19.179037,0,29,38,1.2,0,6,27.91,5.52,0.248,157,0.431672852,-0.902030237,1.22E-16,-1,4.0056776,2.483520112,17.98,2.980224134,1.44,16.6,0,4.9,38.8,25.83333333,23.72857143,36,36,43.33333333,48,2.333333333,1.957142857,3.3,3.3,24.88669359,42.10932829,0.031387585,3,3
7,6,2025,6/7/2025,17.636068,0,28.6,41,2.2,0,2,29.78,5.88,0.228,158,0.416124696,-0.909307559,1.22E-16,-1,3.914009299,2.309265486,16.874,5.08038407,4.84,16.8,0,2.9,35.9,27.56666667,24.61428571,36,36,39.66666667,47,1.7,2.042857143,3.3,3.3,26.12068551,40.05466414,0.009416275,4,4
8,6,2025,6/8/2025,18.324219,0,29.1,28,3.4,0,3,30.57,5.98,0.217,159,0.400453906,-0.916316904,1.22E-16,-1,4.028884423,2.900796785,20.952,9.862709068,11.56,14.7,0,2.7,33.2,28.33333333,25.44285714,36,36,38.33333333,46.28571429,1.333333333,2.257142857,2.2,3.3,26.86447986,40.52733207,0.002824883,5,5
9,6,2025,6/9/2025,18.946615,0,28.3,32,0.9,0,19,29.87,5.88,0.202,160,0.3846651,-0.923056207,1.22E-16,-1,3.846461372,2.615593733,19.244,2.35403436,0.81,14.7,0,1.1,33.1,28.9,26.57142857,28,28,35.66666667,41.57142857,2.266666667,2.314285714,3.4,3.4,27.5351359,34.26366604,0.000847465,6,6
10,6,2025,6/10/2025,20.408203,0,29,44,1.7,0,10,27.78,5.46,0.185,161,0.368762931,-0.92952348,1.22E-16,-1,4.0056776,2.243179456,16.24,3.813405075,2.89,17.8,0,0,32.5,28.66666667,27.5,28,28,33.66666667,38.42857143,2.166666667,2.1,3.4,3.4,27.76459513,33.13183302,0.000254239,7,7
11,6,2025,6/11/2025,17.622396,0,28.1,46,1.4,0,10,28.22,5.6,0.173,162,0.352752087,-0.935716819,1.22E-16,-1,3.801995174,2.053077394,15.174,2.874308352,1.96,17.3,0,0,25.6,28.8,28.24285714,28,28,34.66666667,37.71428571,2,1.9,3.4,3.4,28.13521659,38.56591651,7.63E-05,8,8
12,6,2025,6/12/2025,14.919922,0,28,52,4.3,0,42,23.5,4.6,0.172,163,0.336637284,-0.941634398,1.22E-16,-1,3.779930364,1.814366575,13.44,7.801776271,18.49,18.4,0,0,25.6,28.46666667,28.5,32,28,40.66666667,37.85714286,1.333333333,1.628571429,1.7,3.4,28.12465161,42.28295825,2.29E-05,9,9
13,6,2025,6/13/2025,20.283203,0,27.2,49,3.9,0.4,51,24.25,4.72,0.174,164,0.320423273,-0.947274472,1.22E-16,-1,3.607388303,1.839768034,13.872,7.175095334,15.21,17,0,0,25.6,28.36666667,28.58571429,44,28,47.33333333,40.14285714,2.466666667,2.157142857,4.3,4.3,28.08725613,47.14147913,6.86E-06,10,10
14,6,2025,6/14/2025,23.358072,0,24.6,36,5.9,0.1,8,29.03,5.24,0.157,165,0.304114832,-0.952635381,1.22E-16,-1,3.09308133,1.979572051,15.744,11.6794751,34.81,11.8,0.4,0.4,25.6,27.76666667,28.32857143,46,28,49,41.71428571,3.2,2.542857143,4.3,4.3,27.82107929,48.07073956,0.280002059,0,0
15,6,2025,6/15/2025,21.246744,0,22.2,43,7.1,0.3,36,25.03,4.37,0.155,166,0.287716767,-0.957715543,1.22E-16,-1,2.676333659,1.525510186,12.654,10.83112232,50.41,10.8,0.5,0.5,25,26.6,27.75714286,36,28,45.66666667,41,4.7,3.071428571,5.9,5.9,26.8547555,42.03536978,0.154000618,0,0
16,6,2025,6/16/2025,14.7369795,0,22.5,43,4.5,0.3,39,23.94,4.35,0.162,167,0.271233911,-0.962513463,1.22E-16,-1,2.725587607,1.553584936,12.825,6.991132211,20.25,11.1,0.8,0.8,25.3,24.66666667,26.77142857,36,32,42.66666667,43.14285714,5.633333333,3.6,7.1,7.1,25.45832885,42.51768489,0.256200185,0,0
17,6,2025,6/17/2025,18.284506,0,25.2,40,0.7,0.4,17,26.42,4.94,0.158,168,0.25467112,-0.967027725,1.22E-16,-1,3.205712243,1.923427346,15.12,1.346399142,0.49,13.2,0.7,1.1,25.6,23.1,25.94285714,36,36,40.66666667,44.71428571,5.833333333,4.114285714,7.1,7.1,24.5708302,42.75884245,0.286860056,0,0
18,6,2025,6/18/2025,23.891275,0,27,37,2.5,0,3,30.1,5.79,0.15,169,0.238033277,-0.971256999,1.22E-16,-1,3.565340176,2.246164311,17.01,5.615410777,6.25,14.4,1,1.5,24,23.3,25.4,40,36,42,44.14285714,4.1,3.971428571,7.1,7.1,24.75958114,41.37942122,0.366058017,0,0
19,6,2025,6/19/2025,25.084635,0,27.5,38,1.8,0,0,30.57,5.92,0.137,170,0.221325284,-0.97520004,1.22E-16,-1,3.671270209,2.27618753,17.05,4.097137554,3.24,15.1,0.7,1.5,18.9,24.9,25.24285714,37,36,40,42.85714286,2.566666667,4.128571429,4.5,7.1,25.4317068,39.18971061,0.109817405,1,1
20,6,2025,6/20/2025,33.390625,0,29.8,28,2.5,0,1,30.75,6.18,0.123,171,0.204552066,-0.978855685,1.22E-16,-1,4.194632611,3.02013548,21.456,7.5503387,6.25,15.4,0.4,1.5,18.5,26.56666667,25.17142857,37,36,38.33333333,40.85714286,1.666666667,3.771428571,2.5,7.1,26.05219476,38.59485531,0.032945222,2,2
21,6,2025,6/21/2025,34.88086,0,24.5,56,3.8,0.7,43,24.15,4.68,0.163,172,0.187718565,-0.982222857,1.22E-16,-1,3.074649051,1.352845582,10.78,5.140813213,14.44,15.7,0,1.1,18.2,28.1,25.54285714,28,28,34.33333333,37.85714286,2.266666667,3.571428571,2.5,7.1,27.17653633,33.29742765,0.009883566,3,3
22,6,2025,6/22/2025,32.626953,0,24.3,32,4.4,0,21,27.68,5.06,0.142,173,0.170829743,-0.985300563,1.22E-16,-1,3.038071715,2.065888766,16.524,9.089910572,19.36,10.7,0.7,1.7,18.9,27.26666667,25.52857143,28,28,40.66666667,40.71428571,2.7,3.271428571,3.8,7.1,26.37357543,44.64871383,0.49296507,0,0
23,6,2025,6/23/2025,30.074219,0,25.1,33,3.1,0,0,30.75,5.78,0.13,174,0.153890577,-0.988087896,1.22E-16,-1,3.186695762,2.135086161,16.817,6.618767098,9.61,11.7,0.7,1.4,18.9,26.2,25.82857143,28,28,38.66666667,39.14285714,3.566666667,2.885714286,4.4,4.5,25.7515028,38.32435691,0.147889521,1,1
24,6,2025,6/24/2025,34.74414,0,27.4,24,0.8,0,0,31.17,6.05,0.109,175,0.136906058,-0.990584035,1.22E-16,-1,3.64986766,2.773899422,20.824,2.219119537,0.64,12.2,0.7,1.1,18.6,24.63333333,26.2,32,28,40.33333333,37.71428571,3.766666667,2.685714286,4.4,4.4,25.55605196,35.66217846,0.044366856,2,2
25,6,2025,6/25/2025,40.557293,1,30.9,24,1.3,0,0,30.79,6.38,0.098,176,0.119881192,-0.992788245,1.22E-16,-1,4.467078664,3.394979785,23.484,4.41347372,1.69,15.7,0,0.7,18.6,25.6,26.51428571,24,24,29.66666667,35.42857143,2.766666667,2.7,4.4,4.4,26.10923637,29.83108923,0.013310057,3,3
26,6,2025,6/26/2025,42.57552,1,32.1,23,2.9,0,0,30.6,6.47,0.092,177,0.102820997,-0.994699876,1.22E-16,-1,4.78171017,3.681916831,24.717,10.67755881,8.41,16.7,0,0.7,17.8,27.8,27.07142857,24,24,27,33.57142857,1.733333333,2.528571429,3.1,4.4,27.54646546,26.91554461,0.003993017,4,4
27,6,2025,6/27/2025,49.01758,1,31.3,25,2.4,0,0,31.22,6.46,0.091,178,0.0857305,-0.996318363,1.22E-16,-1,4.569894388,3.427420791,23.475,8.225809899,5.76,16.3,0,0.7,7.2,30.13333333,27.72857143,23,23,23.66666667,31.42857143,1.666666667,2.685714286,2.9,4.4,28.91252582,24.95777231,0.001197905,5,5
28,6,2025,6/28/2025,49.216145,1,30.2,21,4.2,0,0,31.37,6.39,0.09,179,0.068614738,-0.997643232,1.22E-16,-1,4.291983042,3.390666604,23.858,14.24079973,17.64,14.4,0,0.7,7.2,31.43333333,27.94285714,23,23,24,31,2.2,2.671428571,2.9,4.4,29.62876808,24.97888615,0.000359372,6,6
29,6,2025,6/29/2025,8.036458,0,22.3,53,6.3,0.9,56,19.73,3.68,0.115,180,0.051478755,-0.99867409,1.22E-16,-1,2.692664553,1.26555234,10.481,7.972979742,39.69,12.9,0,0,7.1,31.2,28.75714286,21,21,23,26,3.166666667,2.728571429,4.2,4.4,29.80013765,22.98944308,0.000107811,7,7
30,6,2025,6/30/2025,9.988281,0,24.9,46,6.7,0.7,51,17.73,3.43,0.158,181,0.034327601,-0.999410634,1.22E-16,-1,3.148957679,1.700437147,13.446,11.39292888,44.89,14.1,0.9,0.9,6,27.93333333,28.47142857,21,21,33,29,4.3,3,6.3,6.3,27.55009636,37.99472154,0.630032343,0,0
1,7,2025,7/1/2025,18.690104,0,27.8,42,1.1,0.1,23,27.62,5.38,0.158,182,0.01716633,-0.999852648,-0.5,-0.866025404,3.736134941,2.166958266,16.124,2.383654092,1.21,16.2,1.6,1.6,6.5,25.8,28.44285714,21,21,40,30.85714286,5.733333333,3.514285714,6.7,6.7,26.75506745,41.99736077,0.679009703,0,0
2,7,2025,7/2/2025,22.353516,0,24.6,37,3.4,2.9,47,27.31,5.22,0.139,183,1.22E-16,-1,-0.5,-0.866025404,3.09308133,1.948641238,15.498,6.625380208,11.56,12,1.7,1.7,5,25,28.5,42,21,47,33.42857143,4.7,3.557142857,6.7,6.7,27.06854722,41.99868038,0.273702911,0,0
3,7,2025,7/3/2025,24.654947,0,25.4,37,12.9,0,21,26.06,4.91,0.122,184,-0.01716633,-0.999852648,-0.5,-0.866025404,3.244042238,2.04374661,16.002,26.36433127,166.41,12.8,3.7,4.6,6.8,25.76666667,27.6,37,21,41.66666667,35.28571429,3.733333333,3.857142857,6.7,6.7,26.32798305,39.49934019,2.112110873,0,0
4,7,2025,7/4/2025,15.865234,0,24.2,45,4.8,0.1,36,21.29,4.1,0.118,185,-0.034327601,-0.999410634,-0.5,-0.866025404,3.019925818,1.6609592,13.31,7.97260416,23.04,13.2,3,4.6,6.8,25.93333333,26.64285714,37,21,38.66666667,37.28571429,5.8,5.285714286,12.9,12.9,26.04958814,38.2496701,0.633633262,1,1
5,7,2025,7/5/2025,24.992188,0,28,29,2.6,0,12,29.87,5.89,0.109,186,-0.051478755,-0.99867409,-0.5,-0.866025404,3.779930364,2.683750558,19.88,6.977751452,6.76,13.8,3,4.7,6.9,24.73333333,25.62857143,37,21,39.66666667,40.14285714,7.033333333,5.628571429,12.9,12.9,25.49471169,41.62483505,0.260089979,0,0
6,7,2025,7/6/2025,36.07422,1,31.2,21,4.7,0,0,30.43,6.35,0.1,187,-0.068614738,-0.997643232,-0.5,-0.866025404,4.543999587,3.589759673,24.648,16.87187047,22.09,15.4,0.1,4.7,6.9,25.86666667,25.31428571,29,29,37,41.28571429,6.766666667,5.4,12.9,12.9,26.24629819,35.31241752,0.078026994,1,1
7,7,2025,7/7/2025,38.066406,1,33.8,20,2.9,0,5,28.49,6.23,0.094,188,-0.0857305,-0.996318363,-0.5,-0.866025404,5.260311493,4.208249194,27.04,12.20392266,8.41,17.8,0.1,3.8,6.9,27.8,26.58571429,21,21,31.66666667,36.71428571,4.033333333,5.171428571,4.8,12.9,27.73240873,28.15620876,0.023408098,2,2
8,7,2025,7/8/2025,38.136066,1,34.6,24,1.7,0,3,28.73,6.27,0.1,189,-0.102820997,-0.994699876,-0.5,-0.866025404,5.499558649,4.179664574,26.296,7.105429775,2.89,19.4,0,3.1,6.9,31,27.85714286,20,20,23.33333333,33,3.4,4.628571429,4.7,12.9,29.55268611,24.07810438,0.007022429,3,3
9,7,2025,7/9/2025,43.920574,1,35,16,3.5,0,0,30.84,6.76,0.1,190,-0.119881192,-0.992788245,-0.5,-0.866025404,5.622681238,4.72305224,29.4,16.53068284,12.25,18.2,0,3,6.9,33.2,28.82857143,20,20,21.66666667,30.42857143,3.1,4.714285714,4.7,12.9,31.06688028,24.03905219,0.002106729,4,4
10,7,2025,7/10/2025,31.251953,0,32.2,39,8.4,0,13,27.39,5.86,0.101,191,-0.136906058,-0.990584035,-0.5,-0.866025404,4.808777365,2.933354193,19.642,24.64017522,70.56,20,0,0.1,6.9,34.46666667,30.31428571,16,16,20,27.42857143,2.7,4.728571429,3.5,12.9,32.24681619,20.0195261,0.000632019,5,5
11,7,2025,7/11/2025,26.261068,0,31.4,35,2.2,0,33,27.73,5.76,0.086,192,-0.153890577,-0.988087896,-0.5,-0.866025404,4.595917317,2.987346256,20.41,6.572161763,4.84,18.4,0,0.1,6.9,33.93333333,31.28571429,16,16,26.33333333,27.71428571,4.533333333,4.085714286,8.4,8.4,32.23277134,29.50976305,0.000189606,6,6
12,7,2025,7/12/2025,26.62435,0,31.9,40,2.8,0,29,27.13,5.59,0.072,193,-0.170829743,-0.985300563,-0.5,-0.866025404,4.7279725,2.8367835,19.14,7.942993801,7.84,19.9,0,0,6.9,32.86666667,32.31428571,16,16,30,26.28571429,4.7,3.714285714,8.4,8.4,31.98293994,32.25488152,5.69E-05,7,7
13,7,2025,7/13/2025,32.33789,0,32.7,34,2.9,0,1,28.9,6.04,0.068,194,-0.187718565,-0.982222857,-0.5,-0.866025404,4.946118775,3.264438392,21.582,9.466871336,8.41,19.5,0,0,6.9,31.83333333,32.87142857,35,16,38,27.85714286,4.466666667,3.742857143,8.4,8.4,31.95805795,36.12744076,1.71E-05,8,8
14,7,2025,7/14/2025,33.041668,0,33.2,26,2.1,0,0,29.23,6.16,0.066,195,-0.204552066,-0.978855685,-0.5,-0.866025404,5.086853141,3.764271325,24.568,7.904969782,4.41,18.4,0,0,6.5,32,33.08571429,34,16,36.33333333,29.71428571,2.633333333,3.485714286,2.9,8.4,32.18064057,35.06372038,5.12E-06,9,9
15,7,2025,7/15/2025,47.35677,1,33.9,25,3.3,0,37,26.78,6.03,0.073,196,-0.221325284,-0.97520004,-0.5,-0.866025404,5.289714604,3.967285953,25.425,13.09204365,10.89,18.9,0,0,6.4,32.6,33,26,16,33.33333333,30.57142857,2.6,3.371428571,2.9,8.4,32.4864484,30.53186019,1.54E-06,10,10
16,7,2025,7/16/2025,48.54883,1,33,17,2.2,0,26,29.54,6.38,0.074,197,-0.238033277,-0.971256999,-0.5,-0.866025404,5.030147796,4.17502267,27.39,9.185049875,4.84,16.4,0,0,6.1,33.26666667,32.9,25,16,28.33333333,30.71428571,2.766666667,3.6,3.3,8.4,32.91051388,27.7659301,4.61E-07,11,11
17,7,2025,7/17/2025,45.492188,1,33.4,25,1.2,0,3,28.49,6.18,0.08,198,-0.25467112,-0.967027725,-0.5,-0.866025404,5.144112522,3.858084391,25.05,4.629701269,1.44,18.4,0,0,5.8,33.36666667,32.61428571,17,17,22.66666667,30.85714286,2.533333333,3.414285714,3.3,8.4,32.93735971,22.38296505,1.38E-07,12,12
18,7,2025,7/18/2025,38.66276,1,33.7,29,11.1,0,37,22.29,4.95,0.087,199,-0.271233911,-0.962513463,-0.5,-0.866025404,5.231050301,3.714045714,23.927,41.22590742,123.21,19.5,0,0,5.4,33.43333333,32.78571429,17,17,22.33333333,28.85714286,2.233333333,2.385714286,3.3,3.3,33.0761518,23.69148252,4.15E-08,13,13
19,7,2025,7/19/2025,37.485676,1,32.5,37,1.3,0.7,43,25.12,5.16,0.109,200,-0.287716767,-0.957715543,-0.5,-0.866025404,4.89077893,3.081190726,20.475,4.005547944,1.69,19.9,0,0,5.4,33.36666667,33.11428571,17,17,23.66666667,28,4.833333333,3.657142857,11.1,11.1,33.26330626,26.34574126,1.24E-08,14,14
20,7,2025,7/20/2025,37.516277,1,30.8,33,3.4,2.8,1,28.99,5.98,0.114,201,-0.304114832,-0.952635381,-0.5,-0.866025404,4.441691099,2.975933036,20.636,10.11817232,11.56,17.4,0.7,0.7,6.1,33.2,33.2,25,17,30.33333333,27.57142857,4.533333333,3.442857143,11.1,11.1,33.03431438,31.67287063,0.490000004,0,0
21,7,2025,7/21/2025,37.779297,1,30.7,21,2.9,0,0,29.55,6.12,0.103,202,-0.320423273,-0.947274472,-0.5,-0.866025404,4.416429033,3.488978936,24.253,10.11803892,8.41,14.9,3.5,3.5,8.9,32.33333333,32.92857143,29,17,33,27.42857143,5.266666667,3.514285714,11.1,11.1,32.36402007,32.33643532,2.107000001,0,0
22,7,2025,7/22/2025,40.889973,1,33,19,0.5,0,0,29.62,6.43,0.1,203,-0.336637284,-0.941634398,-0.5,-0.866025404,5.030147796,4.074419714,26.73,2.037209857,0.25,16.8,3.5,3.5,8.2,31.33333333,32.57142857,21,17,30.33333333,26.71428571,2.533333333,3.628571429,3.4,11.1,31.86481405,26.66821766,0.6321,1,1
23,7,2025,7/23/2025,49.53125,1,35.3,17,2.7,0,0,29.19,6.45,0.087,204,-0.352752087,-0.935716819,-0.5,-0.866025404,5.716584973,4.744765528,29.299,12.81086692,7.29,18.7,2.8,3.5,8.2,31.5,32.44285714,19,17,24.33333333,25.85714286,2.266666667,3.228571429,3.4,11.1,32.20536983,22.83410883,0.18963,2,2
24,7,2025,7/24/2025,53.58008,1,35.4,22,2.3,0,0,28.9,6.87,0.085,205,-0.368762931,-0.92952348,-0.5,-0.866025404,5.748186889,4.483585773,27.612,10.31224728,5.29,19.8,0,3.5,8.2,33,32.77142857,17,17,19,25.85714286,2.033333333,3.3,2.9,11.1,33.13375888,19.91705441,0.056889,3,3
25,7,2025,7/25/2025,55.38737,1,33.4,22,4.1,0,0,29.03,6.68,0.092,206,-0.3846651,-0.923056207,-0.5,-0.866025404,5.144112522,4.012407767,26.052,16.45087184,16.81,17.8,0,3.5,8.2,34.56666667,33.05714286,17,17,19.33333333,25.42857143,1.833333333,3.457142857,2.7,11.1,33.81363122,20.95852721,0.0170667,4,4
26,7,2025,7/26/2025,57.2513,1,33.2,19,5.2,0,0,29.07,6.93,0.094,207,-0.400453906,-0.916316904,-0.5,-0.866025404,5.086853141,4.120351045,26.892,21.42582543,27.04,17,0,3.5,8.2,34.7,33.01428571,17,17,20.33333333,24.42857143,3.033333333,2.457142857,4.1,4.1,33.68954185,21.4792636,0.00512001,5,5
27,7,2025,7/27/2025,49.427082,1,34.7,20,7.9,0,0,29.32,6.84,0.092,208,-0.416124696,-0.909307559,-0.5,-0.866025404,5.530117966,4.424094373,27.76,34.95034554,62.41,18.7,0,2.8,8.2,34,33.11428571,19,17,21,21.85714286,3.866666667,3.014285714,5.2,5.2,33.5426793,20.2396318,0.001536003,6,6
28,7,2025,7/28/2025,53.99544,1,38.3,19,1.3,0,3,27.84,6.45,0.095,209,-0.431672852,-0.902030237,-0.5,-0.866025404,6.732980564,5.453714256,31.023,7.089828533,1.69,22.1,0,0,8.2,33.76666667,33.67142857,19,17,20.33333333,20,5.733333333,3.657142857,7.9,7.9,33.88987551,20.1198159,0.000460801,7,7
29,7,2025,7/29/2025,49.82487,1,38.7,21,6,0,2,28.16,6.78,0.101,210,-0.447093793,-0.894487082,-0.5,-0.866025404,6.879655941,5.434928194,30.573,32.60956916,36,22.9,0,0,8.2,35.4,34.75714286,19,17,19.33333333,19.71428571,4.8,3.428571429,7.9,7.9,35.21291286,19.55990795,0.00013824,8,8
30,7,2025,7/30/2025,46.466797,1,36.2,26,3.2,0,5,27.77,6.22,0.1,211,-0.462382973,-0.886680318,-0.5,-0.866025404,6.006501392,4.44481103,26.788,14.2233953,10.24,21.4,0,0,7.3,37.23333333,35.57142857,19,17,20,20,5.066666667,4.214285714,7.9,7.9,36.259039,20.27995398,4.15E-05,9,9
31,7,2025,7/31/2025,40.76237,1,32.6,41,3.9,0.1,44,24.18,5.34,0.102,212,-0.477535886,-0.878612245,-0.5,-0.866025404,4.918381272,2.901844951,19.234,11.31719531,15.21,20.8,0,0,6.6,37.73333333,35.7,19,19,22,21.28571429,3.5,4.285714286,6,7.9,36.2413273,23.13997699,1.24E-05,10,10
1,8,2025,8/1/2025,25.815756,0,32.6,36,1.3,0,68,19.65,4.31,0.105,213,-0.492548068,-0.870285241,-0.866025404,-0.5,4.918381272,3.147764014,20.864,4.092093218,1.69,19.8,0.1,0.1,6.6,35.83333333,35.3,21,19,29.33333333,24,4.366666667,4.514285714,6,7.9,35.14892911,32.06998849,0.070003732,0,0
2,8,2025,8/2/2025,20.60026,0,27.7,52,3.2,2.9,38,23.5,5.07,0.103,214,-0.507415093,-0.86170176,-0.866025404,-0.5,3.714403381,1.782913623,13.296,5.705323593,10.24,18.1,0.1,0.1,3.7,33.8,35.18571429,26,19,34.33333333,26,2.8,4.114285714,3.9,7.9,34.38425038,34.03499425,0.02100112,1,1
3,8,2025,8/3/2025,23.996094,0,29.7,49,4.5,0,72,15.11,3.3,0.107,215,-0.522132581,-0.852864331,-0.866025404,-0.5,4.170597197,2.12700457,15.147,9.571520566,20.25,19.5,3,3,6.6,30.96666667,34.4,36,19,43,30.71428571,2.8,3.828571429,3.9,7.9,32.37897526,43.01749712,2.036300336,0,0
4,8,2025,8/4/2025,29.53125,0,32,41,1.6,1.9,7,25.64,5.5,0.12,216,-0.536696194,-0.84377556,-0.866025404,-0.5,4.754775396,2.805317484,18.88,4.488507974,2.56,20.2,2.9,3,6.5,30,33.68571429,36,19,45.66666667,34.85714286,3,3.342857143,4.5,6,31.57528268,46.00874856,0.610890101,1,1
5,8,2025,8/5/2025,32.697918,0,34.7,31,2.4,0,14,23.49,5.28,0.099,217,-0.55110164,-0.834438124,-0.866025404,-0.5,5.530117966,3.815781397,23.943,9.157875352,5.76,20.9,4.8,4.9,8.4,29.8,32.78571429,41,21,47.33333333,38,3.1,3.385714286,4.5,6,31.70269788,43.50437428,1.51326703,0,0
6,8,2025,8/6/2025,43.32617,1,35.5,23,3.4,0.1,10,24.98,6.19,0.09,218,-0.565344674,-0.824854775,-0.866025404,-0.5,5.779940142,4.45055391,27.335,15.13188329,11.56,20.1,1.9,4.9,8.4,32.13333333,32.21428571,31,26,40.33333333,39.42857143,2.833333333,2.871428571,4.5,4.5,32.60188852,37.25218714,0.453980109,1,1
7,8,2025,8/7/2025,43.94336,1,32.9,32,5.1,0,13,25.12,5.57,0.073,219,-0.579421098,-0.815028338,-0.866025404,-0.5,5.002001481,3.401361007,22.372,17.34694114,26.01,19.3,2,5,8.5,34.06666667,32.11428571,23,23,31.66666667,39,2.466666667,2.9,3.4,4.5,33.47132196,30.12609357,0.206194033,0,0
8,8,2025,8/8/2025,38.339844,1,34,28,11.5,0,30,22.32,5.13,0.052,220,-0.593326764,-0.804961708,-0.866025404,-0.5,5.31926021,3.829867351,24.48,44.04347454,132.25,19.6,0.1,4.9,8.5,34.36666667,32.15714286,23,23,28.66666667,37.71428571,3.633333333,3.071428571,5.1,5.1,33.29992537,31.06304679,0.06185821,1,1
9,8,2025,8/9/2025,33.74284,0,33,29,4.3,0.4,10,26.35,5.7,0.057,221,-0.607057574,-0.794657852,-0.866025404,-0.5,5.030147796,3.571404935,23.43,15.35704122,18.49,18.8,0.1,4.9,8.5,34.13333333,32.35714286,23,23,27.66666667,36.57142857,6.666666667,4.528571429,11.5,11.5,33.50994776,29.53152339,0.018557463,2,2
10,8,2025,8/10/2025,43.19987,1,32.6,24,2.8,0,0,26.85,5.87,0.056,222,-0.620609482,-0.784119807,-0.866025404,-0.5,4.918381272,3.737969767,24.776,10.46631535,7.84,17.4,0.4,2.4,8.9,33.3,33.11428571,28,23,29.66666667,33.28571429,6.966666667,4.685714286,11.5,11.5,33.35696343,29.2657617,0.285567239,0,0
11,8,2025,8/11/2025,48.36133,1,32.5,23,2.6,0,0,27.13,5.88,0.052,223,-0.633978493,-0.773350678,-0.866025404,-0.5,4.89077893,3.765899776,25.025,9.791339418,6.76,17.1,0.4,2.4,8.9,33.2,33.52857143,24,23,27,29.71428571,6.2,4.442857143,11.5,11.5,33.1298744,26.63288085,0.085670172,1,1
12,8,2025,8/12/2025,47.003254,1,31.5,26,2.4,0,0,26.61,5.66,0.049,224,-0.647160667,-0.762353639,-0.866025404,-0.5,4.622068903,3.420330988,23.31,8.208794372,5.76,16.7,0.4,0.5,8.9,32.7,33.6,23,23,25.33333333,27.14285714,3.233333333,4.585714286,4.3,11.5,32.94091208,24.81644042,0.025701051,2,2
13,8,2025,8/13/2025,42.559895,1,32.8,28,2.4,0,2,25.88,5.6,0.051,225,-0.660152121,-0.751131931,-0.866025404,-0.5,4.973991993,3.581274235,23.616,8.595058165,5.76,18.4,0,0.5,8.9,32.2,33.14285714,23,23,24.33333333,26.42857143,2.6,4.585714286,2.8,11.5,32.50863846,25.40822021,0.007710315,3,3
14,8,2025,8/14/2025,42.7513,1,33.8,27,1.9,0,0,26.46,5.81,0.059,226,-0.672949024,-0.739688861,-0.866025404,-0.5,5.260311493,3.84002739,24.674,7.296052041,3.61,19.2,0,0.4,8.9,32.26666667,32.75714286,23,23,25.66666667,27.14285714,2.466666667,4.442857143,2.6,11.5,32.59604692,26.70411011,0.002313095,4,4
15,8,2025,8/15/2025,56.48047,1,32.6,18,2.3,0,0,26.61,6.09,0.068,227,-0.685547606,-0.728027801,-0.866025404,-0.5,4.918381272,4.033072643,26.732,9.276067079,5.29,16.2,0,0.4,8.9,32.7,32.88571429,26,23,27,26.42857143,2.233333333,3.985714286,2.4,11.5,32.95723284,26.85205505,0.000693928,5,5
16,8,2025,8/16/2025,50.34375,1,29.4,27,2.5,0,0,26.6,5.7,0.072,228,-0.697944155,-0.716152188,-0.866025404,-0.5,4.099208154,2.992421953,21.462,7.481054881,6.25,14.8,0,0.4,8.9,33.06666667,32.68571429,18,18,24.33333333,25,2.2,2.671428571,2.4,4.3,32.85006299,22.42602753,0.000208179,6,6
17,8,2025,8/17/2025,45.473957,1,31.8,25,2.3,0,1,26.02,5.62,0.072,229,-0.710135016,-0.704065522,-0.866025404,-0.5,4.701300942,3.525975706,23.85,8.109744124,5.29,16.8,0,0,8.9,31.93333333,32.17142857,18,18,24,24.71428571,2.233333333,2.414285714,2.5,2.8,31.81504409,24.71301376,6.25E-05,7,7
18,8,2025,8/18/2025,36.002605,1,32,30,6.3,0,18,22.7,4.96,0.072,230,-0.722116597,-0.691771365,-0.866025404,-0.5,4.754775396,3.328342777,22.4,20.9685595,39.69,18,0,0,8.9,31.26666667,32.05714286,18,18,23.33333333,24.85714286,2.366666667,2.342857143,2.5,2.6,31.81053087,24.85650688,1.87E-05,8,8
19,8,2025,8/19/2025,35.684895,1,29.8,32,2.6,0,25,24.22,4.97,0.072,231,-0.733885366,-0.679273339,-0.866025404,-0.5,4.194632611,2.852350175,20.264,7.416110456,6.76,16.2,0,0,8.2,31.06666667,31.98571429,25,18,27.33333333,25.85714286,3.7,2.871428571,6.3,6.3,31.86737161,27.42825344,5.62E-06,9,9
20,8,2025,8/20/2025,32.264324,0,29.6,36,4.8,0,33,21.58,4.36,0.08,232,-0.745437857,-0.666575128,-0.866025404,-0.5,4.14668165,2.653876256,18.944,12.73860603,23.04,16.8,0,0,5.4,31.2,31.74285714,25,18,29,26.71428571,3.733333333,2.9,6.3,6.3,31.24716012,29.71412672,1.69E-06,10,10
21,8,2025,8/21/2025,16.384766,0,27.6,40,3.1,1.6,37,22.82,4.67,0.086,233,-0.756770663,-0.653680475,-0.866025404,-0.5,3.69278196,2.215669176,16.56,6.868574446,9.61,15.6,0,0,5.4,30.46666667,31.28571429,30,18,32.66666667,27.85714286,4.566666667,3.242857143,6.3,6.3,30.75301209,32.85706336,5.06E-07,11,11
22,8,2025,8/22/2025,40.972004,1,33,23,3.8,0,0,25.7,5.56,0.086,234,-0.767880446,-0.640593179,-0.866025404,-0.5,5.030147796,3.873213803,25.41,14.71821245,14.44,17.6,1.6,1.6,7,29,30.4,32,18,36,29.71428571,3.5,3.414285714,4.8,6.3,29.80710846,36.42853168,1.120000152,0,0
23,8,2025,8/23/2025,37.428387,1,31.9,36,11.6,0,8,23.08,4.98,0.1,235,-0.778763931,-0.627317097,-0.866025404,-0.5,4.7279725,3.0259024,20.416,35.10046784,134.56,19.1,1.6,1.6,7,30.06666667,30.45714286,23,23,33,30.42857143,3.9,3.628571429,4.8,6.3,30.76497592,29.71426584,0.336000046,1,1
24,8,2025,8/24/2025,23.641275,0,28.3,39,5.6,0.2,45,16.86,3.46,0.074,236,-0.78941791,-0.613856142,-0.866025404,-0.5,3.846461372,2.346341437,17.263,13.13951205,31.36,16.1,1.6,1.6,7,30.83333333,30.81428571,23,23,33,31.71428571,6.166666667,4.928571429,11.6,11.6,31.10548315,32.85713292,0.100800014,2,2
25,8,2025,8/25/2025,35.439453,1,26.5,38,2.2,0.7,41,16.97,3.52,0.065,237,-0.799839245,-0.600214281,-0.866025404,-0.5,3.462082359,2.146491062,16.43,4.722280337,4.84,14.1,0.2,1.8,7.2,31.06666667,30.31428571,23,23,32.66666667,33.71428571,7,5.4,11.6,11.6,30.2638382,35.92856646,0.170240004,0,0
26,8,2025,8/26/2025,32.994793,0,26.3,40,1.5,0,26,19.09,3.86,0.069,238,-0.810024863,-0.586395533,-0.866025404,-0.5,3.421514668,2.052908801,15.78,3.079363201,2.25,14.3,0.9,2.5,7.9,28.9,29.52857143,36,23,37.66666667,34.85714286,6.466666667,4.814285714,11.6,11.6,29.13468674,36.96428323,0.541072001,0,0
27,8,2025,8/27/2025,38.51302,1,29.4,27,2.2,0,4,22.56,4.68,0.07,239,-0.819971763,-0.572403973,-0.866025404,-0.5,4.099208154,2.992421953,21.462,6.583328296,4.84,14.8,0.9,2.5,7.9,27.03333333,29.02857143,38,23,39,36,3.1,4.657142857,5.6,11.6,28.28428072,38.48214162,0.1623216,1,1
28,8,2025,8/28/2025,42.897785,1,28.5,24,3.2,0,0,24.71,5.03,0.071,240,-0.829677014,-0.558243722,-0.866025404,-0.5,3.891379531,2.957448444,21.66,9.46383502,10.24,13.3,0.7,2.5,7.9,27.4,29,27,23,35,34.71428571,1.966666667,4.285714286,2.2,11.6,28.6189965,32.74107081,0.04869648,2,2
29,8,2025,8/29/2025,39.94206,1,30.5,25,1.5,0,0,24.24,5.03,0.073,241,-0.839137755,-0.543918954,-0.866025404,-0.5,4.366279321,3.27470949,22.875,4.912064236,2.25,15.5,0,0.9,7.9,28.06666667,29.12857143,24,23,30.33333333,32.42857143,2.3,4.3,3.2,11.6,28.58329755,28.3705354,0.014608944,3,3
30,8,2025,8/30/2025,41.735676,1,33.9,26,0.2,0,0,24.07,5.23,0.078,242,-0.848351198,-0.529433891,-0.866025404,-0.5,5.289714604,3.914388807,25.086,0.782877761,0.04,19.1,0,0.9,7.9,29.46666667,28.77142857,24,24,25.33333333,32.71428571,2.3,3.971428571,3.2,11.6,29.15830829,26.6852677,0.004382683,4,4
31,8,2025,8/31/2025,43.46745,1,34,27,1.5,0,0,23.8,5.29,0.076,243,-0.857314628,-0.514792802,-0.866025404,-0.5,5.31926021,3.883059953,24.82,5.82458993,2.25,19.4,0,0.9,7.8,30.96666667,29.05714286,24,24,25,31.28571429,1.633333333,2.342857143,3.2,5.6,30.5808158,26.34263385,0.001314805,5,5
1,9,2025,9/1/2025,39.02669,1,31.4,33,9.2,0,12,20.43,4.53,0.078,244,-0.866025404,-0.5,-1,-1.84E-16,4.595917317,3.079264602,21.038,28.32923434,84.64,18,0,0.7,7.8,32.8,29.87142857,25,24,26,29.57142857,1.066666667,1.757142857,1.5,3.2,31.60657106,26.67131693,0.000394441,6,6
2,9,2025,9/2/2025,36.25456,1,29.5,31,3.1,0,4,22.64,4.71,0.085,245,-0.874480958,-0.485059846,-1,-1.84E-16,4.122885469,2.844790974,20.355,8.818852019,9.61,15.7,0,0,4.9,33.1,30.57142857,26,24,28.66666667,28.85714286,3.633333333,2.757142857,9.2,9.2,31.54459974,29.83565846,0.000118332,7,7
3,9,2025,9/3/2025,28.839844,0,28.7,38,2.5,0,22,18.97,3.9,0.095,246,-0.882678798,-0.469976743,-1,-1.84E-16,3.936753503,2.440787172,17.794,6.10196793,6.25,16.3,0,0,4.9,31.63333333,31.02857143,27,24,30.33333333,27.57142857,4.6,2.985714286,9.2,9.2,30.93121982,30.41782923,3.55E-05,8,8
4,9,2025,9/4/2025,37.621094,1,28.8,36,4.4,0,1,23.05,4.89,0.094,247,-0.890616509,-0.454755136,-1,-1.84E-16,3.95961263,2.534152083,18.432,11.15026916,19.36,16,0,0,3,29.86666667,30.92857143,31,24,34,29.14285714,4.933333333,3.028571429,9.2,9.2,30.26185387,34.20891462,1.06E-05,9,9
5,9,2025,9/5/2025,37.488934,1,31.2,29,3.5,0,3,22.23,4.9,0.102,248,-0.898291752,-0.43939951,-1,-1.84E-16,4.543999587,3.226239707,22.152,11.29183897,12.25,17,0,0,3,29,30.97142857,31,25,35,30.85714286,3.333333333,3.2,4.4,9.2,29.82329771,35.10445731,3.19E-06,10,10
6,9,2025,9/6/2025,17.649088,0,29.4,44,3.4,0.3,64,13.01,2.69,0.115,249,-0.905702263,-0.423914391,-1,-1.84E-16,4.099208154,2.295556566,16.464,7.804892325,11.56,18.2,0,0,2.9,29.56666667,31.07142857,29,26,34.33333333,31.42857143,3.466666667,3.485714286,4.4,9.2,30.2363084,32.05222865,9.58E-07,11,11
7,9,2025,9/7/2025,1.7519531,0,21.9,78,0.4,15.2,89,10.52,2.13,0.324,250,-0.91284586,-0.408304342,-1,-1.84E-16,2.627858844,0.578128946,4.818,0.231251578,0.16,17.5,0.3,0.3,3.2,29.8,30.42857143,29,27,36.33333333,34,3.766666667,3.942857143,4.4,9.2,29.98541588,38.02611433,0.210000288,0,0
8,9,2025,9/8/2025,7.1660156,0,22.7,56,1.2,3.4,61,15.67,3,0.321,251,-0.919720437,-0.392573965,-1,-1.84E-16,2.758861627,1.213899116,9.988,1.456678939,1.44,13.9,15.5,15.5,18.4,27.5,28.7,29,29,50.33333333,41.28571429,2.433333333,3.785714286,3.5,9.2,27.55979112,58.01305716,10.70300009,0,0
9,9,2025,9/9/2025,13.2213545,0,24.5,49,1.3,0.3,13,20.06,3.78,0.288,252,-0.926323968,-0.376727894,-1,-1.84E-16,3.074649051,1.568071016,12.495,2.038492321,1.69,14.3,18.9,18.9,21.4,24.66666667,27.45714286,44,29,59.33333333,44.57142857,1.666666667,2.642857143,3.4,4.4,26.10185378,57.00652858,5.590900026,0,0
10,9,2025,9/10/2025,21.339844,0,25.8,42,4.2,0,11,19.87,3.79,0.253,253,-0.932654508,-0.360770799,-1,-1.84E-16,3.321902528,1.926703466,14.964,8.092154559,17.64,14.2,18.9,19.2,21.7,23.03333333,26.74285714,49,29,61,47.14285714,0.966666667,2.385714286,1.3,4.4,25.62129765,53.00326429,1.887270008,0,0
11,9,2025,9/11/2025,9.645183,0,24.9,52,7.2,0.1,67,13.82,2.71,0.248,254,-0.938710189,-0.344707384,-1,-1.84E-16,3.148957679,1.511499686,11.952,10.88279774,51.84,15.3,3.7,19.2,21.7,24.33333333,26.32857143,42,29,49,47.71428571,2.233333333,2.628571429,4.2,4.4,25.67490835,47.50163215,0.566181002,1,1
12,9,2025,9/12/2025,17.990885,0,25.8,48,2.4,0,43,20.27,3.92,0.251,255,-0.944489229,-0.328542382,-1,-1.84E-16,3.321902528,1.727389315,13.416,4.145734355,5.76,15.4,0.4,19.3,21.8,25.06666667,25.77142857,42,29,47.66666667,50,4.233333333,3.028571429,7.2,7.2,25.44243585,49.75081607,0.239854301,0,0
13,9,2025,9/13/2025,18.326822,0,25.6,48,3.5,0,20,18.81,3.61,0.222,256,-0.949989923,-0.312280557,-1,-1.84E-16,3.28277117,1.707041008,13.312,5.974643529,12.25,15.2,0.1,19.3,21.8,25.5,25,42,42,47.33333333,52.71428571,4.6,2.871428571,7.2,7.2,25.54970509,48.87540804,0.07195629,1,1
14,9,2025,9/14/2025,22.635416,0,25.3,49,1.9,0,1,21.12,4.03,0.202,257,-0.955210651,-0.295926701,-1,-1.84E-16,3.224827591,1.644662071,12.903,3.124857935,3.61,15.1,0.1,19,21.8,25.43333333,24.45714286,48,42,49.33333333,53.28571429,4.366666667,2.885714286,7.2,7.2,25.56479356,48.43770402,0.021586887,2,2
15,9,2025,9/15/2025,27.12435,0,27.1,35,2.9,0,10,21.34,4.13,0.181,258,-0.960149874,-0.279485635,-1,-1.84E-16,3.586310566,2.331101868,17.615,6.760195418,8.41,14.1,0,3.8,21.8,25.56666667,24.94285714,48,42,48.33333333,49.14285714,2.6,3.1,3.5,7.2,25.4853555,48.71885201,0.006476066,3,3
16,9,2025,9/16/2025,26.072266,0,24.3,43,1.3,0,12,18.6,3.49,0.157,259,-0.964806136,-0.262962203,-1,-1.84E-16,3.038071715,1.731700878,13.851,2.251211141,1.69,12.9,0,0.4,21.8,26,25.57142857,35,35,44,46.14285714,2.766666667,3.342857143,3.5,7.2,25.96974885,41.859426,0.00194282,4,4
17,9,2025,9/17/2025,27.897135,0,24.4,34,2.6,0,23,21.3,4.01,0.138,260,-0.969178065,-0.246361274,-1,-1.84E-16,3.056312653,2.017166351,16.104,5.244632513,6.76,11.2,0,0.1,21.8,25.56666667,25.54285714,35,35,42.33333333,45.28571429,2.033333333,3.342857143,2.9,7.2,25.46882419,42.429713,0.000582846,5,5
18,9,2025,9/18/2025,1.1341146,0,18.6,66,7.7,12.2,89,9.44,1.6,0.243,261,-0.973264374,-0.229687742,-1,-1.84E-16,2.143152914,0.728671991,6.324,5.61077433,59.29,11.8,0,0.1,21.8,25.26666667,25.34285714,34,34,37.33333333,44.14285714,2.266666667,3.114285714,2.9,7.2,25.14817693,38.2148565,0.000174854,6,6
19,9,2025,9/19/2025,0.12109375,0,17.4,66,7.6,5.3,88,7.58,1.33,0.332,262,-0.977063856,-0.21294652,-1,-1.84E-16,1.987397189,0.675715044,5.916,5.135434336,57.76,10.6,12.2,12.2,34,22.43333333,24.44285714,34,34,47.66666667,46.14285714,3.866666667,3.185714286,7.7,7.7,23.18372385,52.10742825,8.540052456,0,0
20,9,2025,9/20/2025,0.97591144,0,20.5,46,1.5,3.1,42,18.48,3.17,0.321,263,-0.980575394,-0.196142541,-1,-1.84E-16,2.41164128,1.302286291,11.07,1.953429437,2.25,9.7,17.5,17.5,39.3,20.13333333,23.24285714,34,34,55.33333333,48.71428571,5.966666667,3.928571429,7.7,7.7,21.4486067,59.05371413,6.272015737,0,0
21,9,2025,9/21/2025,4.6660156,0,21.5,49,4.4,0,2,20.07,3.5,0.278,264,-0.983797952,-0.179280759,-1,-1.84E-16,2.564419721,1.307854058,10.965,5.754557853,19.36,11.3,20.6,20.6,40.8,18.83333333,22.51428571,46,34,59.33333333,48.42857143,5.6,3.642857143,7.7,7.7,21.16402469,52.52685706,4.051604721,0,0
22,9,2025,9/22/2025,11.052734,0,22.9,38,6.4,0,0,20.71,3.65,0.256,265,-0.986730579,-0.162366141,-1,-1.84E-16,2.792489766,1.731343655,14.198,11.08059939,40.96,10.5,8.4,20.6,40.8,19.8,21.97142857,46,34,53.66666667,48.42857143,4.5,4,7.6,7.7,21.26481728,50.76342853,1.215481416,1,1
23,9,2025,9/23/2025,16.310547,0,24.6,26,2.4,0,0,20.26,3.72,0.247,266,-0.989372413,-0.145403674,-1,-1.84E-16,3.09308133,2.288880184,18.204,5.493312441,5.76,9.8,3.1,20.6,40.8,21.63333333,21.37142857,38,34,44.33333333,48.85714286,4.1,4.5,6.4,7.7,21.7553721,44.38171427,0.364644425,2,2
24,9,2025,9/24/2025,17.722006,0,25.5,34,1,0,12,19.85,3.73,0.24,267,-0.991722674,-0.128398355,-1,-1.84E-16,3.263356619,2.153815369,16.83,2.153815369,1,12.3,0,20.6,40.6,23,21.41428571,26,26,37.66666667,46.42857143,4.4,4.657142857,6.4,7.7,22.60876047,35.19085713,0.109393327,3,3
25,9,2025,9/25/2025,15.279948,0,23.1,53,2.3,0,29,17.82,3.25,0.229,268,-0.99378067,-0.111355197,-1,-1.84E-16,2.826475201,1.328443345,10.857,3.055419692,5.29,13.7,0,20.6,39.9,24.33333333,21.57142857,26,26,32.66666667,46.42857143,3.266666667,4.428571429,6.4,7.7,23.47613233,34.59542857,0.032817998,4,4
26,9,2025,9/26/2025,17.24935,0,22.5,45,2.2,0,78,13.65,2.61,0.214,269,-0.995545794,-0.094279222,-1,-1.84E-16,2.725587607,1.499073184,12.375,3.297961004,4.84,11.5,0,8.4,39.9,24.4,22.21428571,26,26,37.66666667,44.57142857,1.9,3.657142857,2.4,7.6,23.36329263,43.79771428,0.009845399,5,5
27,9,2025,9/27/2025,16.561197,0,17.7,56,3.9,0,37,16.51,2.74,0.21,270,-0.997017526,-0.077175462,-1,-1.84E-16,2.02537622,0.891165537,7.788,3.475545593,15.21,8.9,0,3.1,39.9,23.7,22.94285714,34,26,44,41.57142857,1.833333333,2.885714286,2.3,6.4,23.10430484,44.39885714,0.00295362,6,6
28,9,2025,9/28/2025,16.550781,0,20.3,43,1.5,0,71,14.93,2.64,0.205,271,-0.998195433,-0.060048959,-1,-1.84E-16,2.382059337,1.357773822,11.571,2.036660733,2.25,8.9,0,0,39.9,21.1,22.54285714,45,26,51.33333333,43,2.8,3.228571429,3.9,6.4,21.48301339,50.19942857,0.000886086,7,7
29,9,2025,9/29/2025,0.030598959,0,16.2,80,3.1,1.2,99,3.53,0.76,0.257,272,-0.999079167,-0.042904758,-1,-1.84E-16,1.84164513,0.368329026,3.24,1.141819981,9.61,12.2,0,0,39.9,20.16666667,22.37142857,43,26,48,42.14285714,2.533333333,2.814285714,3.9,6.4,21.12810937,46.59971429,0.000265826,8,8
30,9,2025,9/30/2025,0.037109375,0,19,65,5.8,9.5,76,10.23,1.76,0.345,273,-0.999668468,-0.025747914,-1,-1.84E-16,2.197393324,0.769087663,6.65,4.460708447,33.64,12,1.2,1.2,41.1,18.06666667,21.41428571,43,26,59.66666667,48.14285714,2.833333333,2.342857143,3.9,3.9,19.64967656,63.29985714,0.840079748,0,0
1,10,2025,10/1/2025,0.24088542,0,18.9,54,1.7,0.3,58,13.35,2.25,0.306,274,-0.999963161,-0.008583481,-0.866025404,0.5,2.183721841,1.004512047,8.694,1.70767048,2.89,9.7,10.7,10.7,50.6,18.5,20.61428571,43,34,62.66666667,53.71428571,3.466666667,2.828571429,5.8,5.8,19.45477359,64.14992857,6.902023924,0,0
2,10,2025,10/2/2025,2.3372395,0,21.6,47,7.7,0,35,17.08,3.06,0.278,275,-0.999963161,0.008583481,-0.866025404,0.5,2.580152726,1.367480945,11.448,10.52960327,59.29,11,11,11,50.9,18.03333333,19.67142857,54,43,66.33333333,56.57142857,3.533333333,2.928571429,5.8,5.8,19.28834151,59.07496429,2.280607177,0,0
3,10,2025,10/3/2025,9.879558,0,24.1,39,9.7,0,29,16.95,3.22,0.258,276,-0.999668468,0.025747914,-0.866025404,0.5,3.001874544,1.831143472,14.701,17.76209168,94.09,11.9,9.8,11,50.9,19.83333333,19.45714286,47,43,55.33333333,55.71428571,5.066666667,3.7,7.7,7.7,19.98183906,53.03748214,0.684182153,1,1
4,10,2025,10/4/2025,6.6302085,0,23.8,46,4.7,0,38,12.25,2.39,0.247,277,-0.999079167,0.042904758,-0.866025404,0.5,2.948284305,1.592073525,12.852,7.482745566,22.09,13,0.3,11,50.9,21.53333333,19.68571429,39,39,46.66666667,54.85714286,6.366666667,4.771428571,9.7,9.7,21.21728734,46.01874107,0.205254646,2,2
5,10,2025,10/5/2025,2.5735676,0,21.9,48,3.8,0.5,30,16.15,2.84,0.238,278,-0.998195433,0.060048959,-0.866025404,0.5,2.627858844,1.366486599,11.388,5.192649076,14.44,11.5,0,11,50.9,23.16666667,20.55714286,39,39,44,53.42857143,7.366666667,4.885714286,9.7,9.7,21.99210114,46.00937054,0.061576394,3,3
6,10,2025,10/6/2025,5.278646,0,21.8,38,7,0,2,17.17,2.96,0.222,279,-0.997017526,0.077175462,-0.866025404,0.5,2.611871906,1.619360582,13.516,11.33552407,49,9.4,0.5,11.5,51.4,23.26666667,20.78571429,39,39,44.33333333,54.14285714,6.066666667,5.214285714,9.7,9.7,21.9644708,47.00468527,0.368472918,0,0
7,10,2025,10/7/2025,10.067058,0,21.3,38,9.2,0,55,10.78,2.13,0.209,280,-0.995545794,0.094279222,-0.866025404,0.5,2.533204981,1.570587088,13.206,14.44940121,84.64,8.9,0.5,10.3,51.1,22.5,21.58571429,38,38,44,48.14285714,5.166666667,5.771428571,7,9.7,21.91512956,42.50234263,0.110541875,1,1
8,10,2025,10/8/2025,0.36523438,0,22.7,53,0.7,6.8,80,12.15,2.12,0.345,281,-0.99378067,0.111355197,-0.866025404,0.5,2.758861627,1.296664965,10.669,0.907665475,0.49,13.3,0.5,0.8,35.9,21.66666667,21.91428571,38,38,41.33333333,44.28571429,6.666666667,6.257142857,9.2,9.7,21.73059069,40.25117132,0.033162563,2,2
9,10,2025,10/9/2025,0.16145833,0,17.4,64,4.2,9.3,82,12.79,2.02,0.394,282,-0.991722674,0.128398355,-0.866025404,0.5,1.987397189,0.715462988,6.264,3.00494455,17.64,10.2,6.8,7.3,39.3,21.93333333,22.45714286,38,38,43,44.14285714,5.633333333,6.114285714,9.2,9.7,22.02141348,46.62558566,4.769948769,0,0
10,10,2025,10/10/2025,0.026041666,0,15.1,70,4.5,11,79,6.02,1.03,0.4,283,-0.989372413,0.145403674,-0.866025404,0.5,1.716356408,0.514906922,4.53,2.31708115,20.25,9.1,16.1,16.6,48.3,20.46666667,21.85714286,38,38,51.66666667,46.57142857,4.7,5.614285714,9.2,9.7,20.63498944,55.31279283,7.940984631,0,0
11,10,2025,10/11/2025,0.26367188,0,15.9,65,5.9,0.1,90,5.69,1,0.394,284,-0.986730579,0.162366141,-0.866025404,0.5,1.806705129,0.632346795,5.565,3.730846091,34.81,8.9,27.1,27.6,59.3,18.4,20.57142857,53,38,62.33333333,51,3.133333333,4.871428571,4.5,9.2,18.97449261,62.65639641,10.08229539,0,0
12,10,2025,10/12/2025,0.007812503,0,13.9,65,10.3,8.8,88,8.02,1.25,0.413,285,-0.983797952,0.179280759,-0.866025404,0.5,1.588260345,0.555891121,4.865,5.725678542,106.09,6.9,20.4,27.7,59.3,16.13333333,19.44285714,64,38,66.33333333,53.71428571,4.866666667,5.042857143,5.9,9.2,18.05214482,63.82819821,3.094688617,0,0
13,10,2025,10/13/2025,0.03515625,0,17.1,56,2.5,0.9,80,10.26,1.76,0.401,286,-0.980575394,0.196142541,-0.866025404,0.5,1.950043263,0.858019036,7.524,2.145047589,6.25,8.3,19.9,36,68.1,14.96666667,18.3,65,38,66.66666667,56.14285714,6.9,5.971428571,10.3,10.3,16.80650138,64.4140991,7.088406585,0,0
14,10,2025,10/14/2025,0.26497397,0,17.2,56,3.4,0,69,12.67,2.05,0.379,287,-0.977063856,0.21294652,-0.866025404,0.5,1.962425658,0.863467289,7.568,2.935788784,11.56,8.4,9.8,36.9,69,15.63333333,17.62857143,56,38,62,58.71428571,6.233333333,5.328571429,10.3,10.3,16.89455096,60.20704955,2.756521976,0,0
15,10,2025,10/15/2025,0.5052083,0,17.6,61,0.6,0,40,12.58,2.03,0.366,288,-0.973264374,0.229687742,-0.866025404,0.5,2.012646543,0.784932152,6.864,0.470959291,0.36,9.8,9.7,36.9,69,16.06666667,17.04285714,56,53,59,61.28571429,5.4,4.5,10.3,10.3,16.98618567,58.10352478,0.826956593,1,1
16,10,2025,10/16/2025,1.4049479,0,16.7,66,3.6,0,45,12.32,1.93,0.351,289,-0.969178065,0.246361274,-0.866025404,0.5,1.901195309,0.646406405,5.678,2.327063058,12.96,9.9,0.9,30.1,69,17.3,16.31428571,56,56,57.66666667,62.42857143,2.166666667,4.485714286,3.4,10.3,17.17032997,59.55176239,0.248086978,2,2
17,10,2025,10/17/2025,2.6835938,0,18.3,55,6.5,0,55,14.21,2.3,0.338,290,-0.964806136,0.262962203,-0.866025404,0.5,2.103245085,0.946460288,8.235,6.151991873,42.25,9.3,0,20.8,69,17.16666667,16.21428571,56,56,61,62.71428571,2.533333333,4.4,3.6,10.3,17.02923098,62.77588119,0.074426093,3,3
18,10,2025,10/18/2025,3.2460938,0,19.6,49,2.9,0,41,12.98,2.24,0.333,291,-0.960149874,0.279485635,-0.866025404,0.5,2.281005773,1.163312944,9.996,3.373607538,8.41,9.4,0,9.8,69,17.53333333,16.67142857,55,55,60.66666667,60.57142857,3.566666667,4.685714286,6.5,10.3,17.41046169,58.8879406,0.022327828,4,4
19,10,2025,10/19/2025,0.084635414,0,19.6,60,4,2.4,87,7.93,1.31,0.372,292,-0.955210651,0.295926701,-0.866025404,0.5,2.281005773,0.912402309,7.84,3.649609237,16,11.6,0,9.7,56.8,18.2,17.2,49,49,56.66666667,58.28571429,4.333333333,4.257142857,6.5,10.3,18.06732318,53.9439703,0.006698348,5,5
20,10,2025,10/20/2025,0.014648438,0,14.9,59,2,10.8,52,11.7,1.82,0.379,293,-0.949989923,0.312280557,-0.866025404,0.5,1.694398038,0.694703196,6.109,1.389406391,4,6.7,2.4,3.3,53.9,19.16666667,18.01428571,49,49,54.66666667,57.57142857,4.466666667,3.357142857,6.5,6.5,18.52712623,56.97198515,1.682009505,0,0
21,10,2025,10/21/2025,0.28450522,0,14.6,55,4.1,0,29,14.71,2.13,0.356,294,-0.944489229,0.328542382,-0.866025404,0.5,1.661922381,0.747865071,6.57,3.066246793,16.81,5.6,13.2,13.2,61.6,18.03333333,17.7,49,49,56,58,2.966666667,3.285714286,4,6.5,17.43898836,57.98599257,8.064602851,0,0
22,10,2025,10/22/2025,0.5286458,0,18.2,52,9.5,0,82,10.21,1.74,0.361,295,-0.938710189,0.344707384,-0.866025404,0.5,2.090087801,1.003242145,8.736,9.530800373,90.25,8.6,13.2,13.2,61.6,16.36666667,17.32857143,55,49,58,57.85714286,3.366666667,3.385714286,4.1,6.5,16.58729185,56.49299629,2.419380855,1,1
23,10,2025,10/23/2025,0.6458333,0,15.5,85,5.5,4.5,92,7.08,1.11,0.395,296,-0.932654508,0.360770799,-0.866025404,0.5,1.761022898,0.264153435,2.325,1.452843891,30.25,12.5,10.8,13.2,61.6,15.9,17.41428571,52,49,55.33333333,56.57142857,5.2,4.657142857,9.5,9.5,17.0711043,54.24649814,0.725814257,2,2
24,10,2025,10/24/2025,1.3300781,0,21.7,62,3.8,34.4,50,11.29,1.95,0.393,297,-0.926323968,0.376727894,-0.866025404,0.5,2.595969994,0.986468598,8.246,3.748580672,14.44,14.1,4.5,17.7,66.1,16.1,17.24285714,52,49,64,59.28571429,6.366666667,4.928571429,9.5,9.5,16.59977301,69.62324907,3.367744277,0,0
25,10,2025,10/25/2025,0.022135416,0,16.7,81,7.2,6.7,95,7.47,1.28,0.415,298,-0.919720437,0.392573965,-0.866025404,0.5,1.901195309,0.361227109,3.173,2.600835183,51.84,12.9,38.9,52.1,100.5,18.46666667,17.72857143,52,49,66.33333333,60.28571429,6.266666667,4.542857143,9.5,9.5,18.1298411,65.81162454,25.09032328,0,0
26,10,2025,10/26/2025,0.22070312,0,18.9,62,5,7.9,74,12.57,1.97,0.402,299,-0.91284586,0.408304342,-0.866025404,0.5,2.183721841,0.8298143,7.182,4.149071499,25,11.3,45.6,58.8,107.2,17.96666667,17.31428571,62,52,76,64.85714286,5.5,5.157142857,7.2,9.5,17.70088877,73.40581227,12.21709698,0,0
27,10,2025,10/27/2025,2.2389324,0,23.3,47,3,0,56,12.52,2.35,0.391,300,-0.905702263,0.423914391,-0.866025404,0.5,2.86082113,1.516235199,12.349,4.548705596,9,12.7,49,64.3,115.1,19.1,17.21428571,62,52,68.33333333,65.14285714,5.333333333,5.3,7.2,9.5,18.06062214,67.70290613,9.195129095,0,0
28,10,2025,10/28/2025,0.2981771,0,18.7,70,4.1,2.5,97,6.66,1.15,0.403,301,-0.898291752,0.43939951,-0.866025404,0.5,2.15660198,0.646980594,5.61,2.652620435,16.81,12.7,14.6,53.5,115.1,19.63333333,18.41428571,47,47,63.33333333,63.42857143,5.066666667,5.442857143,7.2,9.5,19.6324355,57.35145307,2.758538729,1,1
29,10,2025,10/29/2025,0.024739586,0,15.9,52,7.3,9,44,9.06,1.42,0.415,302,-0.890616509,0.454755136,-0.866025404,0.5,1.806705129,0.867218462,7.632,6.330694772,53.29,6.3,10.4,56,117.6,20.3,19,47,47,59.66666667,65.57142857,4.033333333,5.442857143,5,9.5,19.35270485,63.67572653,2.577561619,0,0
30,10,2025,10/30/2025,0.37955728,0,14.9,48,6.8,0,2,13.33,1.92,0.398,303,-0.882678798,0.469976743,-0.866025404,0.5,1.694398038,0.88108698,7.748,5.991391462,46.24,4.5,11.5,65,125.4,19.3,18.67142857,47,47,56.33333333,65.57142857,4.8,5.128571429,7.3,7.3,18.31689339,57.83786327,7.073268486,0,0
31,10,2025,10/31/2025,0.8151042,0,14.1,54,2.4,0,51,12.59,1.91,0.403,304,-0.874480958,0.485059846,-0.866025404,0.5,1.609008439,0.740143882,6.486,1.776345317,5.76,4.9,11.5,60.5,115.9,16.5,18.58571429,48,47,56.66666667,60.28571429,6.066666667,5.314285714,7.3,7.3,17.29182538,52.91893163,2.121980546,1,1
